statistics_code;statistics_label;time_code;time_label;time;1_variable_code;1_variable_label;1_variable_attribute_code;1_variable_attribute_label;2_variable_code;2_variable_label;2_variable_attribute_code;2_variable_attribute_label;value;value_unit;value_variable_code;value_variable_label
13211;Arbeitsmarktstatistik der Bundesagentur für Arbeit;JAHR;Jahr;2025;DLAND;Bundesländer;13;Mecklenburg-Vorpommern;ERWAQ8;Arbeitslosenquote nach Schwerpunkten;ARBEITSQUO05;Männer;8,8;Prozent;ERWP10;Arbeitslosenquote bez. auf alle zivile Erwerbsp.
13211;Arbeitsmarktstatistik der Bundesagentur für Arbeit;JAHR;Jahr;2019;DLAND;Bundesländer;01;Schleswig-Holstein;ERWAQ8;Arbeitslosenquote nach Schwerpunkten;ARBEITSQUO05;Männer;5,4;Prozent;ERWP10;Arbeitslosenquote bez. auf alle zivile Erwerbsp.
13211;Arbeitsmarktstatistik der Bundesagentur für Arbeit;JAHR;Jahr;2017;DLAND;Bundesländer;10;Saarland;ERWAQ8;Arbeitslosenquote nach Schwerpunkten;ARBEITSQUO05;Männer;7,1;Prozent;ERWP10;Arbeitslosenquote bez. auf alle zivile Erwerbsp.
13211;Arbeitsmarktstatistik der Bundesagentur für Arbeit;JAHR;Jahr;2020;DLAND;Bundesländer;03;Niedersachsen;ERWAQ8;Arbeitslosenquote nach Schwerpunkten;ARBEITSQUO07;ausländisch;17,1;Prozent;ERWP10;Arbeitslosenquote bez. auf alle zivile Erwerbsp.
13211;Arbeitsmarktstatistik der Bundesagentur für Arbeit;JAHR;Jahr;2025;DLAND;Bundesländer;12;Brandenburg;ERWAQ8;Arbeitslosenquote nach Schwerpunkten;ARBEITSQUO09;15 bis unter 25 Jahre;6,9;Prozent;ERWP10;Arbeitslosenquote bez. auf alle zivile Erwerbsp.
13211;Arbeitsmarktstatistik der Bundesagentur für Arbeit;JAHR;Jahr;2024;DLAND;Bundesländer;08;Baden-Württemberg;ERWAQ8;Arbeitslosenquote nach Schwerpunkten;ARBEITSQUO07;ausländisch;10,1;Prozent;ERWP10;Arbeitslosenquote bez. auf alle zivile Erwerbsp.
13211;Arbeitsmarktstatistik der Bundesagentur für Arbeit;JAHR;Jahr;2023;DLAND;Bundesländer;07;Rheinland-Pfalz;ERWAQ8;Arbeitslosenquote nach Schwerpunkten;ARBEITSQUO07;ausländisch;13,3;Prozent;ERWP10;Arbeitslosenquote bez. auf alle zivile Erwerbsp.
13211;Arbeitsmarktstatistik der Bundesagentur für Arbeit;JAHR;Jahr;2018;DLAND;Bundesländer;11;Berlin;ERWAQ8;Arbeitslosenquote nach Schwerpunkten;ARBEITSQUO05;Männer;8,8;Prozent;ERWP10;Arbeitslosenquote bez. auf alle zivile Erwerbsp.
13211;Arbeitsmarktstatistik der Bundesagentur für Arbeit;JAHR;Jahr;2024;DLAND;Bundesländer;12;Brandenburg;ERWAQ8;Arbeitslosenquote nach Schwerpunkten;ARBEITSQUO05;Männer;6,6;Prozent;ERWP10;Arbeitslosenquote bez. auf alle zivile Erwerbsp.
13211;Arbeitsmarktstatistik der Bundesagentur für Arbeit;JAHR;Jahr;2021;DLAND;Bundesländer;16;Thüringen;ERWAQ8;Arbeitslosenquote nach Schwerpunkten;ARBEITSQUO07;ausländisch;14,1;Prozent;ERWP10;Arbeitslosenquote bez. auf alle zivile Erwerbsp.
13211;Arbeitsmarktstatistik der Bundesagentur für Arbeit;JAHR;Jahr;2018;DLAND;Bundesländer;10;Saarland;ERWAQ8;Arbeitslosenquote nach Schwerpunkten;ARBEITSQUO09;15 bis unter 25 Jahre;5,1;Prozent;ERWP10;Arbeitslosenquote bez. auf alle zivile Erwerbsp.
13211;Arbeitsmarktstatistik der Bundesagentur für Arbeit;JAHR;Jahr;2019;DLAND;Bundesländer;09;Bayern;ERWAQ8;Arbeitslosenquote nach Schwerpunkten;ARBEITSQUO07;ausländisch;6,4;Prozent;ERWP10;Arbeitslosenquote bez. auf alle zivile Erwerbsp.
13211;Arbeitsmarktstatistik der Bundesagentur für Arbeit;JAHR;Jahr;2023;DLAND;Bundesländer;11;Berlin;ERWAQ8;Arbeitslosenquote nach Schwerpunkten;ARBEITSQUO05;Männer;9,4;Prozent;ERWP10;Arbeitslosenquote bez. auf alle zivile Erwerbsp.
13211;Arbeitsmarktstatistik der Bundesagentur für Arbeit;JAHR;Jahr;2025;DLAND;Bundesländer;01;Schleswig-Holstein;ERWAQ8;Arbeitslosenquote nach Schwerpunkten;ARBEITSQUO05;Männer;6,3;Prozent;ERWP10;Arbeitslosenquote bez. auf alle zivile Erwerbsp.
13211;Arbeitsmarktstatistik der Bundesagentur für Arbeit;JAHR;Jahr;2022;DLAND;Bundesländer;06;Hessen;ERWAQ8;Arbeitslosenquote nach Schwerpunkten;ARBEITSQUO07;ausländisch;11,9;Prozent;ERWP10;Arbeitslosenquote bez. auf alle zivile Erwerbsp.
13211;Arbeitsmarktstatistik der Bundesagentur für Arbeit;JAHR;Jahr;2019;DLAND;Bundesländer;12;Brandenburg;ERWAQ8;Arbeitslosenquote nach Schwerpunkten;ARBEITSQUO05;Männer;6,3;Prozent;ERWP10;Arbeitslosenquote bez. auf alle zivile Erwerbsp.
13211;Arbeitsmarktstatistik der Bundesagentur für Arbeit;JAHR;Jahr;2020;DLAND;Bundesländer;14;Sachsen;ERWAQ8;Arbeitslosenquote nach Schwerpunkten;ARBEITSQUO07;ausländisch;20,0;Prozent;ERWP10;Arbeitslosenquote bez. auf alle zivile Erwerbsp.
13211;Arbeitsmarktstatistik der Bundesagentur für Arbeit;JAHR;Jahr;2018;DLAND;Bundesländer;08;Baden-Württemberg;ERWAQ8;Arbeitslosenquote nach Schwerpunkten;ARBEITSQUO07;ausländisch;7,4;Prozent;ERWP10;Arbeitslosenquote bez. auf alle zivile Erwerbsp.
13211;Arbeitsmarktstatistik der Bundesagentur für Arbeit;JAHR;Jahr;2019;DLAND;Bundesländer;11;Berlin;ERWAQ8;Arbeitslosenquote nach Schwerpunkten;ARBEITSQUO09;15 bis unter 25 Jahre;8,0;Prozent;ERWP10;Arbeitslosenquote bez. auf alle zivile Erwerbsp.
13211;Arbeitsmarktstatistik der Bundesagentur für Arbeit;JAHR;Jahr;2025;DLAND;Bundesländer;01;Schleswig-Holstein;ERWAQ8;Arbeitslosenquote nach Schwerpunkten;ARBEITSQUO09;15 bis unter 25 Jahre;5,8;Prozent;ERWP10;Arbeitslosenquote bez. auf alle zivile Erwerbsp.
13211;Arbeitsmarktstatistik der Bundesagentur für Arbeit;JAHR;Jahr;2021;DLAND;Bundesländer;09;Bayern;ERWAQ8;Arbeitslosenquote nach Schwerpunkten;ARBEITSQUO06;Frauen;3,3;Prozent;ERWP10;Arbeitslosenquote bez. auf alle zivile Erwerbsp.
13211;Arbeitsmarktstatistik der Bundesagentur für Arbeit;JAHR;Jahr;2024;DLAND;Bundesländer;01;Schleswig-Holstein;ERWAQ8;Arbeitslosenquote nach Schwerpunkten;ARBEITSQUO05;Männer;6,1;Prozent;ERWP10;Arbeitslosenquote bez. auf alle zivile Erwerbsp.
13211;Arbeitsmarktstatistik der Bundesagentur für Arbeit;JAHR;Jahr;2017;DLAND;Bundesländer;06;Hessen;ERWAQ8;Arbeitslosenquote nach Schwerpunkten;ARBEITSQUO07;ausländisch;12,6;Prozent;ERWP10;Arbeitslosenquote bez. auf alle zivile Erwerbsp.
13211;Arbeitsmarktstatistik der Bundesagentur für Arbeit;JAHR;Jahr;2021;DLAND;Bundesländer;04;Bremen;ERWAQ8;Arbeitslosenquote nach Schwerpunkten;ARBEITSQUO07;ausländisch;24,7;Prozent;ERWP10;Arbeitslosenquote bez. auf alle zivile Erwerbsp.
13211;Arbeitsmarktstatistik der Bundesagentur für Arbeit;JAHR;Jahr;2025;DLAND;Bundesländer;09;Bayern;ERWAQ8;Arbeitslosenquote nach Schwerpunkten;ARBEITSQUO07;ausländisch;9,0;Prozent;ERWP10;Arbeitslosenquote bez. auf alle zivile Erwerbsp.
13211;Arbeitsmarktstatistik der Bundesagentur für Arbeit;JAHR;Jahr;2020;DLAND;Bundesländer;07;Rheinland-Pfalz;ERWAQ8;Arbeitslosenquote nach Schwerpunkten;ARBEITSQUO06;Frauen;4,9;Prozent;ERWP10;Arbeitslosenquote bez. auf alle zivile Erwerbsp.
13211;Arbeitsmarktstatistik der Bundesagentur für Arbeit;JAHR;Jahr;2024;DLAND;Bundesländer;11;Berlin;ERWAQ8;Arbeitslosenquote nach Schwerpunkten;ARBEITSQUO09;15 bis unter 25 Jahre;9,0;Prozent;ERWP10;Arbeitslosenquote bez. auf alle zivile Erwerbsp.
13211;Arbeitsmarktstatistik der Bundesagentur für Arbeit;JAHR;Jahr;2024;DLAND;Bundesländer;09;Bayern;ERWAQ8;Arbeitslosenquote nach Schwerpunkten;ARBEITSQUO07;ausländisch;8,8;Prozent;ERWP10;Arbeitslosenquote bez. auf alle zivile Erwerbsp.
13211;Arbeitsmarktstatistik der Bundesagentur für Arbeit;JAHR;Jahr;2022;DLAND;Bundesländer;16;Thüringen;ERWAQ8;Arbeitslosenquote nach Schwerpunkten;ARBEITSQUO07;ausländisch;17,0;Prozent;ERWP10;Arbeitslosenquote bez. auf alle zivile Erwerbsp.
13211;Arbeitsmarktstatistik der Bundesagentur für Arbeit;JAHR;Jahr;2025;DLAND;Bundesländer;12;Brandenburg;ERWAQ8;Arbeitslosenquote nach Schwerpunkten;ARBEITSQUO05;Männer;6,9;Prozent;ERWP10;Arbeitslosenquote bez. auf alle zivile Erwerbsp.
13211;Arbeitsmarktstatistik der Bundesagentur für Arbeit;JAHR;Jahr;2020;DLAND;Bundesländer;02;Hamburg;ERWAQ8;Arbeitslosenquote nach Schwerpunkten;ARBEITSQUO07;ausländisch;16,8;Prozent;ERWP10;Arbeitslosenquote bez. auf alle zivile Erwerbsp.
13211;Arbeitsmarktstatistik der Bundesagentur für Arbeit;JAHR;Jahr;2017;DLAND;Bundesländer;11;Berlin;ERWAQ8;Arbeitslosenquote nach Schwerpunkten;ARBEITSQUO05;Männer;9,7;Prozent;ERWP10;Arbeitslosenquote bez. auf alle zivile Erwerbsp.
13211;Arbeitsmarktstatistik der Bundesagentur für Arbeit;JAHR;Jahr;2025;DLAND;Bundesländer;11;Berlin;ERWAQ8;Arbeitslosenquote nach Schwerpunkten;ARBEITSQUO09;15 bis unter 25 Jahre;9,3;Prozent;ERWP10;Arbeitslosenquote bez. auf alle zivile Erwerbsp.
13211;Arbeitsmarktstatistik der Bundesagentur für Arbeit;JAHR;Jahr;2019;DLAND;Bundesländer;01;Schleswig-Holstein;ERWAQ8;Arbeitslosenquote nach Schwerpunkten;ARBEITSQUO09;15 bis unter 25 Jahre;4,7;Prozent;ERWP10;Arbeitslosenquote bez. auf alle zivile Erwerbsp.
13211;Arbeitsmarktstatistik der Bundesagentur für Arbeit;JAHR;Jahr;2023;DLAND;Bundesländer;06;Hessen;ERWAQ8;Arbeitslosenquote nach Schwerpunkten;ARBEITSQUO07;ausländisch;13,7;Prozent;ERWP10;Arbeitslosenquote bez. auf alle zivile Erwerbsp.
13211;Arbeitsmarktstatistik der Bundesagentur für Arbeit;JAHR;Jahr;2021;DLAND;Bundesländer;15;Sachsen-Anhalt;ERWAQ8;Arbeitslosenquote nach Schwerpunkten;ARBEITSQUO07;ausländisch;18,9;Prozent;ERWP10;Arbeitslosenquote bez. auf alle zivile Erwerbsp.
13211;Arbeitsmarktstatistik der Bundesagentur für Arbeit;JAHR;Jahr;2024;DLAND;Bundesländer;13;Mecklenburg-Vorpommern;ERWAQ8;Arbeitslosenquote nach Schwerpunkten;ARBEITSQUO05;Männer;8,7;Prozent;ERWP10;Arbeitslosenquote bez. auf alle zivile Erwerbsp.
13211;Arbeitsmarktstatistik der Bundesagentur für Arbeit;JAHR;Jahr;2018;DLAND;Bundesländer;10;Saarland;ERWAQ8;Arbeitslosenquote nach Schwerpunkten;ARBEITSQUO05;Männer;6,5;Prozent;ERWP10;Arbeitslosenquote bez. auf alle zivile Erwerbsp.
13211;Arbeitsmarktstatistik der Bundesagentur für Arbeit;JAHR;Jahr;2018;DLAND;Bundesländer;11;Berlin;ERWAQ8;Arbeitslosenquote nach Schwerpunkten;ARBEITSQUO09;15 bis unter 25 Jahre;8,5;Prozent;ERWP10;Arbeitslosenquote bez. auf alle zivile Erwerbsp.
13211;Arbeitsmarktstatistik der Bundesagentur für Arbeit;JAHR;Jahr;2023;DLAND;Bundesländer;12;Brandenburg;ERWAQ8;Arbeitslosenquote nach Schwerpunkten;ARBEITSQUO05;Männer;6,3;Prozent;ERWP10;Arbeitslosenquote bez. auf alle zivile Erwerbsp.
13211;Arbeitsmarktstatistik der Bundesagentur für Arbeit;JAHR;Jahr;2022;DLAND;Bundesländer;10;Saarland;ERWAQ8;Arbeitslosenquote nach Schwerpunkten;ARBEITSQUO09;15 bis unter 25 Jahre;4,4;Prozent;ERWP10;Arbeitslosenquote bez. auf alle zivile Erwerbsp.
13211;Arbeitsmarktstatistik der Bundesagentur für Arbeit;JAHR;Jahr;2022;DLAND;Bundesländer;05;Nordrhein-Westfalen;ERWAQ8;Arbeitslosenquote nach Schwerpunkten;ARBEITSQUO07;ausländisch;18,9;Prozent;ERWP10;Arbeitslosenquote bez. auf alle zivile Erwerbsp.
13211;Arbeitsmarktstatistik der Bundesagentur für Arbeit;JAHR;Jahr;2019;DLAND;Bundesländer;11;Berlin;ERWAQ8;Arbeitslosenquote nach Schwerpunkten;ARBEITSQUO05;Männer;8,4;Prozent;ERWP10;Arbeitslosenquote bez. auf alle zivile Erwerbsp.
13211;Arbeitsmarktstatistik der Bundesagentur für Arbeit;JAHR;Jahr;2018;DLAND;Bundesländer;09;Bayern;ERWAQ8;Arbeitslosenquote nach Schwerpunkten;ARBEITSQUO07;ausländisch;6,9;Prozent;ERWP10;Arbeitslosenquote bez. auf alle zivile Erwerbsp.
13211;Arbeitsmarktstatistik der Bundesagentur für Arbeit;JAHR;Jahr;2020;DLAND;Bundesländer;13;Mecklenburg-Vorpommern;ERWAQ8;Arbeitslosenquote nach Schwerpunkten;ARBEITSQUO07;ausländisch;17,8;Prozent;ERWP10;Arbeitslosenquote bez. auf alle zivile Erwerbsp.
13211;Arbeitsmarktstatistik der Bundesagentur für Arbeit;JAHR;Jahr;2019;DLAND;Bundesländer;12;Brandenburg;ERWAQ8;Arbeitslosenquote nach Schwerpunkten;ARBEITSQUO09;15 bis unter 25 Jahre;6,5;Prozent;ERWP10;Arbeitslosenquote bez. auf alle zivile Erwerbsp.
13211;Arbeitsmarktstatistik der Bundesagentur für Arbeit;JAHR;Jahr;2024;DLAND;Bundesländer;02;Hamburg;ERWAQ8;Arbeitslosenquote nach Schwerpunkten;ARBEITSQUO05;Männer;8,2;Prozent;ERWP10;Arbeitslosenquote bez. auf alle zivile Erwerbsp.
13211;Arbeitsmarktstatistik der Bundesagentur für Arbeit;JAHR;Jahr;2022;DLAND;Bundesländer;10;Saarland;ERWAQ8;Arbeitslosenquote nach Schwerpunkten;ARBEITSQUO05;Männer;6,6;Prozent;ERWP10;Arbeitslosenquote bez. auf alle zivile Erwerbsp.
13211;Arbeitsmarktstatistik der Bundesagentur für Arbeit;JAHR;Jahr;2021;DLAND;Bundesländer;03;Niedersachsen;ERWAQ8;Arbeitslosenquote nach Schwerpunkten;ARBEITSQUO07;ausländisch;16,2;Prozent;ERWP10;Arbeitslosenquote bez. auf alle zivile Erwerbsp.
13211;Arbeitsmarktstatistik der Bundesagentur für Arbeit;JAHR;Jahr;2017;DLAND;Bundesländer;07;Rheinland-Pfalz;ERWAQ8;Arbeitslosenquote nach Schwerpunkten;ARBEITSQUO07;ausländisch;13,4;Prozent;ERWP10;Arbeitslosenquote bez. auf alle zivile Erwerbsp.
13211;Arbeitsmarktstatistik der Bundesagentur für Arbeit;JAHR;Jahr;2020;DLAND;Bundesländer;08;Baden-Württemberg;ERWAQ8;Arbeitslosenquote nach Schwerpunkten;ARBEITSQUO06;Frauen;3,8;Prozent;ERWP10;Arbeitslosenquote bez. auf alle zivile Erwerbsp.
13211;Arbeitsmarktstatistik der Bundesagentur für Arbeit;JAHR;Jahr;2024;DLAND;Bundesländer;10;Saarland;ERWAQ8;Arbeitslosenquote nach Schwerpunkten;ARBEITSQUO09;15 bis unter 25 Jahre;5,8;Prozent;ERWP10;Arbeitslosenquote bez. auf alle zivile Erwerbsp.
13211;Arbeitsmarktstatistik der Bundesagentur für Arbeit;JAHR;Jahr;2019;DLAND;Bundesländer;03;Niedersachsen;ERWAQ8;Arbeitslosenquote nach Schwerpunkten;ARBEITSQUO05;Männer;5,2;Prozent;ERWP10;Arbeitslosenquote bez. auf alle zivile Erwerbsp.
13211;Arbeitsmarktstatistik der Bundesagentur für Arbeit;JAHR;Jahr;2025;DLAND;Bundesländer;11;Berlin;ERWAQ8;Arbeitslosenquote nach Schwerpunkten;ARBEITSQUO05;Männer;10,6;Prozent;ERWP10;Arbeitslosenquote bez. auf alle zivile Erwerbsp.
13211;Arbeitsmarktstatistik der Bundesagentur für Arbeit;JAHR;Jahr;2020;DLAND;Bundesländer;05;Nordrhein-Westfalen;ERWAQ8;Arbeitslosenquote nach Schwerpunkten;ARBEITSQUO07;ausländisch;20,3;Prozent;ERWP10;Arbeitslosenquote bez. auf alle zivile Erwerbsp.
13211;Arbeitsmarktstatistik der Bundesagentur für Arbeit;JAHR;Jahr;2025;DLAND;Bundesländer;14;Sachsen;ERWAQ8;Arbeitslosenquote nach Schwerpunkten;ARBEITSQUO09;15 bis unter 25 Jahre;7,3;Prozent;ERWP10;Arbeitslosenquote bez. auf alle zivile Erwerbsp.
13211;Arbeitsmarktstatistik der Bundesagentur für Arbeit;JAHR;Jahr;2024;DLAND;Bundesländer;10;Saarland;ERWAQ8;Arbeitslosenquote nach Schwerpunkten;ARBEITSQUO05;Männer;7,5;Prozent;ERWP10;Arbeitslosenquote bez. auf alle zivile Erwerbsp.
13211;Arbeitsmarktstatistik der Bundesagentur für Arbeit;JAHR;Jahr;2023;DLAND;Bundesländer;05;Nordrhein-Westfalen;ERWAQ8;Arbeitslosenquote nach Schwerpunkten;ARBEITSQUO07;ausländisch;20,3;Prozent;ERWP10;Arbeitslosenquote bez. auf alle zivile Erwerbsp.
13211;Arbeitsmarktstatistik der Bundesagentur für Arbeit;JAHR;Jahr;2021;DLAND;Bundesländer;14;Sachsen;ERWAQ8;Arbeitslosenquote nach Schwerpunkten;ARBEITSQUO07;ausländisch;17,8;Prozent;ERWP10;Arbeitslosenquote bez. auf alle zivile Erwerbsp.
13211;Arbeitsmarktstatistik der Bundesagentur für Arbeit;JAHR;Jahr;2018;DLAND;Bundesländer;12;Brandenburg;ERWAQ8;Arbeitslosenquote nach Schwerpunkten;ARBEITSQUO09;15 bis unter 25 Jahre;7,0;Prozent;ERWP10;Arbeitslosenquote bez. auf alle zivile Erwerbsp.
13211;Arbeitsmarktstatistik der Bundesagentur für Arbeit;JAHR;Jahr;2018;DLAND;Bundesländer;05;Nordrhein-Westfalen;ERWAQ8;Arbeitslosenquote nach Schwerpunkten;ARBEITSQUO07;ausländisch;18,4;Prozent;ERWP10;Arbeitslosenquote bez. auf alle zivile Erwerbsp.
13211;Arbeitsmarktstatistik der Bundesagentur für Arbeit;JAHR;Jahr;2023;DLAND;Bundesländer;13;Mecklenburg-Vorpommern;ERWAQ8;Arbeitslosenquote nach Schwerpunkten;ARBEITSQUO05;Männer;8,3;Prozent;ERWP10;Arbeitslosenquote bez. auf alle zivile Erwerbsp.
13211;Arbeitsmarktstatistik der Bundesagentur für Arbeit;JAHR;Jahr;2022;DLAND;Bundesländer;11;Berlin;ERWAQ8;Arbeitslosenquote nach Schwerpunkten;ARBEITSQUO09;15 bis unter 25 Jahre;8,8;Prozent;ERWP10;Arbeitslosenquote bez. auf alle zivile Erwerbsp.
13211;Arbeitsmarktstatistik der Bundesagentur für Arbeit;JAHR;Jahr;2019;DLAND;Bundesländer;14;Sachsen;ERWAQ8;Arbeitslosenquote nach Schwerpunkten;ARBEITSQUO05;Männer;5,9;Prozent;ERWP10;Arbeitslosenquote bez. auf alle zivile Erwerbsp.
13211;Arbeitsmarktstatistik der Bundesagentur für Arbeit;JAHR;Jahr;2018;DLAND;Bundesländer;06;Hessen;ERWAQ8;Arbeitslosenquote nach Schwerpunkten;ARBEITSQUO07;ausländisch;11,3;Prozent;ERWP10;Arbeitslosenquote bez. auf alle zivile Erwerbsp.
13211;Arbeitsmarktstatistik der Bundesagentur für Arbeit;JAHR;Jahr;2020;DLAND;Bundesländer;16;Thüringen;ERWAQ8;Arbeitslosenquote nach Schwerpunkten;ARBEITSQUO07;ausländisch;16,8;Prozent;ERWP10;Arbeitslosenquote bez. auf alle zivile Erwerbsp.
13211;Arbeitsmarktstatistik der Bundesagentur für Arbeit;JAHR;Jahr;2025;DLAND;Bundesländer;03;Niedersachsen;ERWAQ8;Arbeitslosenquote nach Schwerpunkten;ARBEITSQUO09;15 bis unter 25 Jahre;5,7;Prozent;ERWP10;Arbeitslosenquote bez. auf alle zivile Erwerbsp.
13211;Arbeitsmarktstatistik der Bundesagentur für Arbeit;JAHR;Jahr;2022;DLAND;Bundesländer;08;Baden-Württemberg;ERWAQ8;Arbeitslosenquote nach Schwerpunkten;ARBEITSQUO07;ausländisch;8,2;Prozent;ERWP10;Arbeitslosenquote bez. auf alle zivile Erwerbsp.
13211;Arbeitsmarktstatistik der Bundesagentur für Arbeit;JAHR;Jahr;2021;DLAND;Bundesländer;07;Rheinland-Pfalz;ERWAQ8;Arbeitslosenquote nach Schwerpunkten;ARBEITSQUO06;Frauen;4,7;Prozent;ERWP10;Arbeitslosenquote bez. auf alle zivile Erwerbsp.
13211;Arbeitsmarktstatistik der Bundesagentur für Arbeit;JAHR;Jahr;2017;DLAND;Bundesländer;09;Bayern;ERWAQ8;Arbeitslosenquote nach Schwerpunkten;ARBEITSQUO06;Frauen;3,0;Prozent;ERWP10;Arbeitslosenquote bez. auf alle zivile Erwerbsp.
13211;Arbeitsmarktstatistik der Bundesagentur für Arbeit;JAHR;Jahr;2023;DLAND;Bundesländer;11;Berlin;ERWAQ8;Arbeitslosenquote nach Schwerpunkten;ARBEITSQUO09;15 bis unter 25 Jahre;8,7;Prozent;ERWP10;Arbeitslosenquote bez. auf alle zivile Erwerbsp.
13211;Arbeitsmarktstatistik der Bundesagentur für Arbeit;JAHR;Jahr;2025;DLAND;Bundesländer;11;Berlin;ERWAQ8;Arbeitslosenquote nach Schwerpunkten;ARBEITSQUO06;Frauen;9,9;Prozent;ERWP10;Arbeitslosenquote bez. auf alle zivile Erwerbsp.
13211;Arbeitsmarktstatistik der Bundesagentur für Arbeit;JAHR;Jahr;2025;DLAND;Bundesländer;15;Sachsen-Anhalt;ERWAQ8;Arbeitslosenquote nach Schwerpunkten;ARBEITSQUO09;15 bis unter 25 Jahre;8,8;Prozent;ERWP10;Arbeitslosenquote bez. auf alle zivile Erwerbsp.
13211;Arbeitsmarktstatistik der Bundesagentur für Arbeit;JAHR;Jahr;2017;DLAND;Bundesländer;08;Baden-Württemberg;ERWAQ8;Arbeitslosenquote nach Schwerpunkten;ARBEITSQUO07;ausländisch;8,4;Prozent;ERWP10;Arbeitslosenquote bez. auf alle zivile Erwerbsp.
13211;Arbeitsmarktstatistik der Bundesagentur für Arbeit;JAHR;Jahr;2021;DLAND;Bundesländer;02;Hamburg;ERWAQ8;Arbeitslosenquote nach Schwerpunkten;ARBEITSQUO07;ausländisch;16,1;Prozent;ERWP10;Arbeitslosenquote bez. auf alle zivile Erwerbsp.
13211;Arbeitsmarktstatistik der Bundesagentur für Arbeit;JAHR;Jahr;2020;DLAND;Bundesländer;09;Bayern;ERWAQ8;Arbeitslosenquote nach Schwerpunkten;ARBEITSQUO06;Frauen;3,4;Prozent;ERWP10;Arbeitslosenquote bez. auf alle zivile Erwerbsp.
13211;Arbeitsmarktstatistik der Bundesagentur für Arbeit;JAHR;Jahr;2025;DLAND;Bundesländer;10;Saarland;ERWAQ8;Arbeitslosenquote nach Schwerpunkten;ARBEITSQUO05;Männer;8,0;Prozent;ERWP10;Arbeitslosenquote bez. auf alle zivile Erwerbsp.
13211;Arbeitsmarktstatistik der Bundesagentur für Arbeit;JAHR;Jahr;2025;DLAND;Bundesländer;07;Rheinland-Pfalz;ERWAQ8;Arbeitslosenquote nach Schwerpunkten;ARBEITSQUO07;ausländisch;13,5;Prozent;ERWP10;Arbeitslosenquote bez. auf alle zivile Erwerbsp.
13211;Arbeitsmarktstatistik der Bundesagentur für Arbeit;JAHR;Jahr;2021;DLAND;Bundesländer;11;Berlin;ERWAQ8;Arbeitslosenquote nach Schwerpunkten;ARBEITSQUO05;Männer;10,4;Prozent;ERWP10;Arbeitslosenquote bez. auf alle zivile Erwerbsp.
13211;Arbeitsmarktstatistik der Bundesagentur für Arbeit;JAHR;Jahr;2023;DLAND;Bundesländer;01;Schleswig-Holstein;ERWAQ8;Arbeitslosenquote nach Schwerpunkten;ARBEITSQUO05;Männer;5,8;Prozent;ERWP10;Arbeitslosenquote bez. auf alle zivile Erwerbsp.
13211;Arbeitsmarktstatistik der Bundesagentur für Arbeit;JAHR;Jahr;2019;DLAND;Bundesländer;02;Hamburg;ERWAQ8;Arbeitslosenquote nach Schwerpunkten;ARBEITSQUO05;Männer;6,5;Prozent;ERWP10;Arbeitslosenquote bez. auf alle zivile Erwerbsp.
13211;Arbeitsmarktstatistik der Bundesagentur für Arbeit;JAHR;Jahr;2020;DLAND;Bundesländer;04;Bremen;ERWAQ8;Arbeitslosenquote nach Schwerpunkten;ARBEITSQUO07;ausländisch;26,3;Prozent;ERWP10;Arbeitslosenquote bez. auf alle zivile Erwerbsp.
13211;Arbeitsmarktstatistik der Bundesagentur für Arbeit;JAHR;Jahr;2025;DLAND;Bundesländer;13;Mecklenburg-Vorpommern;ERWAQ8;Arbeitslosenquote nach Schwerpunkten;ARBEITSQUO09;15 bis unter 25 Jahre;9,1;Prozent;ERWP10;Arbeitslosenquote bez. auf alle zivile Erwerbsp.
13211;Arbeitsmarktstatistik der Bundesagentur für Arbeit;JAHR;Jahr;2024;DLAND;Bundesländer;11;Berlin;ERWAQ8;Arbeitslosenquote nach Schwerpunkten;ARBEITSQUO05;Männer;10,0;Prozent;ERWP10;Arbeitslosenquote bez. auf alle zivile Erwerbsp.
13211;Arbeitsmarktstatistik der Bundesagentur für Arbeit;JAHR;Jahr;2023;DLAND;Bundesländer;04;Bremen;ERWAQ8;Arbeitslosenquote nach Schwerpunkten;ARBEITSQUO07;ausländisch;24,9;Prozent;ERWP10;Arbeitslosenquote bez. auf alle zivile Erwerbsp.
13211;Arbeitsmarktstatistik der Bundesagentur für Arbeit;JAHR;Jahr;2021;DLAND;Bundesländer;13;Mecklenburg-Vorpommern;ERWAQ8;Arbeitslosenquote nach Schwerpunkten;ARBEITSQUO07;ausländisch;16,7;Prozent;ERWP10;Arbeitslosenquote bez. auf alle zivile Erwerbsp.
13211;Arbeitsmarktstatistik der Bundesagentur für Arbeit;JAHR;Jahr;2018;DLAND;Bundesländer;13;Mecklenburg-Vorpommern;ERWAQ8;Arbeitslosenquote nach Schwerpunkten;ARBEITSQUO09;15 bis unter 25 Jahre;9,7;Prozent;ERWP10;Arbeitslosenquote bez. auf alle zivile Erwerbsp.
13211;Arbeitsmarktstatistik der Bundesagentur für Arbeit;JAHR;Jahr;2023;DLAND;Bundesländer;14;Sachsen;ERWAQ8;Arbeitslosenquote nach Schwerpunkten;ARBEITSQUO05;Männer;6,4;Prozent;ERWP10;Arbeitslosenquote bez. auf alle zivile Erwerbsp.
13211;Arbeitsmarktstatistik der Bundesagentur für Arbeit;JAHR;Jahr;2022;DLAND;Bundesländer;12;Brandenburg;ERWAQ8;Arbeitslosenquote nach Schwerpunkten;ARBEITSQUO09;15 bis unter 25 Jahre;5,9;Prozent;ERWP10;Arbeitslosenquote bez. auf alle zivile Erwerbsp.
13211;Arbeitsmarktstatistik der Bundesagentur für Arbeit;JAHR;Jahr;2019;DLAND;Bundesländer;13;Mecklenburg-Vorpommern;ERWAQ8;Arbeitslosenquote nach Schwerpunkten;ARBEITSQUO05;Männer;7,8;Prozent;ERWP10;Arbeitslosenquote bez. auf alle zivile Erwerbsp.
13211;Arbeitsmarktstatistik der Bundesagentur für Arbeit;JAHR;Jahr;2019;DLAND;Bundesländer;10;Saarland;ERWAQ8;Arbeitslosenquote nach Schwerpunkten;ARBEITSQUO09;15 bis unter 25 Jahre;5,2;Prozent;ERWP10;Arbeitslosenquote bez. auf alle zivile Erwerbsp.
13211;Arbeitsmarktstatistik der Bundesagentur für Arbeit;JAHR;Jahr;2020;DLAND;Bundesländer;15;Sachsen-Anhalt;ERWAQ8;Arbeitslosenquote nach Schwerpunkten;ARBEITSQUO07;ausländisch;22,0;Prozent;ERWP10;Arbeitslosenquote bez. auf alle zivile Erwerbsp.
13211;Arbeitsmarktstatistik der Bundesagentur für Arbeit;JAHR;Jahr;2020;DLAND;Bundesländer;09;Bayern;ERWAQ8;Arbeitslosenquote nach Schwerpunkten;ARBEITSQUO05;Männer;3,9;Prozent;ERWP10;Arbeitslosenquote bez. auf alle zivile Erwerbsp.
13211;Arbeitsmarktstatistik der Bundesagentur für Arbeit;JAHR;Jahr;2018;DLAND;Bundesländer;07;Rheinland-Pfalz;ERWAQ8;Arbeitslosenquote nach Schwerpunkten;ARBEITSQUO07;ausländisch;11,7;Prozent;ERWP10;Arbeitslosenquote bez. auf alle zivile Erwerbsp.
13211;Arbeitsmarktstatistik der Bundesagentur für Arbeit;JAHR;Jahr;2025;DLAND;Bundesländer;02;Hamburg;ERWAQ8;Arbeitslosenquote nach Schwerpunkten;ARBEITSQUO09;15 bis unter 25 Jahre;6,7;Prozent;ERWP10;Arbeitslosenquote bez. auf alle zivile Erwerbsp.
13211;Arbeitsmarktstatistik der Bundesagentur für Arbeit;JAHR;Jahr;2023;DLAND;Bundesländer;10;Saarland;ERWAQ8;Arbeitslosenquote nach Schwerpunkten;ARBEITSQUO09;15 bis unter 25 Jahre;5,0;Prozent;ERWP10;Arbeitslosenquote bez. auf alle zivile Erwerbsp.
13211;Arbeitsmarktstatistik der Bundesagentur für Arbeit;JAHR;Jahr;2017;DLAND;Bundesländer;08;Baden-Württemberg;ERWAQ8;Arbeitslosenquote nach Schwerpunkten;ARBEITSQUO06;Frauen;3,4;Prozent;ERWP10;Arbeitslosenquote bez. auf alle zivile Erwerbsp.
13211;Arbeitsmarktstatistik der Bundesagentur für Arbeit;JAHR;Jahr;2021;DLAND;Bundesländer;08;Baden-Württemberg;ERWAQ8;Arbeitslosenquote nach Schwerpunkten;ARBEITSQUO06;Frauen;3,8;Prozent;ERWP10;Arbeitslosenquote bez. auf alle zivile Erwerbsp.
13211;Arbeitsmarktstatistik der Bundesagentur für Arbeit;JAHR;Jahr;2022;DLAND;Bundesländer;07;Rheinland-Pfalz;ERWAQ8;Arbeitslosenquote nach Schwerpunkten;ARBEITSQUO07;ausländisch;11,9;Prozent;ERWP10;Arbeitslosenquote bez. auf alle zivile Erwerbsp.
13211;Arbeitsmarktstatistik der Bundesagentur für Arbeit;JAHR;Jahr;2021;DLAND;Bundesländer;01;Schleswig-Holstein;ERWAQ8;Arbeitslosenquote nach Schwerpunkten;ARBEITSQUO07;ausländisch;17,3;Prozent;ERWP10;Arbeitslosenquote bez. auf alle zivile Erwerbsp.
13211;Arbeitsmarktstatistik der Bundesagentur für Arbeit;JAHR;Jahr;2025;DLAND;Bundesländer;10;Saarland;ERWAQ8;Arbeitslosenquote nach Schwerpunkten;ARBEITSQUO06;Frauen;6,7;Prozent;ERWP10;Arbeitslosenquote bez. auf alle zivile Erwerbsp.
13211;Arbeitsmarktstatistik der Bundesagentur für Arbeit;JAHR;Jahr;2017;DLAND;Bundesländer;09;Bayern;ERWAQ8;Arbeitslosenquote nach Schwerpunkten;ARBEITSQUO07;ausländisch;7,9;Prozent;ERWP10;Arbeitslosenquote bez. auf alle zivile Erwerbsp.
13211;Arbeitsmarktstatistik der Bundesagentur für Arbeit;JAHR;Jahr;2023;DLAND;Bundesländer;16;Thüringen;ERWAQ8;Arbeitslosenquote nach Schwerpunkten;ARBEITSQUO07;ausländisch;22,0;Prozent;ERWP10;Arbeitslosenquote bez. auf alle zivile Erwerbsp.
13211;Arbeitsmarktstatistik der Bundesagentur für Arbeit;JAHR;Jahr;2024;DLAND;Bundesländer;09;Bayern;ERWAQ8;Arbeitslosenquote nach Schwerpunkten;ARBEITSQUO06;Frauen;3,6;Prozent;ERWP10;Arbeitslosenquote bez. auf alle zivile Erwerbsp.
13211;Arbeitsmarktstatistik der Bundesagentur für Arbeit;JAHR;Jahr;2018;DLAND;Bundesländer;01;Schleswig-Holstein;ERWAQ8;Arbeitslosenquote nach Schwerpunkten;ARBEITSQUO09;15 bis unter 25 Jahre;5,1;Prozent;ERWP10;Arbeitslosenquote bez. auf alle zivile Erwerbsp.
13211;Arbeitsmarktstatistik der Bundesagentur für Arbeit;JAHR;Jahr;2023;DLAND;Bundesländer;02;Hamburg;ERWAQ8;Arbeitslosenquote nach Schwerpunkten;ARBEITSQUO05;Männer;7,5;Prozent;ERWP10;Arbeitslosenquote bez. auf alle zivile Erwerbsp.
13211;Arbeitsmarktstatistik der Bundesagentur für Arbeit;JAHR;Jahr;2021;DLAND;Bundesländer;10;Saarland;ERWAQ8;Arbeitslosenquote nach Schwerpunkten;ARBEITSQUO05;Männer;7,3;Prozent;ERWP10;Arbeitslosenquote bez. auf alle zivile Erwerbsp.
13211;Arbeitsmarktstatistik der Bundesagentur für Arbeit;JAHR;Jahr;2025;DLAND;Bundesländer;08;Baden-Württemberg;ERWAQ8;Arbeitslosenquote nach Schwerpunkten;ARBEITSQUO07;ausländisch;10,2;Prozent;ERWP10;Arbeitslosenquote bez. auf alle zivile Erwerbsp.
13211;Arbeitsmarktstatistik der Bundesagentur für Arbeit;JAHR;Jahr;2022;DLAND;Bundesländer;01;Schleswig-Holstein;ERWAQ8;Arbeitslosenquote nach Schwerpunkten;ARBEITSQUO09;15 bis unter 25 Jahre;4,4;Prozent;ERWP10;Arbeitslosenquote bez. auf alle zivile Erwerbsp.
13211;Arbeitsmarktstatistik der Bundesagentur für Arbeit;JAHR;Jahr;2018;DLAND;Bundesländer;11;Berlin;ERWAQ8;Arbeitslosenquote nach Schwerpunkten;ARBEITSQUO06;Frauen;7,4;Prozent;ERWP10;Arbeitslosenquote bez. auf alle zivile Erwerbsp.
13211;Arbeitsmarktstatistik der Bundesagentur für Arbeit;JAHR;Jahr;2023;DLAND;Bundesländer;07;Rheinland-Pfalz;ERWAQ8;Arbeitslosenquote nach Schwerpunkten;ARBEITSQUO06;Frauen;4,8;Prozent;ERWP10;Arbeitslosenquote bez. auf alle zivile Erwerbsp.
13211;Arbeitsmarktstatistik der Bundesagentur für Arbeit;JAHR;Jahr;2017;DLAND;Bundesländer;02;Hamburg;ERWAQ8;Arbeitslosenquote nach Schwerpunkten;ARBEITSQUO07;ausländisch;16,1;Prozent;ERWP10;Arbeitslosenquote bez. auf alle zivile Erwerbsp.
13211;Arbeitsmarktstatistik der Bundesagentur für Arbeit;JAHR;Jahr;2024;DLAND;Bundesländer;04;Bremen;ERWAQ8;Arbeitslosenquote nach Schwerpunkten;ARBEITSQUO07;ausländisch;24,2;Prozent;ERWP10;Arbeitslosenquote bez. auf alle zivile Erwerbsp.
13211;Arbeitsmarktstatistik der Bundesagentur für Arbeit;JAHR;Jahr;2019;DLAND;Bundesländer;04;Bremen;ERWAQ8;Arbeitslosenquote nach Schwerpunkten;ARBEITSQUO09;15 bis unter 25 Jahre;9,1;Prozent;ERWP10;Arbeitslosenquote bez. auf alle zivile Erwerbsp.
13211;Arbeitsmarktstatistik der Bundesagentur für Arbeit;JAHR;Jahr;2018;DLAND;Bundesländer;04;Bremen;ERWAQ8;Arbeitslosenquote nach Schwerpunkten;ARBEITSQUO05;Männer;10,3;Prozent;ERWP10;Arbeitslosenquote bez. auf alle zivile Erwerbsp.
13211;Arbeitsmarktstatistik der Bundesagentur für Arbeit;JAHR;Jahr;2020;DLAND;Bundesländer;11;Berlin;ERWAQ8;Arbeitslosenquote nach Schwerpunkten;ARBEITSQUO05;Männer;10,4;Prozent;ERWP10;Arbeitslosenquote bez. auf alle zivile Erwerbsp.
13211;Arbeitsmarktstatistik der Bundesagentur für Arbeit;JAHR;Jahr;2025;DLAND;Bundesländer;13;Mecklenburg-Vorpommern;ERWAQ8;Arbeitslosenquote nach Schwerpunkten;ARBEITSQUO06;Frauen;7,2;Prozent;ERWP10;Arbeitslosenquote bez. auf alle zivile Erwerbsp.
13211;Arbeitsmarktstatistik der Bundesagentur für Arbeit;JAHR;Jahr;2021;DLAND;Bundesländer;12;Brandenburg;ERWAQ8;Arbeitslosenquote nach Schwerpunkten;ARBEITSQUO07;ausländisch;16,7;Prozent;ERWP10;Arbeitslosenquote bez. auf alle zivile Erwerbsp.
13211;Arbeitsmarktstatistik der Bundesagentur für Arbeit;JAHR;Jahr;2022;DLAND;Bundesländer;06;Hessen;ERWAQ8;Arbeitslosenquote nach Schwerpunkten;ARBEITSQUO06;Frauen;4,8;Prozent;ERWP10;Arbeitslosenquote bez. auf alle zivile Erwerbsp.
13211;Arbeitsmarktstatistik der Bundesagentur für Arbeit;JAHR;Jahr;2025;DLAND;Bundesländer;05;Nordrhein-Westfalen;ERWAQ8;Arbeitslosenquote nach Schwerpunkten;ARBEITSQUO09;15 bis unter 25 Jahre;6,4;Prozent;ERWP10;Arbeitslosenquote bez. auf alle zivile Erwerbsp.
13211;Arbeitsmarktstatistik der Bundesagentur für Arbeit;JAHR;Jahr;2024;DLAND;Bundesländer;16;Thüringen;ERWAQ8;Arbeitslosenquote nach Schwerpunkten;ARBEITSQUO05;Männer;6,6;Prozent;ERWP10;Arbeitslosenquote bez. auf alle zivile Erwerbsp.
13211;Arbeitsmarktstatistik der Bundesagentur für Arbeit;JAHR;Jahr;2021;DLAND;Bundesländer;09;Bayern;ERWAQ8;Arbeitslosenquote nach Schwerpunkten;ARBEITSQUO05;Männer;3,6;Prozent;ERWP10;Arbeitslosenquote bez. auf alle zivile Erwerbsp.
13211;Arbeitsmarktstatistik der Bundesagentur für Arbeit;JAHR;Jahr;2019;DLAND;Bundesländer;12;Brandenburg;ERWAQ8;Arbeitslosenquote nach Schwerpunkten;ARBEITSQUO06;Frauen;5,2;Prozent;ERWP10;Arbeitslosenquote bez. auf alle zivile Erwerbsp.
13211;Arbeitsmarktstatistik der Bundesagentur für Arbeit;JAHR;Jahr;2023;DLAND;Bundesländer;15;Sachsen-Anhalt;ERWAQ8;Arbeitslosenquote nach Schwerpunkten;ARBEITSQUO05;Männer;7,9;Prozent;ERWP10;Arbeitslosenquote bez. auf alle zivile Erwerbsp.
13211;Arbeitsmarktstatistik der Bundesagentur für Arbeit;JAHR;Jahr;2018;DLAND;Bundesländer;14;Sachsen;ERWAQ8;Arbeitslosenquote nach Schwerpunkten;ARBEITSQUO09;15 bis unter 25 Jahre;6,6;Prozent;ERWP10;Arbeitslosenquote bez. auf alle zivile Erwerbsp.
13211;Arbeitsmarktstatistik der Bundesagentur für Arbeit;JAHR;Jahr;2018;DLAND;Bundesländer;03;Niedersachsen;ERWAQ8;Arbeitslosenquote nach Schwerpunkten;ARBEITSQUO07;ausländisch;16,5;Prozent;ERWP10;Arbeitslosenquote bez. auf alle zivile Erwerbsp.
13211;Arbeitsmarktstatistik der Bundesagentur für Arbeit;JAHR;Jahr;2017;DLAND;Bundesländer;03;Niedersachsen;ERWAQ8;Arbeitslosenquote nach Schwerpunkten;ARBEITSQUO05;Männer;5,9;Prozent;ERWP10;Arbeitslosenquote bez. auf alle zivile Erwerbsp.
13211;Arbeitsmarktstatistik der Bundesagentur für Arbeit;JAHR;Jahr;2020;DLAND;Bundesländer;10;Saarland;ERWAQ8;Arbeitslosenquote nach Schwerpunkten;ARBEITSQUO07;ausländisch;21,1;Prozent;ERWP10;Arbeitslosenquote bez. auf alle zivile Erwerbsp.
13211;Arbeitsmarktstatistik der Bundesagentur für Arbeit;JAHR;Jahr;2025;DLAND;Bundesländer;05;Nordrhein-Westfalen;ERWAQ8;Arbeitslosenquote nach Schwerpunkten;ARBEITSQUO05;Männer;8,1;Prozent;ERWP10;Arbeitslosenquote bez. auf alle zivile Erwerbsp.
13211;Arbeitsmarktstatistik der Bundesagentur für Arbeit;JAHR;Jahr;2017;DLAND;Bundesländer;13;Mecklenburg-Vorpommern;ERWAQ8;Arbeitslosenquote nach Schwerpunkten;ARBEITSQUO07;ausländisch;21,7;Prozent;ERWP10;Arbeitslosenquote bez. auf alle zivile Erwerbsp.
13211;Arbeitsmarktstatistik der Bundesagentur für Arbeit;JAHR;Jahr;2024;DLAND;Bundesländer;05;Nordrhein-Westfalen;ERWAQ8;Arbeitslosenquote nach Schwerpunkten;ARBEITSQUO05;Männer;7,8;Prozent;ERWP10;Arbeitslosenquote bez. auf alle zivile Erwerbsp.
13211;Arbeitsmarktstatistik der Bundesagentur für Arbeit;JAHR;Jahr;2019;DLAND;Bundesländer;15;Sachsen-Anhalt;ERWAQ8;Arbeitslosenquote nach Schwerpunkten;ARBEITSQUO09;15 bis unter 25 Jahre;8,7;Prozent;ERWP10;Arbeitslosenquote bez. auf alle zivile Erwerbsp.
13211;Arbeitsmarktstatistik der Bundesagentur für Arbeit;JAHR;Jahr;2024;DLAND;Bundesländer;15;Sachsen-Anhalt;ERWAQ8;Arbeitslosenquote nach Schwerpunkten;ARBEITSQUO07;ausländisch;22,8;Prozent;ERWP10;Arbeitslosenquote bez. auf alle zivile Erwerbsp.
13211;Arbeitsmarktstatistik der Bundesagentur für Arbeit;JAHR;Jahr;2017;DLAND;Bundesländer;07;Rheinland-Pfalz;ERWAQ8;Arbeitslosenquote nach Schwerpunkten;ARBEITSQUO06;Frauen;4,7;Prozent;ERWP10;Arbeitslosenquote bez. auf alle zivile Erwerbsp.
13211;Arbeitsmarktstatistik der Bundesagentur für Arbeit;JAHR;Jahr;2021;DLAND;Bundesländer;12;Brandenburg;ERWAQ8;Arbeitslosenquote nach Schwerpunkten;ARBEITSQUO09;15 bis unter 25 Jahre;6,4;Prozent;ERWP10;Arbeitslosenquote bez. auf alle zivile Erwerbsp.
13211;Arbeitsmarktstatistik der Bundesagentur für Arbeit;JAHR;Jahr;2018;DLAND;Bundesländer;15;Sachsen-Anhalt;ERWAQ8;Arbeitslosenquote nach Schwerpunkten;ARBEITSQUO05;Männer;8,1;Prozent;ERWP10;Arbeitslosenquote bez. auf alle zivile Erwerbsp.
13211;Arbeitsmarktstatistik der Bundesagentur für Arbeit;JAHR;Jahr;2025;DLAND;Bundesländer;02;Hamburg;ERWAQ8;Arbeitslosenquote nach Schwerpunkten;ARBEITSQUO06;Frauen;8,1;Prozent;ERWP10;Arbeitslosenquote bez. auf alle zivile Erwerbsp.
13211;Arbeitsmarktstatistik der Bundesagentur für Arbeit;JAHR;Jahr;2018;DLAND;Bundesländer;03;Niedersachsen;ERWAQ8;Arbeitslosenquote nach Schwerpunkten;ARBEITSQUO05;Männer;5,5;Prozent;ERWP10;Arbeitslosenquote bez. auf alle zivile Erwerbsp.
13211;Arbeitsmarktstatistik der Bundesagentur für Arbeit;JAHR;Jahr;2024;DLAND;Bundesländer;08;Baden-Württemberg;ERWAQ8;Arbeitslosenquote nach Schwerpunkten;ARBEITSQUO06;Frauen;4,1;Prozent;ERWP10;Arbeitslosenquote bez. auf alle zivile Erwerbsp.
13211;Arbeitsmarktstatistik der Bundesagentur für Arbeit;JAHR;Jahr;2025;DLAND;Bundesländer;05;Nordrhein-Westfalen;ERWAQ8;Arbeitslosenquote nach Schwerpunkten;ARBEITSQUO07;ausländisch;19,3;Prozent;ERWP10;Arbeitslosenquote bez. auf alle zivile Erwerbsp.
13211;Arbeitsmarktstatistik der Bundesagentur für Arbeit;JAHR;Jahr;2023;DLAND;Bundesländer;03;Niedersachsen;ERWAQ8;Arbeitslosenquote nach Schwerpunkten;ARBEITSQUO05;Männer;5,8;Prozent;ERWP10;Arbeitslosenquote bez. auf alle zivile Erwerbsp.
13211;Arbeitsmarktstatistik der Bundesagentur für Arbeit;JAHR;Jahr;2018;DLAND;Bundesländer;15;Sachsen-Anhalt;ERWAQ8;Arbeitslosenquote nach Schwerpunkten;ARBEITSQUO07;ausländisch;23,2;Prozent;ERWP10;Arbeitslosenquote bez. auf alle zivile Erwerbsp.
13211;Arbeitsmarktstatistik der Bundesagentur für Arbeit;JAHR;Jahr;2018;DLAND;Bundesländer;02;Hamburg;ERWAQ8;Arbeitslosenquote nach Schwerpunkten;ARBEITSQUO09;15 bis unter 25 Jahre;5,3;Prozent;ERWP10;Arbeitslosenquote bez. auf alle zivile Erwerbsp.
13211;Arbeitsmarktstatistik der Bundesagentur für Arbeit;JAHR;Jahr;2017;DLAND;Bundesländer;15;Sachsen-Anhalt;ERWAQ8;Arbeitslosenquote nach Schwerpunkten;ARBEITSQUO05;Männer;8,7;Prozent;ERWP10;Arbeitslosenquote bez. auf alle zivile Erwerbsp.
13211;Arbeitsmarktstatistik der Bundesagentur für Arbeit;JAHR;Jahr;2020;DLAND;Bundesländer;10;Saarland;ERWAQ8;Arbeitslosenquote nach Schwerpunkten;ARBEITSQUO09;15 bis unter 25 Jahre;6,2;Prozent;ERWP10;Arbeitslosenquote bez. auf alle zivile Erwerbsp.
13211;Arbeitsmarktstatistik der Bundesagentur für Arbeit;JAHR;Jahr;2018;DLAND;Bundesländer;10;Saarland;ERWAQ8;Arbeitslosenquote nach Schwerpunkten;ARBEITSQUO06;Frauen;5,6;Prozent;ERWP10;Arbeitslosenquote bez. auf alle zivile Erwerbsp.
13211;Arbeitsmarktstatistik der Bundesagentur für Arbeit;JAHR;Jahr;2025;DLAND;Bundesländer;16;Thüringen;ERWAQ8;Arbeitslosenquote nach Schwerpunkten;ARBEITSQUO05;Männer;6,8;Prozent;ERWP10;Arbeitslosenquote bez. auf alle zivile Erwerbsp.
13211;Arbeitsmarktstatistik der Bundesagentur für Arbeit;JAHR;Jahr;2017;DLAND;Bundesländer;03;Niedersachsen;ERWAQ8;Arbeitslosenquote nach Schwerpunkten;ARBEITSQUO07;ausländisch;18,7;Prozent;ERWP10;Arbeitslosenquote bez. auf alle zivile Erwerbsp.
13211;Arbeitsmarktstatistik der Bundesagentur für Arbeit;JAHR;Jahr;2020;DLAND;Bundesländer;10;Saarland;ERWAQ8;Arbeitslosenquote nach Schwerpunkten;ARBEITSQUO05;Männer;7,9;Prozent;ERWP10;Arbeitslosenquote bez. auf alle zivile Erwerbsp.
13211;Arbeitsmarktstatistik der Bundesagentur für Arbeit;JAHR;Jahr;2017;DLAND;Bundesländer;09;Bayern;ERWAQ8;Arbeitslosenquote nach Schwerpunkten;ARBEITSQUO09;15 bis unter 25 Jahre;2,8;Prozent;ERWP10;Arbeitslosenquote bez. auf alle zivile Erwerbsp.
13211;Arbeitsmarktstatistik der Bundesagentur für Arbeit;JAHR;Jahr;2023;DLAND;Bundesländer;06;Hessen;ERWAQ8;Arbeitslosenquote nach Schwerpunkten;ARBEITSQUO06;Frauen;5,3;Prozent;ERWP10;Arbeitslosenquote bez. auf alle zivile Erwerbsp.
13211;Arbeitsmarktstatistik der Bundesagentur für Arbeit;JAHR;Jahr;2021;DLAND;Bundesländer;01;Schleswig-Holstein;ERWAQ8;Arbeitslosenquote nach Schwerpunkten;ARBEITSQUO09;15 bis unter 25 Jahre;4,9;Prozent;ERWP10;Arbeitslosenquote bez. auf alle zivile Erwerbsp.
13211;Arbeitsmarktstatistik der Bundesagentur für Arbeit;JAHR;Jahr;2024;DLAND;Bundesländer;05;Nordrhein-Westfalen;ERWAQ8;Arbeitslosenquote nach Schwerpunkten;ARBEITSQUO07;ausländisch;19,9;Prozent;ERWP10;Arbeitslosenquote bez. auf alle zivile Erwerbsp.
13211;Arbeitsmarktstatistik der Bundesagentur für Arbeit;JAHR;Jahr;2019;DLAND;Bundesländer;05;Nordrhein-Westfalen;ERWAQ8;Arbeitslosenquote nach Schwerpunkten;ARBEITSQUO09;15 bis unter 25 Jahre;5,4;Prozent;ERWP10;Arbeitslosenquote bez. auf alle zivile Erwerbsp.
13211;Arbeitsmarktstatistik der Bundesagentur für Arbeit;JAHR;Jahr;2025;DLAND;Bundesländer;12;Brandenburg;ERWAQ8;Arbeitslosenquote nach Schwerpunkten;ARBEITSQUO06;Frauen;5,8;Prozent;ERWP10;Arbeitslosenquote bez. auf alle zivile Erwerbsp.
13211;Arbeitsmarktstatistik der Bundesagentur für Arbeit;JAHR;Jahr;2019;DLAND;Bundesländer;13;Mecklenburg-Vorpommern;ERWAQ8;Arbeitslosenquote nach Schwerpunkten;ARBEITSQUO06;Frauen;6,4;Prozent;ERWP10;Arbeitslosenquote bez. auf alle zivile Erwerbsp.
13211;Arbeitsmarktstatistik der Bundesagentur für Arbeit;JAHR;Jahr;2022;DLAND;Bundesländer;07;Rheinland-Pfalz;ERWAQ8;Arbeitslosenquote nach Schwerpunkten;ARBEITSQUO06;Frauen;4,5;Prozent;ERWP10;Arbeitslosenquote bez. auf alle zivile Erwerbsp.
13211;Arbeitsmarktstatistik der Bundesagentur für Arbeit;JAHR;Jahr;2021;DLAND;Bundesländer;11;Berlin;ERWAQ8;Arbeitslosenquote nach Schwerpunkten;ARBEITSQUO07;ausländisch;19,2;Prozent;ERWP10;Arbeitslosenquote bez. auf alle zivile Erwerbsp.
13211;Arbeitsmarktstatistik der Bundesagentur für Arbeit;JAHR;Jahr;2018;DLAND;Bundesländer;14;Sachsen;ERWAQ8;Arbeitslosenquote nach Schwerpunkten;ARBEITSQUO05;Männer;6,4;Prozent;ERWP10;Arbeitslosenquote bez. auf alle zivile Erwerbsp.
13211;Arbeitsmarktstatistik der Bundesagentur für Arbeit;JAHR;Jahr;2025;DLAND;Bundesländer;04;Bremen;ERWAQ8;Arbeitslosenquote nach Schwerpunkten;ARBEITSQUO09;15 bis unter 25 Jahre;9,4;Prozent;ERWP10;Arbeitslosenquote bez. auf alle zivile Erwerbsp.
13211;Arbeitsmarktstatistik der Bundesagentur für Arbeit;JAHR;Jahr;2021;DLAND;Bundesländer;08;Baden-Württemberg;ERWAQ8;Arbeitslosenquote nach Schwerpunkten;ARBEITSQUO05;Männer;4,1;Prozent;ERWP10;Arbeitslosenquote bez. auf alle zivile Erwerbsp.
13211;Arbeitsmarktstatistik der Bundesagentur für Arbeit;JAHR;Jahr;2018;DLAND;Bundesländer;04;Bremen;ERWAQ8;Arbeitslosenquote nach Schwerpunkten;ARBEITSQUO07;ausländisch;23,4;Prozent;ERWP10;Arbeitslosenquote bez. auf alle zivile Erwerbsp.
13211;Arbeitsmarktstatistik der Bundesagentur für Arbeit;JAHR;Jahr;2023;DLAND;Bundesländer;16;Thüringen;ERWAQ8;Arbeitslosenquote nach Schwerpunkten;ARBEITSQUO05;Männer;6,2;Prozent;ERWP10;Arbeitslosenquote bez. auf alle zivile Erwerbsp.
13211;Arbeitsmarktstatistik der Bundesagentur für Arbeit;JAHR;Jahr;2017;DLAND;Bundesländer;04;Bremen;ERWAQ8;Arbeitslosenquote nach Schwerpunkten;ARBEITSQUO05;Männer;10,7;Prozent;ERWP10;Arbeitslosenquote bez. auf alle zivile Erwerbsp.
13211;Arbeitsmarktstatistik der Bundesagentur für Arbeit;JAHR;Jahr;2018;DLAND;Bundesländer;15;Sachsen-Anhalt;ERWAQ8;Arbeitslosenquote nach Schwerpunkten;ARBEITSQUO09;15 bis unter 25 Jahre;9,1;Prozent;ERWP10;Arbeitslosenquote bez. auf alle zivile Erwerbsp.
13211;Arbeitsmarktstatistik der Bundesagentur für Arbeit;JAHR;Jahr;2025;DLAND;Bundesländer;04;Bremen;ERWAQ8;Arbeitslosenquote nach Schwerpunkten;ARBEITSQUO05;Männer;11,8;Prozent;ERWP10;Arbeitslosenquote bez. auf alle zivile Erwerbsp.
13211;Arbeitsmarktstatistik der Bundesagentur für Arbeit;JAHR;Jahr;2024;DLAND;Bundesländer;06;Hessen;ERWAQ8;Arbeitslosenquote nach Schwerpunkten;ARBEITSQUO05;Männer;5,6;Prozent;ERWP10;Arbeitslosenquote bez. auf alle zivile Erwerbsp.
13211;Arbeitsmarktstatistik der Bundesagentur für Arbeit;JAHR;Jahr;2017;DLAND;Bundesländer;06;Hessen;ERWAQ8;Arbeitslosenquote nach Schwerpunkten;ARBEITSQUO06;Frauen;4,9;Prozent;ERWP10;Arbeitslosenquote bez. auf alle zivile Erwerbsp.
13211;Arbeitsmarktstatistik der Bundesagentur für Arbeit;JAHR;Jahr;2017;DLAND;Bundesländer;14;Sachsen;ERWAQ8;Arbeitslosenquote nach Schwerpunkten;ARBEITSQUO07;ausländisch;23,0;Prozent;ERWP10;Arbeitslosenquote bez. auf alle zivile Erwerbsp.
13211;Arbeitsmarktstatistik der Bundesagentur für Arbeit;JAHR;Jahr;2024;DLAND;Bundesländer;16;Thüringen;ERWAQ8;Arbeitslosenquote nach Schwerpunkten;ARBEITSQUO07;ausländisch;20,0;Prozent;ERWP10;Arbeitslosenquote bez. auf alle zivile Erwerbsp.
13211;Arbeitsmarktstatistik der Bundesagentur für Arbeit;JAHR;Jahr;2025;DLAND;Bundesländer;01;Schleswig-Holstein;ERWAQ8;Arbeitslosenquote nach Schwerpunkten;ARBEITSQUO06;Frauen;5,4;Prozent;ERWP10;Arbeitslosenquote bez. auf alle zivile Erwerbsp.
13211;Arbeitsmarktstatistik der Bundesagentur für Arbeit;JAHR;Jahr;2019;DLAND;Bundesländer;16;Thüringen;ERWAQ8;Arbeitslosenquote nach Schwerpunkten;ARBEITSQUO09;15 bis unter 25 Jahre;6,1;Prozent;ERWP10;Arbeitslosenquote bez. auf alle zivile Erwerbsp.
13211;Arbeitsmarktstatistik der Bundesagentur für Arbeit;JAHR;Jahr;2022;DLAND;Bundesländer;09;Bayern;ERWAQ8;Arbeitslosenquote nach Schwerpunkten;ARBEITSQUO07;ausländisch;7,5;Prozent;ERWP10;Arbeitslosenquote bez. auf alle zivile Erwerbsp.
13211;Arbeitsmarktstatistik der Bundesagentur für Arbeit;JAHR;Jahr;2021;DLAND;Bundesländer;13;Mecklenburg-Vorpommern;ERWAQ8;Arbeitslosenquote nach Schwerpunkten;ARBEITSQUO09;15 bis unter 25 Jahre;8,6;Prozent;ERWP10;Arbeitslosenquote bez. auf alle zivile Erwerbsp.
13211;Arbeitsmarktstatistik der Bundesagentur für Arbeit;JAHR;Jahr;2019;DLAND;Bundesländer;01;Schleswig-Holstein;ERWAQ8;Arbeitslosenquote nach Schwerpunkten;ARBEITSQUO06;Frauen;4,7;Prozent;ERWP10;Arbeitslosenquote bez. auf alle zivile Erwerbsp.
13211;Arbeitsmarktstatistik der Bundesagentur für Arbeit;JAHR;Jahr;2018;DLAND;Bundesländer;02;Hamburg;ERWAQ8;Arbeitslosenquote nach Schwerpunkten;ARBEITSQUO05;Männer;6,8;Prozent;ERWP10;Arbeitslosenquote bez. auf alle zivile Erwerbsp.
13211;Arbeitsmarktstatistik der Bundesagentur für Arbeit;JAHR;Jahr;2025;DLAND;Bundesländer;16;Thüringen;ERWAQ8;Arbeitslosenquote nach Schwerpunkten;ARBEITSQUO09;15 bis unter 25 Jahre;6,9;Prozent;ERWP10;Arbeitslosenquote bez. auf alle zivile Erwerbsp.
13211;Arbeitsmarktstatistik der Bundesagentur für Arbeit;JAHR;Jahr;2023;DLAND;Bundesländer;09;Bayern;ERWAQ8;Arbeitslosenquote nach Schwerpunkten;ARBEITSQUO09;15 bis unter 25 Jahre;2,8;Prozent;ERWP10;Arbeitslosenquote bez. auf alle zivile Erwerbsp.
13211;Arbeitsmarktstatistik der Bundesagentur für Arbeit;JAHR;Jahr;2018;DLAND;Bundesländer;16;Thüringen;ERWAQ8;Arbeitslosenquote nach Schwerpunkten;ARBEITSQUO07;ausländisch;17,9;Prozent;ERWP10;Arbeitslosenquote bez. auf alle zivile Erwerbsp.
13211;Arbeitsmarktstatistik der Bundesagentur für Arbeit;JAHR;Jahr;2020;DLAND;Bundesländer;11;Berlin;ERWAQ8;Arbeitslosenquote nach Schwerpunkten;ARBEITSQUO09;15 bis unter 25 Jahre;10,3;Prozent;ERWP10;Arbeitslosenquote bez. auf alle zivile Erwerbsp.
13211;Arbeitsmarktstatistik der Bundesagentur für Arbeit;JAHR;Jahr;2024;DLAND;Bundesländer;07;Rheinland-Pfalz;ERWAQ8;Arbeitslosenquote nach Schwerpunkten;ARBEITSQUO06;Frauen;5,0;Prozent;ERWP10;Arbeitslosenquote bez. auf alle zivile Erwerbsp.
13211;Arbeitsmarktstatistik der Bundesagentur für Arbeit;JAHR;Jahr;2018;DLAND;Bundesländer;03;Niedersachsen;ERWAQ8;Arbeitslosenquote nach Schwerpunkten;ARBEITSQUO09;15 bis unter 25 Jahre;4,9;Prozent;ERWP10;Arbeitslosenquote bez. auf alle zivile Erwerbsp.
13211;Arbeitsmarktstatistik der Bundesagentur für Arbeit;JAHR;Jahr;2023;DLAND;Bundesländer;04;Bremen;ERWAQ8;Arbeitslosenquote nach Schwerpunkten;ARBEITSQUO05;Männer;10,7;Prozent;ERWP10;Arbeitslosenquote bez. auf alle zivile Erwerbsp.
13211;Arbeitsmarktstatistik der Bundesagentur für Arbeit;JAHR;Jahr;2017;DLAND;Bundesländer;16;Thüringen;ERWAQ8;Arbeitslosenquote nach Schwerpunkten;ARBEITSQUO05;Männer;6,3;Prozent;ERWP10;Arbeitslosenquote bez. auf alle zivile Erwerbsp.
13211;Arbeitsmarktstatistik der Bundesagentur für Arbeit;JAHR;Jahr;2025;DLAND;Bundesländer;06;Hessen;ERWAQ8;Arbeitslosenquote nach Schwerpunkten;ARBEITSQUO07;ausländisch;13,6;Prozent;ERWP10;Arbeitslosenquote bez. auf alle zivile Erwerbsp.
13211;Arbeitsmarktstatistik der Bundesagentur für Arbeit;JAHR;Jahr;2019;DLAND;Bundesländer;10;Saarland;ERWAQ8;Arbeitslosenquote nach Schwerpunkten;ARBEITSQUO07;ausländisch;18,5;Prozent;ERWP10;Arbeitslosenquote bez. auf alle zivile Erwerbsp.
13211;Arbeitsmarktstatistik der Bundesagentur für Arbeit;JAHR;Jahr;2023;DLAND;Bundesländer;09;Bayern;ERWAQ8;Arbeitslosenquote nach Schwerpunkten;ARBEITSQUO06;Frauen;3,3;Prozent;ERWP10;Arbeitslosenquote bez. auf alle zivile Erwerbsp.
13211;Arbeitsmarktstatistik der Bundesagentur für Arbeit;JAHR;Jahr;2017;DLAND;Bundesländer;12;Brandenburg;ERWAQ8;Arbeitslosenquote nach Schwerpunkten;ARBEITSQUO05;Männer;7,5;Prozent;ERWP10;Arbeitslosenquote bez. auf alle zivile Erwerbsp.
13211;Arbeitsmarktstatistik der Bundesagentur für Arbeit;JAHR;Jahr;2020;DLAND;Bundesländer;01;Schleswig-Holstein;ERWAQ8;Arbeitslosenquote nach Schwerpunkten;ARBEITSQUO07;ausländisch;18,8;Prozent;ERWP10;Arbeitslosenquote bez. auf alle zivile Erwerbsp.
13211;Arbeitsmarktstatistik der Bundesagentur für Arbeit;JAHR;Jahr;2025;DLAND;Bundesländer;15;Sachsen-Anhalt;ERWAQ8;Arbeitslosenquote nach Schwerpunkten;ARBEITSQUO05;Männer;8,5;Prozent;ERWP10;Arbeitslosenquote bez. auf alle zivile Erwerbsp.
13211;Arbeitsmarktstatistik der Bundesagentur für Arbeit;JAHR;Jahr;2022;DLAND;Bundesländer;08;Baden-Württemberg;ERWAQ8;Arbeitslosenquote nach Schwerpunkten;ARBEITSQUO05;Männer;3,5;Prozent;ERWP10;Arbeitslosenquote bez. auf alle zivile Erwerbsp.
13211;Arbeitsmarktstatistik der Bundesagentur für Arbeit;JAHR;Jahr;2018;DLAND;Bundesländer;13;Mecklenburg-Vorpommern;ERWAQ8;Arbeitslosenquote nach Schwerpunkten;ARBEITSQUO06;Frauen;7,2;Prozent;ERWP10;Arbeitslosenquote bez. auf alle zivile Erwerbsp.
13211;Arbeitsmarktstatistik der Bundesagentur für Arbeit;JAHR;Jahr;2019;DLAND;Bundesländer;02;Hamburg;ERWAQ8;Arbeitslosenquote nach Schwerpunkten;ARBEITSQUO09;15 bis unter 25 Jahre;5,1;Prozent;ERWP10;Arbeitslosenquote bez. auf alle zivile Erwerbsp.
13211;Arbeitsmarktstatistik der Bundesagentur für Arbeit;JAHR;Jahr;2017;DLAND;Bundesländer;16;Thüringen;ERWAQ8;Arbeitslosenquote nach Schwerpunkten;ARBEITSQUO06;Frauen;5,7;Prozent;ERWP10;Arbeitslosenquote bez. auf alle zivile Erwerbsp.
13211;Arbeitsmarktstatistik der Bundesagentur für Arbeit;JAHR;Jahr;2017;DLAND;Bundesländer;04;Bremen;ERWAQ8;Arbeitslosenquote nach Schwerpunkten;ARBEITSQUO07;ausländisch;25,7;Prozent;ERWP10;Arbeitslosenquote bez. auf alle zivile Erwerbsp.
13211;Arbeitsmarktstatistik der Bundesagentur für Arbeit;JAHR;Jahr;2024;DLAND;Bundesländer;06;Hessen;ERWAQ8;Arbeitslosenquote nach Schwerpunkten;ARBEITSQUO07;ausländisch;13,7;Prozent;ERWP10;Arbeitslosenquote bez. auf alle zivile Erwerbsp.
13211;Arbeitsmarktstatistik der Bundesagentur für Arbeit;JAHR;Jahr;2025;DLAND;Bundesländer;15;Sachsen-Anhalt;ERWAQ8;Arbeitslosenquote nach Schwerpunkten;ARBEITSQUO06;Frauen;7,4;Prozent;ERWP10;Arbeitslosenquote bez. auf alle zivile Erwerbsp.
13211;Arbeitsmarktstatistik der Bundesagentur für Arbeit;JAHR;Jahr;2017;DLAND;Bundesländer;08;Baden-Württemberg;ERWAQ8;Arbeitslosenquote nach Schwerpunkten;ARBEITSQUO09;15 bis unter 25 Jahre;2,8;Prozent;ERWP10;Arbeitslosenquote bez. auf alle zivile Erwerbsp.
13211;Arbeitsmarktstatistik der Bundesagentur für Arbeit;JAHR;Jahr;2021;DLAND;Bundesländer;10;Saarland;ERWAQ8;Arbeitslosenquote nach Schwerpunkten;ARBEITSQUO07;ausländisch;19,4;Prozent;ERWP10;Arbeitslosenquote bez. auf alle zivile Erwerbsp.
13211;Arbeitsmarktstatistik der Bundesagentur für Arbeit;JAHR;Jahr;2022;DLAND;Bundesländer;08;Baden-Württemberg;ERWAQ8;Arbeitslosenquote nach Schwerpunkten;ARBEITSQUO06;Frauen;3,5;Prozent;ERWP10;Arbeitslosenquote bez. auf alle zivile Erwerbsp.
13211;Arbeitsmarktstatistik der Bundesagentur für Arbeit;JAHR;Jahr;2018;DLAND;Bundesländer;13;Mecklenburg-Vorpommern;ERWAQ8;Arbeitslosenquote nach Schwerpunkten;ARBEITSQUO05;Männer;8,6;Prozent;ERWP10;Arbeitslosenquote bez. auf alle zivile Erwerbsp.
13211;Arbeitsmarktstatistik der Bundesagentur für Arbeit;JAHR;Jahr;2024;DLAND;Bundesländer;14;Sachsen;ERWAQ8;Arbeitslosenquote nach Schwerpunkten;ARBEITSQUO05;Männer;6,9;Prozent;ERWP10;Arbeitslosenquote bez. auf alle zivile Erwerbsp.
13211;Arbeitsmarktstatistik der Bundesagentur für Arbeit;JAHR;Jahr;2017;DLAND;Bundesländer;16;Thüringen;ERWAQ8;Arbeitslosenquote nach Schwerpunkten;ARBEITSQUO07;ausländisch;21,1;Prozent;ERWP10;Arbeitslosenquote bez. auf alle zivile Erwerbsp.
13211;Arbeitsmarktstatistik der Bundesagentur für Arbeit;JAHR;Jahr;2019;DLAND;Bundesländer;10;Saarland;ERWAQ8;Arbeitslosenquote nach Schwerpunkten;ARBEITSQUO06;Frauen;5,6;Prozent;ERWP10;Arbeitslosenquote bez. auf alle zivile Erwerbsp.
13211;Arbeitsmarktstatistik der Bundesagentur für Arbeit;JAHR;Jahr;2025;DLAND;Bundesländer;07;Rheinland-Pfalz;ERWAQ8;Arbeitslosenquote nach Schwerpunkten;ARBEITSQUO09;15 bis unter 25 Jahre;5,3;Prozent;ERWP10;Arbeitslosenquote bez. auf alle zivile Erwerbsp.
13211;Arbeitsmarktstatistik der Bundesagentur für Arbeit;JAHR;Jahr;2020;DLAND;Bundesländer;01;Schleswig-Holstein;ERWAQ8;Arbeitslosenquote nach Schwerpunkten;ARBEITSQUO09;15 bis unter 25 Jahre;5,5;Prozent;ERWP10;Arbeitslosenquote bez. auf alle zivile Erwerbsp.
13211;Arbeitsmarktstatistik der Bundesagentur für Arbeit;JAHR;Jahr;2025;DLAND;Bundesländer;15;Sachsen-Anhalt;ERWAQ8;Arbeitslosenquote nach Schwerpunkten;ARBEITSQUO07;ausländisch;21,3;Prozent;ERWP10;Arbeitslosenquote bez. auf alle zivile Erwerbsp.
13211;Arbeitsmarktstatistik der Bundesagentur für Arbeit;JAHR;Jahr;2018;DLAND;Bundesländer;16;Thüringen;ERWAQ8;Arbeitslosenquote nach Schwerpunkten;ARBEITSQUO09;15 bis unter 25 Jahre;6,2;Prozent;ERWP10;Arbeitslosenquote bez. auf alle zivile Erwerbsp.
13211;Arbeitsmarktstatistik der Bundesagentur für Arbeit;JAHR;Jahr;2018;DLAND;Bundesländer;01;Schleswig-Holstein;ERWAQ8;Arbeitslosenquote nach Schwerpunkten;ARBEITSQUO07;ausländisch;17,9;Prozent;ERWP10;Arbeitslosenquote bez. auf alle zivile Erwerbsp.
13211;Arbeitsmarktstatistik der Bundesagentur für Arbeit;JAHR;Jahr;2023;DLAND;Bundesländer;09;Bayern;ERWAQ8;Arbeitslosenquote nach Schwerpunkten;ARBEITSQUO07;ausländisch;8,4;Prozent;ERWP10;Arbeitslosenquote bez. auf alle zivile Erwerbsp.
13211;Arbeitsmarktstatistik der Bundesagentur für Arbeit;JAHR;Jahr;2025;DLAND;Bundesländer;03;Niedersachsen;ERWAQ8;Arbeitslosenquote nach Schwerpunkten;ARBEITSQUO05;Männer;6,4;Prozent;ERWP10;Arbeitslosenquote bez. auf alle zivile Erwerbsp.
13211;Arbeitsmarktstatistik der Bundesagentur für Arbeit;JAHR;Jahr;2017;DLAND;Bundesländer;01;Schleswig-Holstein;ERWAQ8;Arbeitslosenquote nach Schwerpunkten;ARBEITSQUO05;Männer;6,5;Prozent;ERWP10;Arbeitslosenquote bez. auf alle zivile Erwerbsp.
13211;Arbeitsmarktstatistik der Bundesagentur für Arbeit;JAHR;Jahr;2019;DLAND;Bundesländer;10;Saarland;ERWAQ8;Arbeitslosenquote nach Schwerpunkten;ARBEITSQUO05;Männer;6,6;Prozent;ERWP10;Arbeitslosenquote bez. auf alle zivile Erwerbsp.
13211;Arbeitsmarktstatistik der Bundesagentur für Arbeit;JAHR;Jahr;2020;DLAND;Bundesländer;12;Brandenburg;ERWAQ8;Arbeitslosenquote nach Schwerpunkten;ARBEITSQUO07;ausländisch;18,2;Prozent;ERWP10;Arbeitslosenquote bez. auf alle zivile Erwerbsp.
13211;Arbeitsmarktstatistik der Bundesagentur für Arbeit;JAHR;Jahr;2018;DLAND;Bundesländer;02;Hamburg;ERWAQ8;Arbeitslosenquote nach Schwerpunkten;ARBEITSQUO06;Frauen;5,8;Prozent;ERWP10;Arbeitslosenquote bez. auf alle zivile Erwerbsp.
13211;Arbeitsmarktstatistik der Bundesagentur für Arbeit;JAHR;Jahr;2017;DLAND;Bundesländer;05;Nordrhein-Westfalen;ERWAQ8;Arbeitslosenquote nach Schwerpunkten;ARBEITSQUO06;Frauen;7,1;Prozent;ERWP10;Arbeitslosenquote bez. auf alle zivile Erwerbsp.
13211;Arbeitsmarktstatistik der Bundesagentur für Arbeit;JAHR;Jahr;2017;DLAND;Bundesländer;15;Sachsen-Anhalt;ERWAQ8;Arbeitslosenquote nach Schwerpunkten;ARBEITSQUO07;ausländisch;26,1;Prozent;ERWP10;Arbeitslosenquote bez. auf alle zivile Erwerbsp.
13211;Arbeitsmarktstatistik der Bundesagentur für Arbeit;JAHR;Jahr;2019;DLAND;Bundesländer;13;Mecklenburg-Vorpommern;ERWAQ8;Arbeitslosenquote nach Schwerpunkten;ARBEITSQUO09;15 bis unter 25 Jahre;8,5;Prozent;ERWP10;Arbeitslosenquote bez. auf alle zivile Erwerbsp.
13211;Arbeitsmarktstatistik der Bundesagentur für Arbeit;JAHR;Jahr;2024;DLAND;Bundesländer;03;Niedersachsen;ERWAQ8;Arbeitslosenquote nach Schwerpunkten;ARBEITSQUO05;Männer;6,1;Prozent;ERWP10;Arbeitslosenquote bez. auf alle zivile Erwerbsp.
13211;Arbeitsmarktstatistik der Bundesagentur für Arbeit;JAHR;Jahr;2025;DLAND;Bundesländer;04;Bremen;ERWAQ8;Arbeitslosenquote nach Schwerpunkten;ARBEITSQUO06;Frauen;11,2;Prozent;ERWP10;Arbeitslosenquote bez. auf alle zivile Erwerbsp.
13211;Arbeitsmarktstatistik der Bundesagentur für Arbeit;JAHR;Jahr;2018;DLAND;Bundesländer;01;Schleswig-Holstein;ERWAQ8;Arbeitslosenquote nach Schwerpunkten;ARBEITSQUO05;Männer;5,8;Prozent;ERWP10;Arbeitslosenquote bez. auf alle zivile Erwerbsp.
13211;Arbeitsmarktstatistik der Bundesagentur für Arbeit;JAHR;Jahr;2020;DLAND;Bundesländer;12;Brandenburg;ERWAQ8;Arbeitslosenquote nach Schwerpunkten;ARBEITSQUO09;15 bis unter 25 Jahre;7,3;Prozent;ERWP10;Arbeitslosenquote bez. auf alle zivile Erwerbsp.
13211;Arbeitsmarktstatistik der Bundesagentur für Arbeit;JAHR;Jahr;2024;DLAND;Bundesländer;06;Hessen;ERWAQ8;Arbeitslosenquote nach Schwerpunkten;ARBEITSQUO06;Frauen;5,5;Prozent;ERWP10;Arbeitslosenquote bez. auf alle zivile Erwerbsp.
13211;Arbeitsmarktstatistik der Bundesagentur für Arbeit;JAHR;Jahr;2023;DLAND;Bundesländer;05;Nordrhein-Westfalen;ERWAQ8;Arbeitslosenquote nach Schwerpunkten;ARBEITSQUO05;Männer;7,4;Prozent;ERWP10;Arbeitslosenquote bez. auf alle zivile Erwerbsp.
13211;Arbeitsmarktstatistik der Bundesagentur für Arbeit;JAHR;Jahr;2025;DLAND;Bundesländer;03;Niedersachsen;ERWAQ8;Arbeitslosenquote nach Schwerpunkten;ARBEITSQUO07;ausländisch;16,9;Prozent;ERWP10;Arbeitslosenquote bez. auf alle zivile Erwerbsp.
13211;Arbeitsmarktstatistik der Bundesagentur für Arbeit;JAHR;Jahr;2018;DLAND;Bundesländer;13;Mecklenburg-Vorpommern;ERWAQ8;Arbeitslosenquote nach Schwerpunkten;ARBEITSQUO07;ausländisch;20,0;Prozent;ERWP10;Arbeitslosenquote bez. auf alle zivile Erwerbsp.
13211;Arbeitsmarktstatistik der Bundesagentur für Arbeit;JAHR;Jahr;2018;DLAND;Bundesländer;04;Bremen;ERWAQ8;Arbeitslosenquote nach Schwerpunkten;ARBEITSQUO09;15 bis unter 25 Jahre;8,6;Prozent;ERWP10;Arbeitslosenquote bez. auf alle zivile Erwerbsp.
13211;Arbeitsmarktstatistik der Bundesagentur für Arbeit;JAHR;Jahr;2022;DLAND;Bundesländer;09;Bayern;ERWAQ8;Arbeitslosenquote nach Schwerpunkten;ARBEITSQUO05;Männer;3,2;Prozent;ERWP10;Arbeitslosenquote bez. auf alle zivile Erwerbsp.
13211;Arbeitsmarktstatistik der Bundesagentur für Arbeit;JAHR;Jahr;2019;DLAND;Bundesländer;11;Berlin;ERWAQ8;Arbeitslosenquote nach Schwerpunkten;ARBEITSQUO07;ausländisch;15,3;Prozent;ERWP10;Arbeitslosenquote bez. auf alle zivile Erwerbsp.
13211;Arbeitsmarktstatistik der Bundesagentur für Arbeit;JAHR;Jahr;2025;DLAND;Bundesländer;14;Sachsen;ERWAQ8;Arbeitslosenquote nach Schwerpunkten;ARBEITSQUO05;Männer;7,3;Prozent;ERWP10;Arbeitslosenquote bez. auf alle zivile Erwerbsp.
13211;Arbeitsmarktstatistik der Bundesagentur für Arbeit;JAHR;Jahr;2023;DLAND;Bundesländer;08;Baden-Württemberg;ERWAQ8;Arbeitslosenquote nach Schwerpunkten;ARBEITSQUO06;Frauen;3,9;Prozent;ERWP10;Arbeitslosenquote bez. auf alle zivile Erwerbsp.
13211;Arbeitsmarktstatistik der Bundesagentur für Arbeit;JAHR;Jahr;2017;DLAND;Bundesländer;13;Mecklenburg-Vorpommern;ERWAQ8;Arbeitslosenquote nach Schwerpunkten;ARBEITSQUO05;Männer;9,4;Prozent;ERWP10;Arbeitslosenquote bez. auf alle zivile Erwerbsp.
13211;Arbeitsmarktstatistik der Bundesagentur für Arbeit;JAHR;Jahr;2018;DLAND;Bundesländer;12;Brandenburg;ERWAQ8;Arbeitslosenquote nach Schwerpunkten;ARBEITSQUO06;Frauen;5,8;Prozent;ERWP10;Arbeitslosenquote bez. auf alle zivile Erwerbsp.
13211;Arbeitsmarktstatistik der Bundesagentur für Arbeit;JAHR;Jahr;2017;DLAND;Bundesländer;15;Sachsen-Anhalt;ERWAQ8;Arbeitslosenquote nach Schwerpunkten;ARBEITSQUO06;Frauen;8,1;Prozent;ERWP10;Arbeitslosenquote bez. auf alle zivile Erwerbsp.
13211;Arbeitsmarktstatistik der Bundesagentur für Arbeit;JAHR;Jahr;2019;DLAND;Bundesländer;03;Niedersachsen;ERWAQ8;Arbeitslosenquote nach Schwerpunkten;ARBEITSQUO09;15 bis unter 25 Jahre;4,7;Prozent;ERWP10;Arbeitslosenquote bez. auf alle zivile Erwerbsp.
13211;Arbeitsmarktstatistik der Bundesagentur für Arbeit;JAHR;Jahr;2025;DLAND;Bundesländer;14;Sachsen;ERWAQ8;Arbeitslosenquote nach Schwerpunkten;ARBEITSQUO06;Frauen;6,5;Prozent;ERWP10;Arbeitslosenquote bez. auf alle zivile Erwerbsp.
13211;Arbeitsmarktstatistik der Bundesagentur für Arbeit;JAHR;Jahr;2017;DLAND;Bundesländer;07;Rheinland-Pfalz;ERWAQ8;Arbeitslosenquote nach Schwerpunkten;ARBEITSQUO09;15 bis unter 25 Jahre;4,6;Prozent;ERWP10;Arbeitslosenquote bez. auf alle zivile Erwerbsp.
13211;Arbeitsmarktstatistik der Bundesagentur für Arbeit;JAHR;Jahr;2024;DLAND;Bundesländer;07;Rheinland-Pfalz;ERWAQ8;Arbeitslosenquote nach Schwerpunkten;ARBEITSQUO07;ausländisch;13,9;Prozent;ERWP10;Arbeitslosenquote bez. auf alle zivile Erwerbsp.
13211;Arbeitsmarktstatistik der Bundesagentur für Arbeit;JAHR;Jahr;2018;DLAND;Bundesländer;12;Brandenburg;ERWAQ8;Arbeitslosenquote nach Schwerpunkten;ARBEITSQUO05;Männer;6,8;Prozent;ERWP10;Arbeitslosenquote bez. auf alle zivile Erwerbsp.
13211;Arbeitsmarktstatistik der Bundesagentur für Arbeit;JAHR;Jahr;2021;DLAND;Bundesländer;10;Saarland;ERWAQ8;Arbeitslosenquote nach Schwerpunkten;ARBEITSQUO09;15 bis unter 25 Jahre;5,2;Prozent;ERWP10;Arbeitslosenquote bez. auf alle zivile Erwerbsp.
13211;Arbeitsmarktstatistik der Bundesagentur für Arbeit;JAHR;Jahr;2022;DLAND;Bundesländer;09;Bayern;ERWAQ8;Arbeitslosenquote nach Schwerpunkten;ARBEITSQUO06;Frauen;3,1;Prozent;ERWP10;Arbeitslosenquote bez. auf alle zivile Erwerbsp.
13211;Arbeitsmarktstatistik der Bundesagentur für Arbeit;JAHR;Jahr;2024;DLAND;Bundesländer;15;Sachsen-Anhalt;ERWAQ8;Arbeitslosenquote nach Schwerpunkten;ARBEITSQUO05;Männer;8,2;Prozent;ERWP10;Arbeitslosenquote bez. auf alle zivile Erwerbsp.
13211;Arbeitsmarktstatistik der Bundesagentur für Arbeit;JAHR;Jahr;2019;DLAND;Bundesländer;11;Berlin;ERWAQ8;Arbeitslosenquote nach Schwerpunkten;ARBEITSQUO06;Frauen;7,2;Prozent;ERWP10;Arbeitslosenquote bez. auf alle zivile Erwerbsp.
13211;Arbeitsmarktstatistik der Bundesagentur für Arbeit;JAHR;Jahr;2025;DLAND;Bundesländer;06;Hessen;ERWAQ8;Arbeitslosenquote nach Schwerpunkten;ARBEITSQUO09;15 bis unter 25 Jahre;5,9;Prozent;ERWP10;Arbeitslosenquote bez. auf alle zivile Erwerbsp.
13211;Arbeitsmarktstatistik der Bundesagentur für Arbeit;JAHR;Jahr;2020;DLAND;Bundesländer;10;Saarland;ERWAQ8;Arbeitslosenquote nach Schwerpunkten;ARBEITSQUO06;Frauen;6,4;Prozent;ERWP10;Arbeitslosenquote bez. auf alle zivile Erwerbsp.
13211;Arbeitsmarktstatistik der Bundesagentur für Arbeit;JAHR;Jahr;2017;DLAND;Bundesländer;03;Niedersachsen;ERWAQ8;Arbeitslosenquote nach Schwerpunkten;ARBEITSQUO06;Frauen;5,5;Prozent;ERWP10;Arbeitslosenquote bez. auf alle zivile Erwerbsp.
13211;Arbeitsmarktstatistik der Bundesagentur für Arbeit;JAHR;Jahr;2025;DLAND;Bundesländer;16;Thüringen;ERWAQ8;Arbeitslosenquote nach Schwerpunkten;ARBEITSQUO07;ausländisch;18,0;Prozent;ERWP10;Arbeitslosenquote bez. auf alle zivile Erwerbsp.
13211;Arbeitsmarktstatistik der Bundesagentur für Arbeit;JAHR;Jahr;2020;DLAND;Bundesländer;02;Hamburg;ERWAQ8;Arbeitslosenquote nach Schwerpunkten;ARBEITSQUO09;15 bis unter 25 Jahre;6,6;Prozent;ERWP10;Arbeitslosenquote bez. auf alle zivile Erwerbsp.
13211;Arbeitsmarktstatistik der Bundesagentur für Arbeit;JAHR;Jahr;2018;DLAND;Bundesländer;02;Hamburg;ERWAQ8;Arbeitslosenquote nach Schwerpunkten;ARBEITSQUO07;ausländisch;14,7;Prozent;ERWP10;Arbeitslosenquote bez. auf alle zivile Erwerbsp.
13211;Arbeitsmarktstatistik der Bundesagentur für Arbeit;JAHR;Jahr;2023;DLAND;Bundesländer;08;Baden-Württemberg;ERWAQ8;Arbeitslosenquote nach Schwerpunkten;ARBEITSQUO07;ausländisch;9,6;Prozent;ERWP10;Arbeitslosenquote bez. auf alle zivile Erwerbsp.
13211;Arbeitsmarktstatistik der Bundesagentur für Arbeit;JAHR;Jahr;2020;DLAND;Bundesländer;11;Berlin;ERWAQ8;Arbeitslosenquote nach Schwerpunkten;ARBEITSQUO07;ausländisch;18,9;Prozent;ERWP10;Arbeitslosenquote bez. auf alle zivile Erwerbsp.
13211;Arbeitsmarktstatistik der Bundesagentur für Arbeit;JAHR;Jahr;2025;DLAND;Bundesländer;02;Hamburg;ERWAQ8;Arbeitslosenquote nach Schwerpunkten;ARBEITSQUO05;Männer;8,6;Prozent;ERWP10;Arbeitslosenquote bez. auf alle zivile Erwerbsp.
13211;Arbeitsmarktstatistik der Bundesagentur für Arbeit;JAHR;Jahr;2024;DLAND;Bundesländer;09;Bayern;ERWAQ8;Arbeitslosenquote nach Schwerpunkten;ARBEITSQUO09;15 bis unter 25 Jahre;3,2;Prozent;ERWP10;Arbeitslosenquote bez. auf alle zivile Erwerbsp.
13211;Arbeitsmarktstatistik der Bundesagentur für Arbeit;JAHR;Jahr;2017;DLAND;Bundesländer;02;Hamburg;ERWAQ8;Arbeitslosenquote nach Schwerpunkten;ARBEITSQUO05;Männer;7,3;Prozent;ERWP10;Arbeitslosenquote bez. auf alle zivile Erwerbsp.
13211;Arbeitsmarktstatistik der Bundesagentur für Arbeit;JAHR;Jahr;2018;DLAND;Bundesländer;01;Schleswig-Holstein;ERWAQ8;Arbeitslosenquote nach Schwerpunkten;ARBEITSQUO06;Frauen;5,1;Prozent;ERWP10;Arbeitslosenquote bez. auf alle zivile Erwerbsp.
13211;Arbeitsmarktstatistik der Bundesagentur für Arbeit;JAHR;Jahr;2019;DLAND;Bundesländer;14;Sachsen;ERWAQ8;Arbeitslosenquote nach Schwerpunkten;ARBEITSQUO09;15 bis unter 25 Jahre;6,1;Prozent;ERWP10;Arbeitslosenquote bez. auf alle zivile Erwerbsp.
13211;Arbeitsmarktstatistik der Bundesagentur für Arbeit;JAHR;Jahr;2017;DLAND;Bundesländer;04;Bremen;ERWAQ8;Arbeitslosenquote nach Schwerpunkten;ARBEITSQUO06;Frauen;9,7;Prozent;ERWP10;Arbeitslosenquote bez. auf alle zivile Erwerbsp.
13211;Arbeitsmarktstatistik der Bundesagentur für Arbeit;JAHR;Jahr;2024;DLAND;Bundesländer;04;Bremen;ERWAQ8;Arbeitslosenquote nach Schwerpunkten;ARBEITSQUO05;Männer;11,3;Prozent;ERWP10;Arbeitslosenquote bez. auf alle zivile Erwerbsp.
13211;Arbeitsmarktstatistik der Bundesagentur für Arbeit;JAHR;Jahr;2025;DLAND;Bundesländer;03;Niedersachsen;ERWAQ8;Arbeitslosenquote nach Schwerpunkten;ARBEITSQUO06;Frauen;5,8;Prozent;ERWP10;Arbeitslosenquote bez. auf alle zivile Erwerbsp.
13211;Arbeitsmarktstatistik der Bundesagentur für Arbeit;JAHR;Jahr;2021;DLAND;Bundesländer;11;Berlin;ERWAQ8;Arbeitslosenquote nach Schwerpunkten;ARBEITSQUO09;15 bis unter 25 Jahre;10,4;Prozent;ERWP10;Arbeitslosenquote bez. auf alle zivile Erwerbsp.
13211;Arbeitsmarktstatistik der Bundesagentur für Arbeit;JAHR;Jahr;2017;DLAND;Bundesländer;05;Nordrhein-Westfalen;ERWAQ8;Arbeitslosenquote nach Schwerpunkten;ARBEITSQUO07;ausländisch;21,2;Prozent;ERWP10;Arbeitslosenquote bez. auf alle zivile Erwerbsp.
13211;Arbeitsmarktstatistik der Bundesagentur für Arbeit;JAHR;Jahr;2023;DLAND;Bundesländer;06;Hessen;ERWAQ8;Arbeitslosenquote nach Schwerpunkten;ARBEITSQUO05;Männer;5,2;Prozent;ERWP10;Arbeitslosenquote bez. auf alle zivile Erwerbsp.
13211;Arbeitsmarktstatistik der Bundesagentur für Arbeit;JAHR;Jahr;2020;DLAND;Bundesländer;13;Mecklenburg-Vorpommern;ERWAQ8;Arbeitslosenquote nach Schwerpunkten;ARBEITSQUO09;15 bis unter 25 Jahre;9,5;Prozent;ERWP10;Arbeitslosenquote bez. auf alle zivile Erwerbsp.
13211;Arbeitsmarktstatistik der Bundesagentur für Arbeit;JAHR;Jahr;2025;DLAND;Bundesländer;04;Bremen;ERWAQ8;Arbeitslosenquote nach Schwerpunkten;ARBEITSQUO07;ausländisch;23,8;Prozent;ERWP10;Arbeitslosenquote bez. auf alle zivile Erwerbsp.
13211;Arbeitsmarktstatistik der Bundesagentur für Arbeit;JAHR;Jahr;2024;DLAND;Bundesländer;05;Nordrhein-Westfalen;ERWAQ8;Arbeitslosenquote nach Schwerpunkten;ARBEITSQUO06;Frauen;7,3;Prozent;ERWP10;Arbeitslosenquote bez. auf alle zivile Erwerbsp.
13211;Arbeitsmarktstatistik der Bundesagentur für Arbeit;JAHR;Jahr;2018;DLAND;Bundesländer;14;Sachsen;ERWAQ8;Arbeitslosenquote nach Schwerpunkten;ARBEITSQUO07;ausländisch;20,3;Prozent;ERWP10;Arbeitslosenquote bez. auf alle zivile Erwerbsp.
13211;Arbeitsmarktstatistik der Bundesagentur für Arbeit;JAHR;Jahr;2017;DLAND;Bundesländer;14;Sachsen;ERWAQ8;Arbeitslosenquote nach Schwerpunkten;ARBEITSQUO05;Männer;7,1;Prozent;ERWP10;Arbeitslosenquote bez. auf alle zivile Erwerbsp.
13211;Arbeitsmarktstatistik der Bundesagentur für Arbeit;JAHR;Jahr;2018;DLAND;Bundesländer;05;Nordrhein-Westfalen;ERWAQ8;Arbeitslosenquote nach Schwerpunkten;ARBEITSQUO09;15 bis unter 25 Jahre;5,6;Prozent;ERWP10;Arbeitslosenquote bez. auf alle zivile Erwerbsp.
13211;Arbeitsmarktstatistik der Bundesagentur für Arbeit;JAHR;Jahr;2020;DLAND;Bundesländer;15;Sachsen-Anhalt;ERWAQ8;Arbeitslosenquote nach Schwerpunkten;ARBEITSQUO05;Männer;8,3;Prozent;ERWP10;Arbeitslosenquote bez. auf alle zivile Erwerbsp.
13211;Arbeitsmarktstatistik der Bundesagentur für Arbeit;JAHR;Jahr;2021;DLAND;Bundesländer;12;Brandenburg;ERWAQ8;Arbeitslosenquote nach Schwerpunkten;ARBEITSQUO06;Frauen;5,3;Prozent;ERWP10;Arbeitslosenquote bez. auf alle zivile Erwerbsp.
13211;Arbeitsmarktstatistik der Bundesagentur für Arbeit;JAHR;Jahr;2019;DLAND;Bundesländer;12;Brandenburg;ERWAQ8;Arbeitslosenquote nach Schwerpunkten;ARBEITSQUO07;ausländisch;17,0;Prozent;ERWP10;Arbeitslosenquote bez. auf alle zivile Erwerbsp.
13211;Arbeitsmarktstatistik der Bundesagentur für Arbeit;JAHR;Jahr;2022;DLAND;Bundesländer;06;Hessen;ERWAQ8;Arbeitslosenquote nach Schwerpunkten;ARBEITSQUO05;Männer;4,7;Prozent;ERWP10;Arbeitslosenquote bez. auf alle zivile Erwerbsp.
13211;Arbeitsmarktstatistik der Bundesagentur für Arbeit;JAHR;Jahr;2018;DLAND;Bundesländer;15;Sachsen-Anhalt;ERWAQ8;Arbeitslosenquote nach Schwerpunkten;ARBEITSQUO06;Frauen;7,3;Prozent;ERWP10;Arbeitslosenquote bez. auf alle zivile Erwerbsp.
13211;Arbeitsmarktstatistik der Bundesagentur für Arbeit;JAHR;Jahr;2025;DLAND;Bundesländer;01;Schleswig-Holstein;ERWAQ8;Arbeitslosenquote nach Schwerpunkten;ARBEITSQUO07;ausländisch;17,8;Prozent;ERWP10;Arbeitslosenquote bez. auf alle zivile Erwerbsp.
13211;Arbeitsmarktstatistik der Bundesagentur für Arbeit;JAHR;Jahr;2021;DLAND;Bundesländer;04;Bremen;ERWAQ8;Arbeitslosenquote nach Schwerpunkten;ARBEITSQUO09;15 bis unter 25 Jahre;9,3;Prozent;ERWP10;Arbeitslosenquote bez. auf alle zivile Erwerbsp.
13211;Arbeitsmarktstatistik der Bundesagentur für Arbeit;JAHR;Jahr;2023;DLAND;Bundesländer;10;Saarland;ERWAQ8;Arbeitslosenquote nach Schwerpunkten;ARBEITSQUO07;ausländisch;21,8;Prozent;ERWP10;Arbeitslosenquote bez. auf alle zivile Erwerbsp.
13211;Arbeitsmarktstatistik der Bundesagentur für Arbeit;JAHR;Jahr;2018;DLAND;Bundesländer;08;Baden-Württemberg;ERWAQ8;Arbeitslosenquote nach Schwerpunkten;ARBEITSQUO05;Männer;3,2;Prozent;ERWP10;Arbeitslosenquote bez. auf alle zivile Erwerbsp.
13211;Arbeitsmarktstatistik der Bundesagentur für Arbeit;JAHR;Jahr;2023;DLAND;Bundesländer;03;Niedersachsen;ERWAQ8;Arbeitslosenquote nach Schwerpunkten;ARBEITSQUO06;Frauen;5,6;Prozent;ERWP10;Arbeitslosenquote bez. auf alle zivile Erwerbsp.
13211;Arbeitsmarktstatistik der Bundesagentur für Arbeit;JAHR;Jahr;2019;DLAND;Bundesländer;08;Baden-Württemberg;ERWAQ8;Arbeitslosenquote nach Schwerpunkten;ARBEITSQUO09;15 bis unter 25 Jahre;2,5;Prozent;ERWP10;Arbeitslosenquote bez. auf alle zivile Erwerbsp.
13211;Arbeitsmarktstatistik der Bundesagentur für Arbeit;JAHR;Jahr;2025;DLAND;Bundesländer;09;Bayern;ERWAQ8;Arbeitslosenquote nach Schwerpunkten;ARBEITSQUO09;15 bis unter 25 Jahre;3,6;Prozent;ERWP10;Arbeitslosenquote bez. auf alle zivile Erwerbsp.
13211;Arbeitsmarktstatistik der Bundesagentur für Arbeit;JAHR;Jahr;2020;DLAND;Bundesländer;11;Berlin;ERWAQ8;Arbeitslosenquote nach Schwerpunkten;ARBEITSQUO06;Frauen;9,0;Prozent;ERWP10;Arbeitslosenquote bez. auf alle zivile Erwerbsp.
13211;Arbeitsmarktstatistik der Bundesagentur für Arbeit;JAHR;Jahr;2021;DLAND;Bundesländer;05;Nordrhein-Westfalen;ERWAQ8;Arbeitslosenquote nach Schwerpunkten;ARBEITSQUO05;Männer;7,6;Prozent;ERWP10;Arbeitslosenquote bez. auf alle zivile Erwerbsp.
13211;Arbeitsmarktstatistik der Bundesagentur für Arbeit;JAHR;Jahr;2019;DLAND;Bundesländer;16;Thüringen;ERWAQ8;Arbeitslosenquote nach Schwerpunkten;ARBEITSQUO06;Frauen;4,9;Prozent;ERWP10;Arbeitslosenquote bez. auf alle zivile Erwerbsp.
13211;Arbeitsmarktstatistik der Bundesagentur für Arbeit;JAHR;Jahr;2024;DLAND;Bundesländer;11;Berlin;ERWAQ8;Arbeitslosenquote nach Schwerpunkten;ARBEITSQUO07;ausländisch;17,6;Prozent;ERWP10;Arbeitslosenquote bez. auf alle zivile Erwerbsp.
13211;Arbeitsmarktstatistik der Bundesagentur für Arbeit;JAHR;Jahr;2017;DLAND;Bundesländer;02;Hamburg;ERWAQ8;Arbeitslosenquote nach Schwerpunkten;ARBEITSQUO06;Frauen;6,3;Prozent;ERWP10;Arbeitslosenquote bez. auf alle zivile Erwerbsp.
13211;Arbeitsmarktstatistik der Bundesagentur für Arbeit;JAHR;Jahr;2024;DLAND;Bundesländer;16;Thüringen;ERWAQ8;Arbeitslosenquote nach Schwerpunkten;ARBEITSQUO06;Frauen;5,9;Prozent;ERWP10;Arbeitslosenquote bez. auf alle zivile Erwerbsp.
13211;Arbeitsmarktstatistik der Bundesagentur für Arbeit;JAHR;Jahr;2025;DLAND;Bundesländer;13;Mecklenburg-Vorpommern;ERWAQ8;Arbeitslosenquote nach Schwerpunkten;ARBEITSQUO07;ausländisch;21,3;Prozent;ERWP10;Arbeitslosenquote bez. auf alle zivile Erwerbsp.
13211;Arbeitsmarktstatistik der Bundesagentur für Arbeit;JAHR;Jahr;2022;DLAND;Bundesländer;02;Hamburg;ERWAQ8;Arbeitslosenquote nach Schwerpunkten;ARBEITSQUO06;Frauen;6,7;Prozent;ERWP10;Arbeitslosenquote bez. auf alle zivile Erwerbsp.
13211;Arbeitsmarktstatistik der Bundesagentur für Arbeit;JAHR;Jahr;2020;DLAND;Bundesländer;03;Niedersachsen;ERWAQ8;Arbeitslosenquote nach Schwerpunkten;ARBEITSQUO09;15 bis unter 25 Jahre;5,6;Prozent;ERWP10;Arbeitslosenquote bez. auf alle zivile Erwerbsp.
13211;Arbeitsmarktstatistik der Bundesagentur für Arbeit;JAHR;Jahr;2017;DLAND;Bundesländer;07;Rheinland-Pfalz;ERWAQ8;Arbeitslosenquote nach Schwerpunkten;ARBEITSQUO05;Männer;5,0;Prozent;ERWP10;Arbeitslosenquote bez. auf alle zivile Erwerbsp.
13211;Arbeitsmarktstatistik der Bundesagentur für Arbeit;JAHR;Jahr;2020;DLAND;Bundesländer;04;Bremen;ERWAQ8;Arbeitslosenquote nach Schwerpunkten;ARBEITSQUO05;Männer;11,9;Prozent;ERWP10;Arbeitslosenquote bez. auf alle zivile Erwerbsp.
13211;Arbeitsmarktstatistik der Bundesagentur für Arbeit;JAHR;Jahr;2021;DLAND;Bundesländer;01;Schleswig-Holstein;ERWAQ8;Arbeitslosenquote nach Schwerpunkten;ARBEITSQUO06;Frauen;5,2;Prozent;ERWP10;Arbeitslosenquote bez. auf alle zivile Erwerbsp.
13211;Arbeitsmarktstatistik der Bundesagentur für Arbeit;JAHR;Jahr;2019;DLAND;Bundesländer;01;Schleswig-Holstein;ERWAQ8;Arbeitslosenquote nach Schwerpunkten;ARBEITSQUO07;ausländisch;16,7;Prozent;ERWP10;Arbeitslosenquote bez. auf alle zivile Erwerbsp.
13211;Arbeitsmarktstatistik der Bundesagentur für Arbeit;JAHR;Jahr;2025;DLAND;Bundesländer;12;Brandenburg;ERWAQ8;Arbeitslosenquote nach Schwerpunkten;ARBEITSQUO07;ausländisch;19,4;Prozent;ERWP10;Arbeitslosenquote bez. auf alle zivile Erwerbsp.
13211;Arbeitsmarktstatistik der Bundesagentur für Arbeit;JAHR;Jahr;2024;DLAND;Bundesländer;09;Bayern;ERWAQ8;Arbeitslosenquote nach Schwerpunkten;ARBEITSQUO05;Männer;3,8;Prozent;ERWP10;Arbeitslosenquote bez. auf alle zivile Erwerbsp.
13211;Arbeitsmarktstatistik der Bundesagentur für Arbeit;JAHR;Jahr;2018;DLAND;Bundesländer;04;Bremen;ERWAQ8;Arbeitslosenquote nach Schwerpunkten;ARBEITSQUO06;Frauen;9,3;Prozent;ERWP10;Arbeitslosenquote bez. auf alle zivile Erwerbsp.
13211;Arbeitsmarktstatistik der Bundesagentur für Arbeit;JAHR;Jahr;2024;DLAND;Bundesländer;08;Baden-Württemberg;ERWAQ8;Arbeitslosenquote nach Schwerpunkten;ARBEITSQUO09;15 bis unter 25 Jahre;3,3;Prozent;ERWP10;Arbeitslosenquote bez. auf alle zivile Erwerbsp.
13211;Arbeitsmarktstatistik der Bundesagentur für Arbeit;JAHR;Jahr;2025;DLAND;Bundesländer;09;Bayern;ERWAQ8;Arbeitslosenquote nach Schwerpunkten;ARBEITSQUO05;Männer;4,2;Prozent;ERWP10;Arbeitslosenquote bez. auf alle zivile Erwerbsp.
13211;Arbeitsmarktstatistik der Bundesagentur für Arbeit;JAHR;Jahr;2021;DLAND;Bundesländer;16;Thüringen;ERWAQ8;Arbeitslosenquote nach Schwerpunkten;ARBEITSQUO09;15 bis unter 25 Jahre;5,9;Prozent;ERWP10;Arbeitslosenquote bez. auf alle zivile Erwerbsp.
13211;Arbeitsmarktstatistik der Bundesagentur für Arbeit;JAHR;Jahr;2025;DLAND;Bundesländer;06;Hessen;ERWAQ8;Arbeitslosenquote nach Schwerpunkten;ARBEITSQUO06;Frauen;5,7;Prozent;ERWP10;Arbeitslosenquote bez. auf alle zivile Erwerbsp.
13211;Arbeitsmarktstatistik der Bundesagentur für Arbeit;JAHR;Jahr;2023;DLAND;Bundesländer;14;Sachsen;ERWAQ8;Arbeitslosenquote nach Schwerpunkten;ARBEITSQUO06;Frauen;5,9;Prozent;ERWP10;Arbeitslosenquote bez. auf alle zivile Erwerbsp.
13211;Arbeitsmarktstatistik der Bundesagentur für Arbeit;JAHR;Jahr;2017;DLAND;Bundesländer;06;Hessen;ERWAQ8;Arbeitslosenquote nach Schwerpunkten;ARBEITSQUO09;15 bis unter 25 Jahre;5,0;Prozent;ERWP10;Arbeitslosenquote bez. auf alle zivile Erwerbsp.
13211;Arbeitsmarktstatistik der Bundesagentur für Arbeit;JAHR;Jahr;2023;DLAND;Bundesländer;07;Rheinland-Pfalz;ERWAQ8;Arbeitslosenquote nach Schwerpunkten;ARBEITSQUO05;Männer;5,0;Prozent;ERWP10;Arbeitslosenquote bez. auf alle zivile Erwerbsp.
13211;Arbeitsmarktstatistik der Bundesagentur für Arbeit;JAHR;Jahr;2023;DLAND;Bundesländer;06;Hessen;ERWAQ8;Arbeitslosenquote nach Schwerpunkten;ARBEITSQUO09;15 bis unter 25 Jahre;5,0;Prozent;ERWP10;Arbeitslosenquote bez. auf alle zivile Erwerbsp.
13211;Arbeitsmarktstatistik der Bundesagentur für Arbeit;JAHR;Jahr;2019;DLAND;Bundesländer;04;Bremen;ERWAQ8;Arbeitslosenquote nach Schwerpunkten;ARBEITSQUO06;Frauen;9,3;Prozent;ERWP10;Arbeitslosenquote bez. auf alle zivile Erwerbsp.
13211;Arbeitsmarktstatistik der Bundesagentur für Arbeit;JAHR;Jahr;2023;DLAND;Bundesländer;11;Berlin;ERWAQ8;Arbeitslosenquote nach Schwerpunkten;ARBEITSQUO07;ausländisch;17,6;Prozent;ERWP10;Arbeitslosenquote bez. auf alle zivile Erwerbsp.
13211;Arbeitsmarktstatistik der Bundesagentur für Arbeit;JAHR;Jahr;2017;DLAND;Bundesländer;14;Sachsen;ERWAQ8;Arbeitslosenquote nach Schwerpunkten;ARBEITSQUO06;Frauen;6,2;Prozent;ERWP10;Arbeitslosenquote bez. auf alle zivile Erwerbsp.
13211;Arbeitsmarktstatistik der Bundesagentur für Arbeit;JAHR;Jahr;2024;DLAND;Bundesländer;04;Bremen;ERWAQ8;Arbeitslosenquote nach Schwerpunkten;ARBEITSQUO06;Frauen;10,8;Prozent;ERWP10;Arbeitslosenquote bez. auf alle zivile Erwerbsp.
13211;Arbeitsmarktstatistik der Bundesagentur für Arbeit;JAHR;Jahr;2018;DLAND;Bundesländer;16;Thüringen;ERWAQ8;Arbeitslosenquote nach Schwerpunkten;ARBEITSQUO06;Frauen;5,2;Prozent;ERWP10;Arbeitslosenquote bez. auf alle zivile Erwerbsp.
13211;Arbeitsmarktstatistik der Bundesagentur für Arbeit;JAHR;Jahr;2019;DLAND;Bundesländer;09;Bayern;ERWAQ8;Arbeitslosenquote nach Schwerpunkten;ARBEITSQUO05;Männer;3,0;Prozent;ERWP10;Arbeitslosenquote bez. auf alle zivile Erwerbsp.
13211;Arbeitsmarktstatistik der Bundesagentur für Arbeit;JAHR;Jahr;2022;DLAND;Bundesländer;06;Hessen;ERWAQ8;Arbeitslosenquote nach Schwerpunkten;ARBEITSQUO09;15 bis unter 25 Jahre;4,5;Prozent;ERWP10;Arbeitslosenquote bez. auf alle zivile Erwerbsp.
13211;Arbeitsmarktstatistik der Bundesagentur für Arbeit;JAHR;Jahr;2022;DLAND;Bundesländer;14;Sachsen;ERWAQ8;Arbeitslosenquote nach Schwerpunkten;ARBEITSQUO06;Frauen;5,4;Prozent;ERWP10;Arbeitslosenquote bez. auf alle zivile Erwerbsp.
13211;Arbeitsmarktstatistik der Bundesagentur für Arbeit;JAHR;Jahr;2018;DLAND;Bundesländer;11;Berlin;ERWAQ8;Arbeitslosenquote nach Schwerpunkten;ARBEITSQUO07;ausländisch;16,1;Prozent;ERWP10;Arbeitslosenquote bez. auf alle zivile Erwerbsp.
13211;Arbeitsmarktstatistik der Bundesagentur für Arbeit;JAHR;Jahr;2018;DLAND;Bundesländer;06;Hessen;ERWAQ8;Arbeitslosenquote nach Schwerpunkten;ARBEITSQUO09;15 bis unter 25 Jahre;4,6;Prozent;ERWP10;Arbeitslosenquote bez. auf alle zivile Erwerbsp.
13211;Arbeitsmarktstatistik der Bundesagentur für Arbeit;JAHR;Jahr;2020;DLAND;Bundesländer;14;Sachsen;ERWAQ8;Arbeitslosenquote nach Schwerpunkten;ARBEITSQUO09;15 bis unter 25 Jahre;7,0;Prozent;ERWP10;Arbeitslosenquote bez. auf alle zivile Erwerbsp.
13211;Arbeitsmarktstatistik der Bundesagentur für Arbeit;JAHR;Jahr;2020;DLAND;Bundesländer;14;Sachsen;ERWAQ8;Arbeitslosenquote nach Schwerpunkten;ARBEITSQUO05;Männer;6,6;Prozent;ERWP10;Arbeitslosenquote bez. auf alle zivile Erwerbsp.
13211;Arbeitsmarktstatistik der Bundesagentur für Arbeit;JAHR;Jahr;2018;DLAND;Bundesländer;08;Baden-Württemberg;ERWAQ8;Arbeitslosenquote nach Schwerpunkten;ARBEITSQUO09;15 bis unter 25 Jahre;2,5;Prozent;ERWP10;Arbeitslosenquote bez. auf alle zivile Erwerbsp.
13211;Arbeitsmarktstatistik der Bundesagentur für Arbeit;JAHR;Jahr;2021;DLAND;Bundesländer;13;Mecklenburg-Vorpommern;ERWAQ8;Arbeitslosenquote nach Schwerpunkten;ARBEITSQUO06;Frauen;6,8;Prozent;ERWP10;Arbeitslosenquote bez. auf alle zivile Erwerbsp.
13211;Arbeitsmarktstatistik der Bundesagentur für Arbeit;JAHR;Jahr;2019;DLAND;Bundesländer;13;Mecklenburg-Vorpommern;ERWAQ8;Arbeitslosenquote nach Schwerpunkten;ARBEITSQUO07;ausländisch;17,0;Prozent;ERWP10;Arbeitslosenquote bez. auf alle zivile Erwerbsp.
13211;Arbeitsmarktstatistik der Bundesagentur für Arbeit;JAHR;Jahr;2018;DLAND;Bundesländer;14;Sachsen;ERWAQ8;Arbeitslosenquote nach Schwerpunkten;ARBEITSQUO06;Frauen;5,5;Prozent;ERWP10;Arbeitslosenquote bez. auf alle zivile Erwerbsp.
13211;Arbeitsmarktstatistik der Bundesagentur für Arbeit;JAHR;Jahr;2022;DLAND;Bundesländer;07;Rheinland-Pfalz;ERWAQ8;Arbeitslosenquote nach Schwerpunkten;ARBEITSQUO05;Männer;4,6;Prozent;ERWP10;Arbeitslosenquote bez. auf alle zivile Erwerbsp.
13211;Arbeitsmarktstatistik der Bundesagentur für Arbeit;JAHR;Jahr;2024;DLAND;Bundesländer;01;Schleswig-Holstein;ERWAQ8;Arbeitslosenquote nach Schwerpunkten;ARBEITSQUO07;ausländisch;19,0;Prozent;ERWP10;Arbeitslosenquote bez. auf alle zivile Erwerbsp.
13211;Arbeitsmarktstatistik der Bundesagentur für Arbeit;JAHR;Jahr;2023;DLAND;Bundesländer;02;Hamburg;ERWAQ8;Arbeitslosenquote nach Schwerpunkten;ARBEITSQUO06;Frauen;7,3;Prozent;ERWP10;Arbeitslosenquote bez. auf alle zivile Erwerbsp.
13211;Arbeitsmarktstatistik der Bundesagentur für Arbeit;JAHR;Jahr;2021;DLAND;Bundesländer;05;Nordrhein-Westfalen;ERWAQ8;Arbeitslosenquote nach Schwerpunkten;ARBEITSQUO09;15 bis unter 25 Jahre;5,7;Prozent;ERWP10;Arbeitslosenquote bez. auf alle zivile Erwerbsp.
13211;Arbeitsmarktstatistik der Bundesagentur für Arbeit;JAHR;Jahr;2025;DLAND;Bundesländer;16;Thüringen;ERWAQ8;Arbeitslosenquote nach Schwerpunkten;ARBEITSQUO06;Frauen;5,9;Prozent;ERWP10;Arbeitslosenquote bez. auf alle zivile Erwerbsp.
13211;Arbeitsmarktstatistik der Bundesagentur für Arbeit;JAHR;Jahr;2019;DLAND;Bundesländer;06;Hessen;ERWAQ8;Arbeitslosenquote nach Schwerpunkten;ARBEITSQUO06;Frauen;4,2;Prozent;ERWP10;Arbeitslosenquote bez. auf alle zivile Erwerbsp.
13211;Arbeitsmarktstatistik der Bundesagentur für Arbeit;JAHR;Jahr;2018;DLAND;Bundesländer;07;Rheinland-Pfalz;ERWAQ8;Arbeitslosenquote nach Schwerpunkten;ARBEITSQUO05;Männer;4,6;Prozent;ERWP10;Arbeitslosenquote bez. auf alle zivile Erwerbsp.
13211;Arbeitsmarktstatistik der Bundesagentur für Arbeit;JAHR;Jahr;2020;DLAND;Bundesländer;12;Brandenburg;ERWAQ8;Arbeitslosenquote nach Schwerpunkten;ARBEITSQUO06;Frauen;5,5;Prozent;ERWP10;Arbeitslosenquote bez. auf alle zivile Erwerbsp.
13211;Arbeitsmarktstatistik der Bundesagentur für Arbeit;JAHR;Jahr;2025;DLAND;Bundesländer;08;Baden-Württemberg;ERWAQ8;Arbeitslosenquote nach Schwerpunkten;ARBEITSQUO09;15 bis unter 25 Jahre;3,7;Prozent;ERWP10;Arbeitslosenquote bez. auf alle zivile Erwerbsp.
13211;Arbeitsmarktstatistik der Bundesagentur für Arbeit;JAHR;Jahr;2017;DLAND;Bundesländer;16;Thüringen;ERWAQ8;Arbeitslosenquote nach Schwerpunkten;ARBEITSQUO09;15 bis unter 25 Jahre;6,7;Prozent;ERWP10;Arbeitslosenquote bez. auf alle zivile Erwerbsp.
13211;Arbeitsmarktstatistik der Bundesagentur für Arbeit;JAHR;Jahr;2021;DLAND;Bundesländer;04;Bremen;ERWAQ8;Arbeitslosenquote nach Schwerpunkten;ARBEITSQUO05;Männer;11,2;Prozent;ERWP10;Arbeitslosenquote bez. auf alle zivile Erwerbsp.
13211;Arbeitsmarktstatistik der Bundesagentur für Arbeit;JAHR;Jahr;2017;DLAND;Bundesländer;01;Schleswig-Holstein;ERWAQ8;Arbeitslosenquote nach Schwerpunkten;ARBEITSQUO06;Frauen;5,5;Prozent;ERWP10;Arbeitslosenquote bez. auf alle zivile Erwerbsp.
13211;Arbeitsmarktstatistik der Bundesagentur für Arbeit;JAHR;Jahr;2024;DLAND;Bundesländer;15;Sachsen-Anhalt;ERWAQ8;Arbeitslosenquote nach Schwerpunkten;ARBEITSQUO06;Frauen;7,1;Prozent;ERWP10;Arbeitslosenquote bez. auf alle zivile Erwerbsp.
13211;Arbeitsmarktstatistik der Bundesagentur für Arbeit;JAHR;Jahr;2025;DLAND;Bundesländer;14;Sachsen;ERWAQ8;Arbeitslosenquote nach Schwerpunkten;ARBEITSQUO07;ausländisch;22,5;Prozent;ERWP10;Arbeitslosenquote bez. auf alle zivile Erwerbsp.
13211;Arbeitsmarktstatistik der Bundesagentur für Arbeit;JAHR;Jahr;2022;DLAND;Bundesländer;03;Niedersachsen;ERWAQ8;Arbeitslosenquote nach Schwerpunkten;ARBEITSQUO06;Frauen;5,1;Prozent;ERWP10;Arbeitslosenquote bez. auf alle zivile Erwerbsp.
13211;Arbeitsmarktstatistik der Bundesagentur für Arbeit;JAHR;Jahr;2020;DLAND;Bundesländer;04;Bremen;ERWAQ8;Arbeitslosenquote nach Schwerpunkten;ARBEITSQUO09;15 bis unter 25 Jahre;10,7;Prozent;ERWP10;Arbeitslosenquote bez. auf alle zivile Erwerbsp.
13211;Arbeitsmarktstatistik der Bundesagentur für Arbeit;JAHR;Jahr;2017;DLAND;Bundesländer;08;Baden-Württemberg;ERWAQ8;Arbeitslosenquote nach Schwerpunkten;ARBEITSQUO05;Männer;3,6;Prozent;ERWP10;Arbeitslosenquote bez. auf alle zivile Erwerbsp.
13211;Arbeitsmarktstatistik der Bundesagentur für Arbeit;JAHR;Jahr;2020;DLAND;Bundesländer;03;Niedersachsen;ERWAQ8;Arbeitslosenquote nach Schwerpunkten;ARBEITSQUO05;Männer;6,1;Prozent;ERWP10;Arbeitslosenquote bez. auf alle zivile Erwerbsp.
13211;Arbeitsmarktstatistik der Bundesagentur für Arbeit;JAHR;Jahr;2021;DLAND;Bundesländer;02;Hamburg;ERWAQ8;Arbeitslosenquote nach Schwerpunkten;ARBEITSQUO06;Frauen;7,1;Prozent;ERWP10;Arbeitslosenquote bez. auf alle zivile Erwerbsp.
13211;Arbeitsmarktstatistik der Bundesagentur für Arbeit;JAHR;Jahr;2019;DLAND;Bundesländer;02;Hamburg;ERWAQ8;Arbeitslosenquote nach Schwerpunkten;ARBEITSQUO07;ausländisch;14,0;Prozent;ERWP10;Arbeitslosenquote bez. auf alle zivile Erwerbsp.
13211;Arbeitsmarktstatistik der Bundesagentur für Arbeit;JAHR;Jahr;2018;DLAND;Bundesländer;03;Niedersachsen;ERWAQ8;Arbeitslosenquote nach Schwerpunkten;ARBEITSQUO06;Frauen;5,1;Prozent;ERWP10;Arbeitslosenquote bez. auf alle zivile Erwerbsp.
13211;Arbeitsmarktstatistik der Bundesagentur für Arbeit;JAHR;Jahr;2024;DLAND;Bundesländer;07;Rheinland-Pfalz;ERWAQ8;Arbeitslosenquote nach Schwerpunkten;ARBEITSQUO09;15 bis unter 25 Jahre;5,0;Prozent;ERWP10;Arbeitslosenquote bez. auf alle zivile Erwerbsp.
13211;Arbeitsmarktstatistik der Bundesagentur für Arbeit;JAHR;Jahr;2023;DLAND;Bundesländer;13;Mecklenburg-Vorpommern;ERWAQ8;Arbeitslosenquote nach Schwerpunkten;ARBEITSQUO06;Frauen;7,1;Prozent;ERWP10;Arbeitslosenquote bez. auf alle zivile Erwerbsp.
13211;Arbeitsmarktstatistik der Bundesagentur für Arbeit;JAHR;Jahr;2024;DLAND;Bundesländer;12;Brandenburg;ERWAQ8;Arbeitslosenquote nach Schwerpunkten;ARBEITSQUO07;ausländisch;20,5;Prozent;ERWP10;Arbeitslosenquote bez. auf alle zivile Erwerbsp.
13211;Arbeitsmarktstatistik der Bundesagentur für Arbeit;JAHR;Jahr;2025;DLAND;Bundesländer;08;Baden-Württemberg;ERWAQ8;Arbeitslosenquote nach Schwerpunkten;ARBEITSQUO05;Männer;4,7;Prozent;ERWP10;Arbeitslosenquote bez. auf alle zivile Erwerbsp.
13211;Arbeitsmarktstatistik der Bundesagentur für Arbeit;JAHR;Jahr;2025;DLAND;Bundesländer;05;Nordrhein-Westfalen;ERWAQ8;Arbeitslosenquote nach Schwerpunkten;ARBEITSQUO06;Frauen;7,5;Prozent;ERWP10;Arbeitslosenquote bez. auf alle zivile Erwerbsp.
13211;Arbeitsmarktstatistik der Bundesagentur für Arbeit;JAHR;Jahr;2017;DLAND;Bundesländer;10;Saarland;ERWAQ8;Arbeitslosenquote nach Schwerpunkten;ARBEITSQUO07;ausländisch;21,1;Prozent;ERWP10;Arbeitslosenquote bez. auf alle zivile Erwerbsp.
13211;Arbeitsmarktstatistik der Bundesagentur für Arbeit;JAHR;Jahr;2017;DLAND;Bundesländer;05;Nordrhein-Westfalen;ERWAQ8;Arbeitslosenquote nach Schwerpunkten;ARBEITSQUO09;15 bis unter 25 Jahre;6,3;Prozent;ERWP10;Arbeitslosenquote bez. auf alle zivile Erwerbsp.
13211;Arbeitsmarktstatistik der Bundesagentur für Arbeit;JAHR;Jahr;2019;DLAND;Bundesländer;09;Bayern;ERWAQ8;Arbeitslosenquote nach Schwerpunkten;ARBEITSQUO09;15 bis unter 25 Jahre;2,5;Prozent;ERWP10;Arbeitslosenquote bez. auf alle zivile Erwerbsp.
13211;Arbeitsmarktstatistik der Bundesagentur für Arbeit;JAHR;Jahr;2021;DLAND;Bundesländer;16;Thüringen;ERWAQ8;Arbeitslosenquote nach Schwerpunkten;ARBEITSQUO05;Männer;5,9;Prozent;ERWP10;Arbeitslosenquote bez. auf alle zivile Erwerbsp.
13211;Arbeitsmarktstatistik der Bundesagentur für Arbeit;JAHR;Jahr;2023;DLAND;Bundesländer;05;Nordrhein-Westfalen;ERWAQ8;Arbeitslosenquote nach Schwerpunkten;ARBEITSQUO09;15 bis unter 25 Jahre;5,7;Prozent;ERWP10;Arbeitslosenquote bez. auf alle zivile Erwerbsp.
13211;Arbeitsmarktstatistik der Bundesagentur für Arbeit;JAHR;Jahr;2019;DLAND;Bundesländer;05;Nordrhein-Westfalen;ERWAQ8;Arbeitslosenquote nach Schwerpunkten;ARBEITSQUO06;Frauen;6,3;Prozent;ERWP10;Arbeitslosenquote bez. auf alle zivile Erwerbsp.
13211;Arbeitsmarktstatistik der Bundesagentur für Arbeit;JAHR;Jahr;2017;DLAND;Bundesländer;13;Mecklenburg-Vorpommern;ERWAQ8;Arbeitslosenquote nach Schwerpunkten;ARBEITSQUO06;Frauen;7,7;Prozent;ERWP10;Arbeitslosenquote bez. auf alle zivile Erwerbsp.
13211;Arbeitsmarktstatistik der Bundesagentur für Arbeit;JAHR;Jahr;2023;DLAND;Bundesländer;08;Baden-Württemberg;ERWAQ8;Arbeitslosenquote nach Schwerpunkten;ARBEITSQUO05;Männer;3,9;Prozent;ERWP10;Arbeitslosenquote bez. auf alle zivile Erwerbsp.
13211;Arbeitsmarktstatistik der Bundesagentur für Arbeit;JAHR;Jahr;2022;DLAND;Bundesländer;07;Rheinland-Pfalz;ERWAQ8;Arbeitslosenquote nach Schwerpunkten;ARBEITSQUO09;15 bis unter 25 Jahre;3,8;Prozent;ERWP10;Arbeitslosenquote bez. auf alle zivile Erwerbsp.
13211;Arbeitsmarktstatistik der Bundesagentur für Arbeit;JAHR;Jahr;2025;DLAND;Bundesländer;02;Hamburg;ERWAQ8;Arbeitslosenquote nach Schwerpunkten;ARBEITSQUO07;ausländisch;17,1;Prozent;ERWP10;Arbeitslosenquote bez. auf alle zivile Erwerbsp.
13211;Arbeitsmarktstatistik der Bundesagentur für Arbeit;JAHR;Jahr;2018;DLAND;Bundesländer;12;Brandenburg;ERWAQ8;Arbeitslosenquote nach Schwerpunkten;ARBEITSQUO07;ausländisch;18,1;Prozent;ERWP10;Arbeitslosenquote bez. auf alle zivile Erwerbsp.
13211;Arbeitsmarktstatistik der Bundesagentur für Arbeit;JAHR;Jahr;2019;DLAND;Bundesländer;08;Baden-Württemberg;ERWAQ8;Arbeitslosenquote nach Schwerpunkten;ARBEITSQUO05;Männer;3,3;Prozent;ERWP10;Arbeitslosenquote bez. auf alle zivile Erwerbsp.
13211;Arbeitsmarktstatistik der Bundesagentur für Arbeit;JAHR;Jahr;2020;DLAND;Bundesländer;15;Sachsen-Anhalt;ERWAQ8;Arbeitslosenquote nach Schwerpunkten;ARBEITSQUO09;15 bis unter 25 Jahre;9,5;Prozent;ERWP10;Arbeitslosenquote bez. auf alle zivile Erwerbsp.
13211;Arbeitsmarktstatistik der Bundesagentur für Arbeit;JAHR;Jahr;2018;DLAND;Bundesländer;07;Rheinland-Pfalz;ERWAQ8;Arbeitslosenquote nach Schwerpunkten;ARBEITSQUO09;15 bis unter 25 Jahre;4,1;Prozent;ERWP10;Arbeitslosenquote bez. auf alle zivile Erwerbsp.
13211;Arbeitsmarktstatistik der Bundesagentur für Arbeit;JAHR;Jahr;2024;DLAND;Bundesländer;03;Niedersachsen;ERWAQ8;Arbeitslosenquote nach Schwerpunkten;ARBEITSQUO06;Frauen;5,6;Prozent;ERWP10;Arbeitslosenquote bez. auf alle zivile Erwerbsp.
13211;Arbeitsmarktstatistik der Bundesagentur für Arbeit;JAHR;Jahr;2022;DLAND;Bundesländer;15;Sachsen-Anhalt;ERWAQ8;Arbeitslosenquote nach Schwerpunkten;ARBEITSQUO06;Frauen;6,6;Prozent;ERWP10;Arbeitslosenquote bez. auf alle zivile Erwerbsp.
13211;Arbeitsmarktstatistik der Bundesagentur für Arbeit;JAHR;Jahr;2018;DLAND;Bundesländer;09;Bayern;ERWAQ8;Arbeitslosenquote nach Schwerpunkten;ARBEITSQUO09;15 bis unter 25 Jahre;2,5;Prozent;ERWP10;Arbeitslosenquote bez. auf alle zivile Erwerbsp.
13211;Arbeitsmarktstatistik der Bundesagentur für Arbeit;JAHR;Jahr;2022;DLAND;Bundesländer;11;Berlin;ERWAQ8;Arbeitslosenquote nach Schwerpunkten;ARBEITSQUO07;ausländisch;17,3;Prozent;ERWP10;Arbeitslosenquote bez. auf alle zivile Erwerbsp.
13211;Arbeitsmarktstatistik der Bundesagentur für Arbeit;JAHR;Jahr;2021;DLAND;Bundesländer;10;Saarland;ERWAQ8;Arbeitslosenquote nach Schwerpunkten;ARBEITSQUO06;Frauen;6,2;Prozent;ERWP10;Arbeitslosenquote bez. auf alle zivile Erwerbsp.
13211;Arbeitsmarktstatistik der Bundesagentur für Arbeit;JAHR;Jahr;2019;DLAND;Bundesländer;14;Sachsen;ERWAQ8;Arbeitslosenquote nach Schwerpunkten;ARBEITSQUO07;ausländisch;18,7;Prozent;ERWP10;Arbeitslosenquote bez. auf alle zivile Erwerbsp.
13211;Arbeitsmarktstatistik der Bundesagentur für Arbeit;JAHR;Jahr;2024;DLAND;Bundesländer;02;Hamburg;ERWAQ8;Arbeitslosenquote nach Schwerpunkten;ARBEITSQUO07;ausländisch;17,5;Prozent;ERWP10;Arbeitslosenquote bez. auf alle zivile Erwerbsp.
13211;Arbeitsmarktstatistik der Bundesagentur für Arbeit;JAHR;Jahr;2022;DLAND;Bundesländer;04;Bremen;ERWAQ8;Arbeitslosenquote nach Schwerpunkten;ARBEITSQUO05;Männer;10,4;Prozent;ERWP10;Arbeitslosenquote bez. auf alle zivile Erwerbsp.
13211;Arbeitsmarktstatistik der Bundesagentur für Arbeit;JAHR;Jahr;2023;DLAND;Bundesländer;05;Nordrhein-Westfalen;ERWAQ8;Arbeitslosenquote nach Schwerpunkten;ARBEITSQUO06;Frauen;7,1;Prozent;ERWP10;Arbeitslosenquote bez. auf alle zivile Erwerbsp.
13211;Arbeitsmarktstatistik der Bundesagentur für Arbeit;JAHR;Jahr;2019;DLAND;Bundesländer;06;Hessen;ERWAQ8;Arbeitslosenquote nach Schwerpunkten;ARBEITSQUO09;15 bis unter 25 Jahre;4,3;Prozent;ERWP10;Arbeitslosenquote bez. auf alle zivile Erwerbsp.
13211;Arbeitsmarktstatistik der Bundesagentur für Arbeit;JAHR;Jahr;2021;DLAND;Bundesländer;02;Hamburg;ERWAQ8;Arbeitslosenquote nach Schwerpunkten;ARBEITSQUO09;15 bis unter 25 Jahre;6,1;Prozent;ERWP10;Arbeitslosenquote bez. auf alle zivile Erwerbsp.
13211;Arbeitsmarktstatistik der Bundesagentur für Arbeit;JAHR;Jahr;2020;DLAND;Bundesländer;13;Mecklenburg-Vorpommern;ERWAQ8;Arbeitslosenquote nach Schwerpunkten;ARBEITSQUO05;Männer;8,5;Prozent;ERWP10;Arbeitslosenquote bez. auf alle zivile Erwerbsp.
13211;Arbeitsmarktstatistik der Bundesagentur für Arbeit;JAHR;Jahr;2018;DLAND;Bundesländer;06;Hessen;ERWAQ8;Arbeitslosenquote nach Schwerpunkten;ARBEITSQUO05;Männer;4,7;Prozent;ERWP10;Arbeitslosenquote bez. auf alle zivile Erwerbsp.
13211;Arbeitsmarktstatistik der Bundesagentur für Arbeit;JAHR;Jahr;2021;DLAND;Bundesländer;07;Rheinland-Pfalz;ERWAQ8;Arbeitslosenquote nach Schwerpunkten;ARBEITSQUO05;Männer;5,2;Prozent;ERWP10;Arbeitslosenquote bez. auf alle zivile Erwerbsp.
13211;Arbeitsmarktstatistik der Bundesagentur für Arbeit;JAHR;Jahr;2019;DLAND;Bundesländer;14;Sachsen;ERWAQ8;Arbeitslosenquote nach Schwerpunkten;ARBEITSQUO06;Frauen;5,0;Prozent;ERWP10;Arbeitslosenquote bez. auf alle zivile Erwerbsp.
13211;Arbeitsmarktstatistik der Bundesagentur für Arbeit;JAHR;Jahr;2017;DLAND;Bundesländer;15;Sachsen-Anhalt;ERWAQ8;Arbeitslosenquote nach Schwerpunkten;ARBEITSQUO09;15 bis unter 25 Jahre;9,5;Prozent;ERWP10;Arbeitslosenquote bez. auf alle zivile Erwerbsp.
13211;Arbeitsmarktstatistik der Bundesagentur für Arbeit;JAHR;Jahr;2020;DLAND;Bundesländer;13;Mecklenburg-Vorpommern;ERWAQ8;Arbeitslosenquote nach Schwerpunkten;ARBEITSQUO06;Frauen;6,9;Prozent;ERWP10;Arbeitslosenquote bez. auf alle zivile Erwerbsp.
13211;Arbeitsmarktstatistik der Bundesagentur für Arbeit;JAHR;Jahr;2017;DLAND;Bundesländer;05;Nordrhein-Westfalen;ERWAQ8;Arbeitslosenquote nach Schwerpunkten;ARBEITSQUO05;Männer;7,6;Prozent;ERWP10;Arbeitslosenquote bez. auf alle zivile Erwerbsp.
13211;Arbeitsmarktstatistik der Bundesagentur für Arbeit;JAHR;Jahr;2018;DLAND;Bundesländer;06;Hessen;ERWAQ8;Arbeitslosenquote nach Schwerpunkten;ARBEITSQUO06;Frauen;4,5;Prozent;ERWP10;Arbeitslosenquote bez. auf alle zivile Erwerbsp.
13211;Arbeitsmarktstatistik der Bundesagentur für Arbeit;JAHR;Jahr;2020;DLAND;Bundesländer;05;Nordrhein-Westfalen;ERWAQ8;Arbeitslosenquote nach Schwerpunkten;ARBEITSQUO09;15 bis unter 25 Jahre;6,4;Prozent;ERWP10;Arbeitslosenquote bez. auf alle zivile Erwerbsp.
13211;Arbeitsmarktstatistik der Bundesagentur für Arbeit;JAHR;Jahr;2022;DLAND;Bundesländer;04;Bremen;ERWAQ8;Arbeitslosenquote nach Schwerpunkten;ARBEITSQUO06;Frauen;10,0;Prozent;ERWP10;Arbeitslosenquote bez. auf alle zivile Erwerbsp.
13211;Arbeitsmarktstatistik der Bundesagentur für Arbeit;JAHR;Jahr;2024;DLAND;Bundesländer;14;Sachsen;ERWAQ8;Arbeitslosenquote nach Schwerpunkten;ARBEITSQUO06;Frauen;6,2;Prozent;ERWP10;Arbeitslosenquote bez. auf alle zivile Erwerbsp.
13211;Arbeitsmarktstatistik der Bundesagentur für Arbeit;JAHR;Jahr;2024;DLAND;Bundesländer;06;Hessen;ERWAQ8;Arbeitslosenquote nach Schwerpunkten;ARBEITSQUO09;15 bis unter 25 Jahre;5,4;Prozent;ERWP10;Arbeitslosenquote bez. auf alle zivile Erwerbsp.
13211;Arbeitsmarktstatistik der Bundesagentur für Arbeit;JAHR;Jahr;2019;DLAND;Bundesländer;03;Niedersachsen;ERWAQ8;Arbeitslosenquote nach Schwerpunkten;ARBEITSQUO07;ausländisch;15,3;Prozent;ERWP10;Arbeitslosenquote bez. auf alle zivile Erwerbsp.
13211;Arbeitsmarktstatistik der Bundesagentur für Arbeit;JAHR;Jahr;2025;DLAND;Bundesländer;07;Rheinland-Pfalz;ERWAQ8;Arbeitslosenquote nach Schwerpunkten;ARBEITSQUO05;Männer;5,8;Prozent;ERWP10;Arbeitslosenquote bez. auf alle zivile Erwerbsp.
13211;Arbeitsmarktstatistik der Bundesagentur für Arbeit;JAHR;Jahr;2025;DLAND;Bundesländer;10;Saarland;ERWAQ8;Arbeitslosenquote nach Schwerpunkten;ARBEITSQUO07;ausländisch;20,5;Prozent;ERWP10;Arbeitslosenquote bez. auf alle zivile Erwerbsp.
13211;Arbeitsmarktstatistik der Bundesagentur für Arbeit;JAHR;Jahr;2024;DLAND;Bundesländer;07;Rheinland-Pfalz;ERWAQ8;Arbeitslosenquote nach Schwerpunkten;ARBEITSQUO05;Männer;5,5;Prozent;ERWP10;Arbeitslosenquote bez. auf alle zivile Erwerbsp.
13211;Arbeitsmarktstatistik der Bundesagentur für Arbeit;JAHR;Jahr;2024;DLAND;Bundesländer;13;Mecklenburg-Vorpommern;ERWAQ8;Arbeitslosenquote nach Schwerpunkten;ARBEITSQUO07;ausländisch;22,3;Prozent;ERWP10;Arbeitslosenquote bez. auf alle zivile Erwerbsp.
13211;Arbeitsmarktstatistik der Bundesagentur für Arbeit;JAHR;Jahr;2025;DLAND;Bundesländer;08;Baden-Württemberg;ERWAQ8;Arbeitslosenquote nach Schwerpunkten;ARBEITSQUO06;Frauen;4,4;Prozent;ERWP10;Arbeitslosenquote bez. auf alle zivile Erwerbsp.
13211;Arbeitsmarktstatistik der Bundesagentur für Arbeit;JAHR;Jahr;2022;DLAND;Bundesländer;15;Sachsen-Anhalt;ERWAQ8;Arbeitslosenquote nach Schwerpunkten;ARBEITSQUO05;Männer;7,5;Prozent;ERWP10;Arbeitslosenquote bez. auf alle zivile Erwerbsp.
13211;Arbeitsmarktstatistik der Bundesagentur für Arbeit;JAHR;Jahr;2023;DLAND;Bundesländer;16;Thüringen;ERWAQ8;Arbeitslosenquote nach Schwerpunkten;ARBEITSQUO06;Frauen;5,7;Prozent;ERWP10;Arbeitslosenquote bez. auf alle zivile Erwerbsp.
13211;Arbeitsmarktstatistik der Bundesagentur für Arbeit;JAHR;Jahr;2017;DLAND;Bundesländer;11;Berlin;ERWAQ8;Arbeitslosenquote nach Schwerpunkten;ARBEITSQUO07;ausländisch;18,5;Prozent;ERWP10;Arbeitslosenquote bez. auf alle zivile Erwerbsp.
13211;Arbeitsmarktstatistik der Bundesagentur für Arbeit;JAHR;Jahr;2021;DLAND;Bundesländer;14;Sachsen;ERWAQ8;Arbeitslosenquote nach Schwerpunkten;ARBEITSQUO09;15 bis unter 25 Jahre;6,1;Prozent;ERWP10;Arbeitslosenquote bez. auf alle zivile Erwerbsp.
13211;Arbeitsmarktstatistik der Bundesagentur für Arbeit;JAHR;Jahr;2020;DLAND;Bundesländer;02;Hamburg;ERWAQ8;Arbeitslosenquote nach Schwerpunkten;ARBEITSQUO05;Männer;8,0;Prozent;ERWP10;Arbeitslosenquote bez. auf alle zivile Erwerbsp.
13211;Arbeitsmarktstatistik der Bundesagentur für Arbeit;JAHR;Jahr;2020;DLAND;Bundesländer;01;Schleswig-Holstein;ERWAQ8;Arbeitslosenquote nach Schwerpunkten;ARBEITSQUO06;Frauen;5,3;Prozent;ERWP10;Arbeitslosenquote bez. auf alle zivile Erwerbsp.
13211;Arbeitsmarktstatistik der Bundesagentur für Arbeit;JAHR;Jahr;2017;DLAND;Bundesländer;04;Bremen;ERWAQ8;Arbeitslosenquote nach Schwerpunkten;ARBEITSQUO09;15 bis unter 25 Jahre;9,3;Prozent;ERWP10;Arbeitslosenquote bez. auf alle zivile Erwerbsp.
13211;Arbeitsmarktstatistik der Bundesagentur für Arbeit;JAHR;Jahr;2017;DLAND;Bundesländer;12;Brandenburg;ERWAQ8;Arbeitslosenquote nach Schwerpunkten;ARBEITSQUO06;Frauen;6,4;Prozent;ERWP10;Arbeitslosenquote bez. auf alle zivile Erwerbsp.
13211;Arbeitsmarktstatistik der Bundesagentur für Arbeit;JAHR;Jahr;2023;DLAND;Bundesländer;09;Bayern;ERWAQ8;Arbeitslosenquote nach Schwerpunkten;ARBEITSQUO05;Männer;3,4;Prozent;ERWP10;Arbeitslosenquote bez. auf alle zivile Erwerbsp.
13211;Arbeitsmarktstatistik der Bundesagentur für Arbeit;JAHR;Jahr;2023;DLAND;Bundesländer;08;Baden-Württemberg;ERWAQ8;Arbeitslosenquote nach Schwerpunkten;ARBEITSQUO09;15 bis unter 25 Jahre;2,9;Prozent;ERWP10;Arbeitslosenquote bez. auf alle zivile Erwerbsp.
13211;Arbeitsmarktstatistik der Bundesagentur für Arbeit;JAHR;Jahr;2019;DLAND;Bundesländer;02;Hamburg;ERWAQ8;Arbeitslosenquote nach Schwerpunkten;ARBEITSQUO06;Frauen;5,7;Prozent;ERWP10;Arbeitslosenquote bez. auf alle zivile Erwerbsp.
13211;Arbeitsmarktstatistik der Bundesagentur für Arbeit;JAHR;Jahr;2022;DLAND;Bundesländer;08;Baden-Württemberg;ERWAQ8;Arbeitslosenquote nach Schwerpunkten;ARBEITSQUO09;15 bis unter 25 Jahre;2,5;Prozent;ERWP10;Arbeitslosenquote bez. auf alle zivile Erwerbsp.
13211;Arbeitsmarktstatistik der Bundesagentur für Arbeit;JAHR;Jahr;2020;DLAND;Bundesländer;16;Thüringen;ERWAQ8;Arbeitslosenquote nach Schwerpunkten;ARBEITSQUO09;15 bis unter 25 Jahre;7,1;Prozent;ERWP10;Arbeitslosenquote bez. auf alle zivile Erwerbsp.
13211;Arbeitsmarktstatistik der Bundesagentur für Arbeit;JAHR;Jahr;2022;DLAND;Bundesländer;16;Thüringen;ERWAQ8;Arbeitslosenquote nach Schwerpunkten;ARBEITSQUO06;Frauen;5,1;Prozent;ERWP10;Arbeitslosenquote bez. auf alle zivile Erwerbsp.
13211;Arbeitsmarktstatistik der Bundesagentur für Arbeit;JAHR;Jahr;2024;DLAND;Bundesländer;02;Hamburg;ERWAQ8;Arbeitslosenquote nach Schwerpunkten;ARBEITSQUO06;Frauen;7,8;Prozent;ERWP10;Arbeitslosenquote bez. auf alle zivile Erwerbsp.
13211;Arbeitsmarktstatistik der Bundesagentur für Arbeit;JAHR;Jahr;2024;DLAND;Bundesländer;16;Thüringen;ERWAQ8;Arbeitslosenquote nach Schwerpunkten;ARBEITSQUO09;15 bis unter 25 Jahre;6,8;Prozent;ERWP10;Arbeitslosenquote bez. auf alle zivile Erwerbsp.
13211;Arbeitsmarktstatistik der Bundesagentur für Arbeit;JAHR;Jahr;2021;DLAND;Bundesländer;11;Berlin;ERWAQ8;Arbeitslosenquote nach Schwerpunkten;ARBEITSQUO06;Frauen;9,1;Prozent;ERWP10;Arbeitslosenquote bez. auf alle zivile Erwerbsp.
13211;Arbeitsmarktstatistik der Bundesagentur für Arbeit;JAHR;Jahr;2022;DLAND;Bundesländer;05;Nordrhein-Westfalen;ERWAQ8;Arbeitslosenquote nach Schwerpunkten;ARBEITSQUO05;Männer;6,9;Prozent;ERWP10;Arbeitslosenquote bez. auf alle zivile Erwerbsp.
13211;Arbeitsmarktstatistik der Bundesagentur für Arbeit;JAHR;Jahr;2019;DLAND;Bundesländer;15;Sachsen-Anhalt;ERWAQ8;Arbeitslosenquote nach Schwerpunkten;ARBEITSQUO07;ausländisch;21,5;Prozent;ERWP10;Arbeitslosenquote bez. auf alle zivile Erwerbsp.
13211;Arbeitsmarktstatistik der Bundesagentur für Arbeit;JAHR;Jahr;2022;DLAND;Bundesländer;10;Saarland;ERWAQ8;Arbeitslosenquote nach Schwerpunkten;ARBEITSQUO07;ausländisch;18,5;Prozent;ERWP10;Arbeitslosenquote bez. auf alle zivile Erwerbsp.
13211;Arbeitsmarktstatistik der Bundesagentur für Arbeit;JAHR;Jahr;2017;DLAND;Bundesländer;01;Schleswig-Holstein;ERWAQ8;Arbeitslosenquote nach Schwerpunkten;ARBEITSQUO07;ausländisch;21,5;Prozent;ERWP10;Arbeitslosenquote bez. auf alle zivile Erwerbsp.
13211;Arbeitsmarktstatistik der Bundesagentur für Arbeit;JAHR;Jahr;2024;DLAND;Bundesländer;03;Niedersachsen;ERWAQ8;Arbeitslosenquote nach Schwerpunkten;ARBEITSQUO07;ausländisch;17,9;Prozent;ERWP10;Arbeitslosenquote bez. auf alle zivile Erwerbsp.
13211;Arbeitsmarktstatistik der Bundesagentur für Arbeit;JAHR;Jahr;2018;DLAND;Bundesländer;05;Nordrhein-Westfalen;ERWAQ8;Arbeitslosenquote nach Schwerpunkten;ARBEITSQUO05;Männer;7,0;Prozent;ERWP10;Arbeitslosenquote bez. auf alle zivile Erwerbsp.
13211;Arbeitsmarktstatistik der Bundesagentur für Arbeit;JAHR;Jahr;2020;DLAND;Bundesländer;12;Brandenburg;ERWAQ8;Arbeitslosenquote nach Schwerpunkten;ARBEITSQUO05;Männer;6,8;Prozent;ERWP10;Arbeitslosenquote bez. auf alle zivile Erwerbsp.
13211;Arbeitsmarktstatistik der Bundesagentur für Arbeit;JAHR;Jahr;2019;DLAND;Bundesländer;07;Rheinland-Pfalz;ERWAQ8;Arbeitslosenquote nach Schwerpunkten;ARBEITSQUO09;15 bis unter 25 Jahre;4,0;Prozent;ERWP10;Arbeitslosenquote bez. auf alle zivile Erwerbsp.
13211;Arbeitsmarktstatistik der Bundesagentur für Arbeit;JAHR;Jahr;2023;DLAND;Bundesländer;04;Bremen;ERWAQ8;Arbeitslosenquote nach Schwerpunkten;ARBEITSQUO06;Frauen;10,5;Prozent;ERWP10;Arbeitslosenquote bez. auf alle zivile Erwerbsp.
13211;Arbeitsmarktstatistik der Bundesagentur für Arbeit;JAHR;Jahr;2021;DLAND;Bundesländer;03;Niedersachsen;ERWAQ8;Arbeitslosenquote nach Schwerpunkten;ARBEITSQUO09;15 bis unter 25 Jahre;4,9;Prozent;ERWP10;Arbeitslosenquote bez. auf alle zivile Erwerbsp.
13211;Arbeitsmarktstatistik der Bundesagentur für Arbeit;JAHR;Jahr;2021;DLAND;Bundesländer;06;Hessen;ERWAQ8;Arbeitslosenquote nach Schwerpunkten;ARBEITSQUO05;Männer;5,3;Prozent;ERWP10;Arbeitslosenquote bez. auf alle zivile Erwerbsp.
13211;Arbeitsmarktstatistik der Bundesagentur für Arbeit;JAHR;Jahr;2020;DLAND;Bundesländer;14;Sachsen;ERWAQ8;Arbeitslosenquote nach Schwerpunkten;ARBEITSQUO06;Frauen;5,5;Prozent;ERWP10;Arbeitslosenquote bez. auf alle zivile Erwerbsp.
13211;Arbeitsmarktstatistik der Bundesagentur für Arbeit;JAHR;Jahr;2019;DLAND;Bundesländer;15;Sachsen-Anhalt;ERWAQ8;Arbeitslosenquote nach Schwerpunkten;ARBEITSQUO06;Frauen;6,7;Prozent;ERWP10;Arbeitslosenquote bez. auf alle zivile Erwerbsp.
13211;Arbeitsmarktstatistik der Bundesagentur für Arbeit;JAHR;Jahr;2017;DLAND;Bundesländer;14;Sachsen;ERWAQ8;Arbeitslosenquote nach Schwerpunkten;ARBEITSQUO09;15 bis unter 25 Jahre;7,1;Prozent;ERWP10;Arbeitslosenquote bez. auf alle zivile Erwerbsp.
13211;Arbeitsmarktstatistik der Bundesagentur für Arbeit;JAHR;Jahr;2017;DLAND;Bundesländer;06;Hessen;ERWAQ8;Arbeitslosenquote nach Schwerpunkten;ARBEITSQUO05;Männer;5,1;Prozent;ERWP10;Arbeitslosenquote bez. auf alle zivile Erwerbsp.
13211;Arbeitsmarktstatistik der Bundesagentur für Arbeit;JAHR;Jahr;2018;DLAND;Bundesländer;05;Nordrhein-Westfalen;ERWAQ8;Arbeitslosenquote nach Schwerpunkten;ARBEITSQUO06;Frauen;6,6;Prozent;ERWP10;Arbeitslosenquote bez. auf alle zivile Erwerbsp.
13211;Arbeitsmarktstatistik der Bundesagentur für Arbeit;JAHR;Jahr;2020;DLAND;Bundesländer;06;Hessen;ERWAQ8;Arbeitslosenquote nach Schwerpunkten;ARBEITSQUO09;15 bis unter 25 Jahre;5,4;Prozent;ERWP10;Arbeitslosenquote bez. auf alle zivile Erwerbsp.
13211;Arbeitsmarktstatistik der Bundesagentur für Arbeit;JAHR;Jahr;2024;DLAND;Bundesländer;13;Mecklenburg-Vorpommern;ERWAQ8;Arbeitslosenquote nach Schwerpunkten;ARBEITSQUO06;Frauen;7,1;Prozent;ERWP10;Arbeitslosenquote bez. auf alle zivile Erwerbsp.
13211;Arbeitsmarktstatistik der Bundesagentur für Arbeit;JAHR;Jahr;2022;DLAND;Bundesländer;05;Nordrhein-Westfalen;ERWAQ8;Arbeitslosenquote nach Schwerpunkten;ARBEITSQUO06;Frauen;6,7;Prozent;ERWP10;Arbeitslosenquote bez. auf alle zivile Erwerbsp.
13211;Arbeitsmarktstatistik der Bundesagentur für Arbeit;JAHR;Jahr;2024;DLAND;Bundesländer;05;Nordrhein-Westfalen;ERWAQ8;Arbeitslosenquote nach Schwerpunkten;ARBEITSQUO09;15 bis unter 25 Jahre;6,1;Prozent;ERWP10;Arbeitslosenquote bez. auf alle zivile Erwerbsp.
13211;Arbeitsmarktstatistik der Bundesagentur für Arbeit;JAHR;Jahr;2022;DLAND;Bundesländer;16;Thüringen;ERWAQ8;Arbeitslosenquote nach Schwerpunkten;ARBEITSQUO05;Männer;5,5;Prozent;ERWP10;Arbeitslosenquote bez. auf alle zivile Erwerbsp.
13211;Arbeitsmarktstatistik der Bundesagentur für Arbeit;JAHR;Jahr;2025;DLAND;Bundesländer;11;Berlin;ERWAQ8;Arbeitslosenquote nach Schwerpunkten;ARBEITSQUO07;ausländisch;17,8;Prozent;ERWP10;Arbeitslosenquote bez. auf alle zivile Erwerbsp.
13211;Arbeitsmarktstatistik der Bundesagentur für Arbeit;JAHR;Jahr;2019;DLAND;Bundesländer;04;Bremen;ERWAQ8;Arbeitslosenquote nach Schwerpunkten;ARBEITSQUO07;ausländisch;23,9;Prozent;ERWP10;Arbeitslosenquote bez. auf alle zivile Erwerbsp.
13211;Arbeitsmarktstatistik der Bundesagentur für Arbeit;JAHR;Jahr;2024;DLAND;Bundesländer;08;Baden-Württemberg;ERWAQ8;Arbeitslosenquote nach Schwerpunkten;ARBEITSQUO05;Männer;4,3;Prozent;ERWP10;Arbeitslosenquote bez. auf alle zivile Erwerbsp.
13211;Arbeitsmarktstatistik der Bundesagentur für Arbeit;JAHR;Jahr;2025;DLAND;Bundesländer;06;Hessen;ERWAQ8;Arbeitslosenquote nach Schwerpunkten;ARBEITSQUO05;Männer;5,9;Prozent;ERWP10;Arbeitslosenquote bez. auf alle zivile Erwerbsp.
13211;Arbeitsmarktstatistik der Bundesagentur für Arbeit;JAHR;Jahr;2025;DLAND;Bundesländer;07;Rheinland-Pfalz;ERWAQ8;Arbeitslosenquote nach Schwerpunkten;ARBEITSQUO06;Frauen;5,2;Prozent;ERWP10;Arbeitslosenquote bez. auf alle zivile Erwerbsp.
13211;Arbeitsmarktstatistik der Bundesagentur für Arbeit;JAHR;Jahr;2021;DLAND;Bundesländer;15;Sachsen-Anhalt;ERWAQ8;Arbeitslosenquote nach Schwerpunkten;ARBEITSQUO09;15 bis unter 25 Jahre;8,2;Prozent;ERWP10;Arbeitslosenquote bez. auf alle zivile Erwerbsp.
13211;Arbeitsmarktstatistik der Bundesagentur für Arbeit;JAHR;Jahr;2017;DLAND;Bundesländer;12;Brandenburg;ERWAQ8;Arbeitslosenquote nach Schwerpunkten;ARBEITSQUO07;ausländisch;21,8;Prozent;ERWP10;Arbeitslosenquote bez. auf alle zivile Erwerbsp.
13211;Arbeitsmarktstatistik der Bundesagentur für Arbeit;JAHR;Jahr;2024;DLAND;Bundesländer;14;Sachsen;ERWAQ8;Arbeitslosenquote nach Schwerpunkten;ARBEITSQUO07;ausländisch;23,9;Prozent;ERWP10;Arbeitslosenquote bez. auf alle zivile Erwerbsp.
13211;Arbeitsmarktstatistik der Bundesagentur für Arbeit;JAHR;Jahr;2018;DLAND;Bundesländer;16;Thüringen;ERWAQ8;Arbeitslosenquote nach Schwerpunkten;ARBEITSQUO05;Männer;5,8;Prozent;ERWP10;Arbeitslosenquote bez. auf alle zivile Erwerbsp.
13211;Arbeitsmarktstatistik der Bundesagentur für Arbeit;JAHR;Jahr;2020;DLAND;Bundesländer;01;Schleswig-Holstein;ERWAQ8;Arbeitslosenquote nach Schwerpunkten;ARBEITSQUO05;Männer;6,3;Prozent;ERWP10;Arbeitslosenquote bez. auf alle zivile Erwerbsp.
13211;Arbeitsmarktstatistik der Bundesagentur für Arbeit;JAHR;Jahr;2023;DLAND;Bundesländer;15;Sachsen-Anhalt;ERWAQ8;Arbeitslosenquote nach Schwerpunkten;ARBEITSQUO06;Frauen;7,1;Prozent;ERWP10;Arbeitslosenquote bez. auf alle zivile Erwerbsp.
13211;Arbeitsmarktstatistik der Bundesagentur für Arbeit;JAHR;Jahr;2020;DLAND;Bundesländer;02;Hamburg;ERWAQ8;Arbeitslosenquote nach Schwerpunkten;ARBEITSQUO06;Frauen;7,0;Prozent;ERWP10;Arbeitslosenquote bez. auf alle zivile Erwerbsp.
13211;Arbeitsmarktstatistik der Bundesagentur für Arbeit;JAHR;Jahr;2017;DLAND;Bundesländer;03;Niedersachsen;ERWAQ8;Arbeitslosenquote nach Schwerpunkten;ARBEITSQUO09;15 bis unter 25 Jahre;5,5;Prozent;ERWP10;Arbeitslosenquote bez. auf alle zivile Erwerbsp.
13211;Arbeitsmarktstatistik der Bundesagentur für Arbeit;JAHR;Jahr;2017;DLAND;Bundesländer;11;Berlin;ERWAQ8;Arbeitslosenquote nach Schwerpunkten;ARBEITSQUO06;Frauen;8,2;Prozent;ERWP10;Arbeitslosenquote bez. auf alle zivile Erwerbsp.
13211;Arbeitsmarktstatistik der Bundesagentur für Arbeit;JAHR;Jahr;2023;DLAND;Bundesländer;07;Rheinland-Pfalz;ERWAQ8;Arbeitslosenquote nach Schwerpunkten;ARBEITSQUO09;15 bis unter 25 Jahre;4,3;Prozent;ERWP10;Arbeitslosenquote bez. auf alle zivile Erwerbsp.
13211;Arbeitsmarktstatistik der Bundesagentur für Arbeit;JAHR;Jahr;2019;DLAND;Bundesländer;03;Niedersachsen;ERWAQ8;Arbeitslosenquote nach Schwerpunkten;ARBEITSQUO06;Frauen;4,8;Prozent;ERWP10;Arbeitslosenquote bez. auf alle zivile Erwerbsp.
13211;Arbeitsmarktstatistik der Bundesagentur für Arbeit;JAHR;Jahr;2022;DLAND;Bundesländer;09;Bayern;ERWAQ8;Arbeitslosenquote nach Schwerpunkten;ARBEITSQUO09;15 bis unter 25 Jahre;2,5;Prozent;ERWP10;Arbeitslosenquote bez. auf alle zivile Erwerbsp.
13211;Arbeitsmarktstatistik der Bundesagentur für Arbeit;JAHR;Jahr;2021;DLAND;Bundesländer;09;Bayern;ERWAQ8;Arbeitslosenquote nach Schwerpunkten;ARBEITSQUO07;ausländisch;7,5;Prozent;ERWP10;Arbeitslosenquote bez. auf alle zivile Erwerbsp.
13211;Arbeitsmarktstatistik der Bundesagentur für Arbeit;JAHR;Jahr;2024;DLAND;Bundesländer;01;Schleswig-Holstein;ERWAQ8;Arbeitslosenquote nach Schwerpunkten;ARBEITSQUO06;Frauen;5,3;Prozent;ERWP10;Arbeitslosenquote bez. auf alle zivile Erwerbsp.
13211;Arbeitsmarktstatistik der Bundesagentur für Arbeit;JAHR;Jahr;2018;DLAND;Bundesländer;10;Saarland;ERWAQ8;Arbeitslosenquote nach Schwerpunkten;ARBEITSQUO07;ausländisch;19,1;Prozent;ERWP10;Arbeitslosenquote bez. auf alle zivile Erwerbsp.
13211;Arbeitsmarktstatistik der Bundesagentur für Arbeit;JAHR;Jahr;2024;DLAND;Bundesländer;15;Sachsen-Anhalt;ERWAQ8;Arbeitslosenquote nach Schwerpunkten;ARBEITSQUO09;15 bis unter 25 Jahre;8,4;Prozent;ERWP10;Arbeitslosenquote bez. auf alle zivile Erwerbsp.
13211;Arbeitsmarktstatistik der Bundesagentur für Arbeit;JAHR;Jahr;2021;DLAND;Bundesländer;08;Baden-Württemberg;ERWAQ8;Arbeitslosenquote nach Schwerpunkten;ARBEITSQUO09;15 bis unter 25 Jahre;2,9;Prozent;ERWP10;Arbeitslosenquote bez. auf alle zivile Erwerbsp.
13211;Arbeitsmarktstatistik der Bundesagentur für Arbeit;JAHR;Jahr;2022;DLAND;Bundesländer;13;Mecklenburg-Vorpommern;ERWAQ8;Arbeitslosenquote nach Schwerpunkten;ARBEITSQUO07;ausländisch;21,7;Prozent;ERWP10;Arbeitslosenquote bez. auf alle zivile Erwerbsp.
13211;Arbeitsmarktstatistik der Bundesagentur für Arbeit;JAHR;Jahr;2019;DLAND;Bundesländer;16;Thüringen;ERWAQ8;Arbeitslosenquote nach Schwerpunkten;ARBEITSQUO07;ausländisch;15,7;Prozent;ERWP10;Arbeitslosenquote bez. auf alle zivile Erwerbsp.
13211;Arbeitsmarktstatistik der Bundesagentur für Arbeit;JAHR;Jahr;2022;DLAND;Bundesländer;02;Hamburg;ERWAQ8;Arbeitslosenquote nach Schwerpunkten;ARBEITSQUO05;Männer;7,0;Prozent;ERWP10;Arbeitslosenquote bez. auf alle zivile Erwerbsp.
13211;Arbeitsmarktstatistik der Bundesagentur für Arbeit;JAHR;Jahr;2020;DLAND;Bundesländer;07;Rheinland-Pfalz;ERWAQ8;Arbeitslosenquote nach Schwerpunkten;ARBEITSQUO07;ausländisch;13,1;Prozent;ERWP10;Arbeitslosenquote bez. auf alle zivile Erwerbsp.
13211;Arbeitsmarktstatistik der Bundesagentur für Arbeit;JAHR;Jahr;2021;DLAND;Bundesländer;16;Thüringen;ERWAQ8;Arbeitslosenquote nach Schwerpunkten;ARBEITSQUO06;Frauen;5,2;Prozent;ERWP10;Arbeitslosenquote bez. auf alle zivile Erwerbsp.
13211;Arbeitsmarktstatistik der Bundesagentur für Arbeit;JAHR;Jahr;2019;DLAND;Bundesländer;09;Bayern;ERWAQ8;Arbeitslosenquote nach Schwerpunkten;ARBEITSQUO06;Frauen;2,7;Prozent;ERWP10;Arbeitslosenquote bez. auf alle zivile Erwerbsp.
13211;Arbeitsmarktstatistik der Bundesagentur für Arbeit;JAHR;Jahr;2023;DLAND;Bundesländer;14;Sachsen;ERWAQ8;Arbeitslosenquote nach Schwerpunkten;ARBEITSQUO09;15 bis unter 25 Jahre;6,5;Prozent;ERWP10;Arbeitslosenquote bez. auf alle zivile Erwerbsp.
13211;Arbeitsmarktstatistik der Bundesagentur für Arbeit;JAHR;Jahr;2020;DLAND;Bundesländer;07;Rheinland-Pfalz;ERWAQ8;Arbeitslosenquote nach Schwerpunkten;ARBEITSQUO09;15 bis unter 25 Jahre;5,0;Prozent;ERWP10;Arbeitslosenquote bez. auf alle zivile Erwerbsp.
13211;Arbeitsmarktstatistik der Bundesagentur für Arbeit;JAHR;Jahr;2023;DLAND;Bundesländer;03;Niedersachsen;ERWAQ8;Arbeitslosenquote nach Schwerpunkten;ARBEITSQUO07;ausländisch;19,2;Prozent;ERWP10;Arbeitslosenquote bez. auf alle zivile Erwerbsp.
13211;Arbeitsmarktstatistik der Bundesagentur für Arbeit;JAHR;Jahr;2017;DLAND;Bundesländer;13;Mecklenburg-Vorpommern;ERWAQ8;Arbeitslosenquote nach Schwerpunkten;ARBEITSQUO09;15 bis unter 25 Jahre;10,2;Prozent;ERWP10;Arbeitslosenquote bez. auf alle zivile Erwerbsp.
13211;Arbeitsmarktstatistik der Bundesagentur für Arbeit;JAHR;Jahr;2018;DLAND;Bundesländer;08;Baden-Württemberg;ERWAQ8;Arbeitslosenquote nach Schwerpunkten;ARBEITSQUO06;Frauen;3,1;Prozent;ERWP10;Arbeitslosenquote bez. auf alle zivile Erwerbsp.
13211;Arbeitsmarktstatistik der Bundesagentur für Arbeit;JAHR;Jahr;2024;DLAND;Bundesländer;12;Brandenburg;ERWAQ8;Arbeitslosenquote nach Schwerpunkten;ARBEITSQUO06;Frauen;5,6;Prozent;ERWP10;Arbeitslosenquote bez. auf alle zivile Erwerbsp.
13211;Arbeitsmarktstatistik der Bundesagentur für Arbeit;JAHR;Jahr;2020;DLAND;Bundesländer;15;Sachsen-Anhalt;ERWAQ8;Arbeitslosenquote nach Schwerpunkten;ARBEITSQUO06;Frauen;7,0;Prozent;ERWP10;Arbeitslosenquote bez. auf alle zivile Erwerbsp.
13211;Arbeitsmarktstatistik der Bundesagentur für Arbeit;JAHR;Jahr;2022;DLAND;Bundesländer;13;Mecklenburg-Vorpommern;ERWAQ8;Arbeitslosenquote nach Schwerpunkten;ARBEITSQUO09;15 bis unter 25 Jahre;8,0;Prozent;ERWP10;Arbeitslosenquote bez. auf alle zivile Erwerbsp.
13211;Arbeitsmarktstatistik der Bundesagentur für Arbeit;JAHR;Jahr;2021;DLAND;Bundesländer;01;Schleswig-Holstein;ERWAQ8;Arbeitslosenquote nach Schwerpunkten;ARBEITSQUO05;Männer;6,0;Prozent;ERWP10;Arbeitslosenquote bez. auf alle zivile Erwerbsp.
13211;Arbeitsmarktstatistik der Bundesagentur für Arbeit;JAHR;Jahr;2024;DLAND;Bundesländer;04;Bremen;ERWAQ8;Arbeitslosenquote nach Schwerpunkten;ARBEITSQUO09;15 bis unter 25 Jahre;8,9;Prozent;ERWP10;Arbeitslosenquote bez. auf alle zivile Erwerbsp.
13211;Arbeitsmarktstatistik der Bundesagentur für Arbeit;JAHR;Jahr;2020;DLAND;Bundesländer;08;Baden-Württemberg;ERWAQ8;Arbeitslosenquote nach Schwerpunkten;ARBEITSQUO05;Männer;4,4;Prozent;ERWP10;Arbeitslosenquote bez. auf alle zivile Erwerbsp.
13211;Arbeitsmarktstatistik der Bundesagentur für Arbeit;JAHR;Jahr;2022;DLAND;Bundesländer;02;Hamburg;ERWAQ8;Arbeitslosenquote nach Schwerpunkten;ARBEITSQUO07;ausländisch;15,7;Prozent;ERWP10;Arbeitslosenquote bez. auf alle zivile Erwerbsp.
13211;Arbeitsmarktstatistik der Bundesagentur für Arbeit;JAHR;Jahr;2019;DLAND;Bundesländer;05;Nordrhein-Westfalen;ERWAQ8;Arbeitslosenquote nach Schwerpunkten;ARBEITSQUO07;ausländisch;17,7;Prozent;ERWP10;Arbeitslosenquote bez. auf alle zivile Erwerbsp.
13211;Arbeitsmarktstatistik der Bundesagentur für Arbeit;JAHR;Jahr;2022;DLAND;Bundesländer;13;Mecklenburg-Vorpommern;ERWAQ8;Arbeitslosenquote nach Schwerpunkten;ARBEITSQUO05;Männer;7,8;Prozent;ERWP10;Arbeitslosenquote bez. auf alle zivile Erwerbsp.
13211;Arbeitsmarktstatistik der Bundesagentur für Arbeit;JAHR;Jahr;2023;DLAND;Bundesländer;10;Saarland;ERWAQ8;Arbeitslosenquote nach Schwerpunkten;ARBEITSQUO06;Frauen;6,5;Prozent;ERWP10;Arbeitslosenquote bez. auf alle zivile Erwerbsp.
13211;Arbeitsmarktstatistik der Bundesagentur für Arbeit;JAHR;Jahr;2021;DLAND;Bundesländer;05;Nordrhein-Westfalen;ERWAQ8;Arbeitslosenquote nach Schwerpunkten;ARBEITSQUO06;Frauen;7,1;Prozent;ERWP10;Arbeitslosenquote bez. auf alle zivile Erwerbsp.
13211;Arbeitsmarktstatistik der Bundesagentur für Arbeit;JAHR;Jahr;2023;DLAND;Bundesländer;02;Hamburg;ERWAQ8;Arbeitslosenquote nach Schwerpunkten;ARBEITSQUO09;15 bis unter 25 Jahre;5,7;Prozent;ERWP10;Arbeitslosenquote bez. auf alle zivile Erwerbsp.
13211;Arbeitsmarktstatistik der Bundesagentur für Arbeit;JAHR;Jahr;2020;DLAND;Bundesländer;03;Niedersachsen;ERWAQ8;Arbeitslosenquote nach Schwerpunkten;ARBEITSQUO06;Frauen;5,4;Prozent;ERWP10;Arbeitslosenquote bez. auf alle zivile Erwerbsp.
13211;Arbeitsmarktstatistik der Bundesagentur für Arbeit;JAHR;Jahr;2023;DLAND;Bundesländer;15;Sachsen-Anhalt;ERWAQ8;Arbeitslosenquote nach Schwerpunkten;ARBEITSQUO07;ausländisch;24,3;Prozent;ERWP10;Arbeitslosenquote bez. auf alle zivile Erwerbsp.
13211;Arbeitsmarktstatistik der Bundesagentur für Arbeit;JAHR;Jahr;2017;DLAND;Bundesländer;10;Saarland;ERWAQ8;Arbeitslosenquote nach Schwerpunkten;ARBEITSQUO06;Frauen;6,2;Prozent;ERWP10;Arbeitslosenquote bez. auf alle zivile Erwerbsp.
13211;Arbeitsmarktstatistik der Bundesagentur für Arbeit;JAHR;Jahr;2017;DLAND;Bundesländer;02;Hamburg;ERWAQ8;Arbeitslosenquote nach Schwerpunkten;ARBEITSQUO09;15 bis unter 25 Jahre;5,6;Prozent;ERWP10;Arbeitslosenquote bez. auf alle zivile Erwerbsp.
13211;Arbeitsmarktstatistik der Bundesagentur für Arbeit;JAHR;Jahr;2022;DLAND;Bundesländer;10;Saarland;ERWAQ8;Arbeitslosenquote nach Schwerpunkten;ARBEITSQUO06;Frauen;5,9;Prozent;ERWP10;Arbeitslosenquote bez. auf alle zivile Erwerbsp.
13211;Arbeitsmarktstatistik der Bundesagentur für Arbeit;JAHR;Jahr;2021;DLAND;Bundesländer;08;Baden-Württemberg;ERWAQ8;Arbeitslosenquote nach Schwerpunkten;ARBEITSQUO07;ausländisch;8,3;Prozent;ERWP10;Arbeitslosenquote bez. auf alle zivile Erwerbsp.
13211;Arbeitsmarktstatistik der Bundesagentur für Arbeit;JAHR;Jahr;2021;DLAND;Bundesländer;13;Mecklenburg-Vorpommern;ERWAQ8;Arbeitslosenquote nach Schwerpunkten;ARBEITSQUO05;Männer;8,3;Prozent;ERWP10;Arbeitslosenquote bez. auf alle zivile Erwerbsp.
13211;Arbeitsmarktstatistik der Bundesagentur für Arbeit;JAHR;Jahr;2019;DLAND;Bundesländer;05;Nordrhein-Westfalen;ERWAQ8;Arbeitslosenquote nach Schwerpunkten;ARBEITSQUO05;Männer;6,8;Prozent;ERWP10;Arbeitslosenquote bez. auf alle zivile Erwerbsp.
13211;Arbeitsmarktstatistik der Bundesagentur für Arbeit;JAHR;Jahr;2022;DLAND;Bundesländer;02;Hamburg;ERWAQ8;Arbeitslosenquote nach Schwerpunkten;ARBEITSQUO09;15 bis unter 25 Jahre;5,4;Prozent;ERWP10;Arbeitslosenquote bez. auf alle zivile Erwerbsp.
13211;Arbeitsmarktstatistik der Bundesagentur für Arbeit;JAHR;Jahr;2019;DLAND;Bundesländer;04;Bremen;ERWAQ8;Arbeitslosenquote nach Schwerpunkten;ARBEITSQUO05;Männer;10,5;Prozent;ERWP10;Arbeitslosenquote bez. auf alle zivile Erwerbsp.
13211;Arbeitsmarktstatistik der Bundesagentur für Arbeit;JAHR;Jahr;2024;DLAND;Bundesländer;14;Sachsen;ERWAQ8;Arbeitslosenquote nach Schwerpunkten;ARBEITSQUO09;15 bis unter 25 Jahre;6,9;Prozent;ERWP10;Arbeitslosenquote bez. auf alle zivile Erwerbsp.
13211;Arbeitsmarktstatistik der Bundesagentur für Arbeit;JAHR;Jahr;2021;DLAND;Bundesländer;09;Bayern;ERWAQ8;Arbeitslosenquote nach Schwerpunkten;ARBEITSQUO09;15 bis unter 25 Jahre;2,9;Prozent;ERWP10;Arbeitslosenquote bez. auf alle zivile Erwerbsp.
13211;Arbeitsmarktstatistik der Bundesagentur für Arbeit;JAHR;Jahr;2022;DLAND;Bundesländer;12;Brandenburg;ERWAQ8;Arbeitslosenquote nach Schwerpunkten;ARBEITSQUO07;ausländisch;19,2;Prozent;ERWP10;Arbeitslosenquote bez. auf alle zivile Erwerbsp.
13211;Arbeitsmarktstatistik der Bundesagentur für Arbeit;JAHR;Jahr;2020;DLAND;Bundesländer;06;Hessen;ERWAQ8;Arbeitslosenquote nach Schwerpunkten;ARBEITSQUO07;ausländisch;12,7;Prozent;ERWP10;Arbeitslosenquote bez. auf alle zivile Erwerbsp.
13211;Arbeitsmarktstatistik der Bundesagentur für Arbeit;JAHR;Jahr;2022;DLAND;Bundesländer;03;Niedersachsen;ERWAQ8;Arbeitslosenquote nach Schwerpunkten;ARBEITSQUO05;Männer;5,4;Prozent;ERWP10;Arbeitslosenquote bez. auf alle zivile Erwerbsp.
13211;Arbeitsmarktstatistik der Bundesagentur für Arbeit;JAHR;Jahr;2023;DLAND;Bundesländer;01;Schleswig-Holstein;ERWAQ8;Arbeitslosenquote nach Schwerpunkten;ARBEITSQUO09;15 bis unter 25 Jahre;5,1;Prozent;ERWP10;Arbeitslosenquote bez. auf alle zivile Erwerbsp.
13211;Arbeitsmarktstatistik der Bundesagentur für Arbeit;JAHR;Jahr;2023;DLAND;Bundesländer;13;Mecklenburg-Vorpommern;ERWAQ8;Arbeitslosenquote nach Schwerpunkten;ARBEITSQUO09;15 bis unter 25 Jahre;8,5;Prozent;ERWP10;Arbeitslosenquote bez. auf alle zivile Erwerbsp.
13211;Arbeitsmarktstatistik der Bundesagentur für Arbeit;JAHR;Jahr;2020;DLAND;Bundesländer;08;Baden-Württemberg;ERWAQ8;Arbeitslosenquote nach Schwerpunkten;ARBEITSQUO09;15 bis unter 25 Jahre;3,6;Prozent;ERWP10;Arbeitslosenquote bez. auf alle zivile Erwerbsp.
13211;Arbeitsmarktstatistik der Bundesagentur für Arbeit;JAHR;Jahr;2017;DLAND;Bundesländer;12;Brandenburg;ERWAQ8;Arbeitslosenquote nach Schwerpunkten;ARBEITSQUO09;15 bis unter 25 Jahre;7,9;Prozent;ERWP10;Arbeitslosenquote bez. auf alle zivile Erwerbsp.
13211;Arbeitsmarktstatistik der Bundesagentur für Arbeit;JAHR;Jahr;2023;DLAND;Bundesländer;02;Hamburg;ERWAQ8;Arbeitslosenquote nach Schwerpunkten;ARBEITSQUO07;ausländisch;17,4;Prozent;ERWP10;Arbeitslosenquote bez. auf alle zivile Erwerbsp.
13211;Arbeitsmarktstatistik der Bundesagentur für Arbeit;JAHR;Jahr;2018;DLAND;Bundesländer;07;Rheinland-Pfalz;ERWAQ8;Arbeitslosenquote nach Schwerpunkten;ARBEITSQUO06;Frauen;4,3;Prozent;ERWP10;Arbeitslosenquote bez. auf alle zivile Erwerbsp.
13211;Arbeitsmarktstatistik der Bundesagentur für Arbeit;JAHR;Jahr;2020;DLAND;Bundesländer;16;Thüringen;ERWAQ8;Arbeitslosenquote nach Schwerpunkten;ARBEITSQUO06;Frauen;5,5;Prozent;ERWP10;Arbeitslosenquote bez. auf alle zivile Erwerbsp.
13211;Arbeitsmarktstatistik der Bundesagentur für Arbeit;JAHR;Jahr;2024;DLAND;Bundesländer;11;Berlin;ERWAQ8;Arbeitslosenquote nach Schwerpunkten;ARBEITSQUO06;Frauen;9,3;Prozent;ERWP10;Arbeitslosenquote bez. auf alle zivile Erwerbsp.
13211;Arbeitsmarktstatistik der Bundesagentur für Arbeit;JAHR;Jahr;2024;DLAND;Bundesländer;02;Hamburg;ERWAQ8;Arbeitslosenquote nach Schwerpunkten;ARBEITSQUO09;15 bis unter 25 Jahre;6,2;Prozent;ERWP10;Arbeitslosenquote bez. auf alle zivile Erwerbsp.
13211;Arbeitsmarktstatistik der Bundesagentur für Arbeit;JAHR;Jahr;2022;DLAND;Bundesländer;14;Sachsen;ERWAQ8;Arbeitslosenquote nach Schwerpunkten;ARBEITSQUO09;15 bis unter 25 Jahre;5,6;Prozent;ERWP10;Arbeitslosenquote bez. auf alle zivile Erwerbsp.
13211;Arbeitsmarktstatistik der Bundesagentur für Arbeit;JAHR;Jahr;2019;DLAND;Bundesländer;16;Thüringen;ERWAQ8;Arbeitslosenquote nach Schwerpunkten;ARBEITSQUO05;Männer;5,6;Prozent;ERWP10;Arbeitslosenquote bez. auf alle zivile Erwerbsp.
13211;Arbeitsmarktstatistik der Bundesagentur für Arbeit;JAHR;Jahr;2019;DLAND;Bundesländer;15;Sachsen-Anhalt;ERWAQ8;Arbeitslosenquote nach Schwerpunkten;ARBEITSQUO05;Männer;7,5;Prozent;ERWP10;Arbeitslosenquote bez. auf alle zivile Erwerbsp.
13211;Arbeitsmarktstatistik der Bundesagentur für Arbeit;JAHR;Jahr;2024;DLAND;Bundesländer;03;Niedersachsen;ERWAQ8;Arbeitslosenquote nach Schwerpunkten;ARBEITSQUO09;15 bis unter 25 Jahre;5,3;Prozent;ERWP10;Arbeitslosenquote bez. auf alle zivile Erwerbsp.
13211;Arbeitsmarktstatistik der Bundesagentur für Arbeit;JAHR;Jahr;2024;DLAND;Bundesländer;10;Saarland;ERWAQ8;Arbeitslosenquote nach Schwerpunkten;ARBEITSQUO06;Frauen;6,5;Prozent;ERWP10;Arbeitslosenquote bez. auf alle zivile Erwerbsp.
13211;Arbeitsmarktstatistik der Bundesagentur für Arbeit;JAHR;Jahr;2020;DLAND;Bundesländer;07;Rheinland-Pfalz;ERWAQ8;Arbeitslosenquote nach Schwerpunkten;ARBEITSQUO05;Männer;5,5;Prozent;ERWP10;Arbeitslosenquote bez. auf alle zivile Erwerbsp.
13211;Arbeitsmarktstatistik der Bundesagentur für Arbeit;JAHR;Jahr;2025;DLAND;Bundesländer;09;Bayern;ERWAQ8;Arbeitslosenquote nach Schwerpunkten;ARBEITSQUO06;Frauen;3,9;Prozent;ERWP10;Arbeitslosenquote bez. auf alle zivile Erwerbsp.
13211;Arbeitsmarktstatistik der Bundesagentur für Arbeit;JAHR;Jahr;2022;DLAND;Bundesländer;01;Schleswig-Holstein;ERWAQ8;Arbeitslosenquote nach Schwerpunkten;ARBEITSQUO07;ausländisch;17,4;Prozent;ERWP10;Arbeitslosenquote bez. auf alle zivile Erwerbsp.
13211;Arbeitsmarktstatistik der Bundesagentur für Arbeit;JAHR;Jahr;2019;DLAND;Bundesländer;06;Hessen;ERWAQ8;Arbeitslosenquote nach Schwerpunkten;ARBEITSQUO07;ausländisch;10,6;Prozent;ERWP10;Arbeitslosenquote bez. auf alle zivile Erwerbsp.
13211;Arbeitsmarktstatistik der Bundesagentur für Arbeit;JAHR;Jahr;2022;DLAND;Bundesländer;14;Sachsen;ERWAQ8;Arbeitslosenquote nach Schwerpunkten;ARBEITSQUO05;Männer;5,8;Prozent;ERWP10;Arbeitslosenquote bez. auf alle zivile Erwerbsp.
13211;Arbeitsmarktstatistik der Bundesagentur für Arbeit;JAHR;Jahr;2023;DLAND;Bundesländer;12;Brandenburg;ERWAQ8;Arbeitslosenquote nach Schwerpunkten;ARBEITSQUO09;15 bis unter 25 Jahre;6,3;Prozent;ERWP10;Arbeitslosenquote bez. auf alle zivile Erwerbsp.
13211;Arbeitsmarktstatistik der Bundesagentur für Arbeit;JAHR;Jahr;2021;DLAND;Bundesländer;06;Hessen;ERWAQ8;Arbeitslosenquote nach Schwerpunkten;ARBEITSQUO06;Frauen;5,0;Prozent;ERWP10;Arbeitslosenquote bez. auf alle zivile Erwerbsp.
13211;Arbeitsmarktstatistik der Bundesagentur für Arbeit;JAHR;Jahr;2023;DLAND;Bundesländer;14;Sachsen;ERWAQ8;Arbeitslosenquote nach Schwerpunkten;ARBEITSQUO07;ausländisch;25,0;Prozent;ERWP10;Arbeitslosenquote bez. auf alle zivile Erwerbsp.
13211;Arbeitsmarktstatistik der Bundesagentur für Arbeit;JAHR;Jahr;2017;DLAND;Bundesländer;01;Schleswig-Holstein;ERWAQ8;Arbeitslosenquote nach Schwerpunkten;ARBEITSQUO09;15 bis unter 25 Jahre;5,9;Prozent;ERWP10;Arbeitslosenquote bez. auf alle zivile Erwerbsp.
13211;Arbeitsmarktstatistik der Bundesagentur für Arbeit;JAHR;Jahr;2021;DLAND;Bundesländer;07;Rheinland-Pfalz;ERWAQ8;Arbeitslosenquote nach Schwerpunkten;ARBEITSQUO07;ausländisch;12,1;Prozent;ERWP10;Arbeitslosenquote bez. auf alle zivile Erwerbsp.
13211;Arbeitsmarktstatistik der Bundesagentur für Arbeit;JAHR;Jahr;2022;DLAND;Bundesländer;11;Berlin;ERWAQ8;Arbeitslosenquote nach Schwerpunkten;ARBEITSQUO06;Frauen;8,5;Prozent;ERWP10;Arbeitslosenquote bez. auf alle zivile Erwerbsp.
13211;Arbeitsmarktstatistik der Bundesagentur für Arbeit;JAHR;Jahr;2020;DLAND;Bundesländer;04;Bremen;ERWAQ8;Arbeitslosenquote nach Schwerpunkten;ARBEITSQUO06;Frauen;10,3;Prozent;ERWP10;Arbeitslosenquote bez. auf alle zivile Erwerbsp.
13211;Arbeitsmarktstatistik der Bundesagentur für Arbeit;JAHR;Jahr;2022;DLAND;Bundesländer;03;Niedersachsen;ERWAQ8;Arbeitslosenquote nach Schwerpunkten;ARBEITSQUO09;15 bis unter 25 Jahre;4,6;Prozent;ERWP10;Arbeitslosenquote bez. auf alle zivile Erwerbsp.
13211;Arbeitsmarktstatistik der Bundesagentur für Arbeit;JAHR;Jahr;2021;DLAND;Bundesländer;12;Brandenburg;ERWAQ8;Arbeitslosenquote nach Schwerpunkten;ARBEITSQUO05;Männer;6,4;Prozent;ERWP10;Arbeitslosenquote bez. auf alle zivile Erwerbsp.
13211;Arbeitsmarktstatistik der Bundesagentur für Arbeit;JAHR;Jahr;2022;DLAND;Bundesländer;15;Sachsen-Anhalt;ERWAQ8;Arbeitslosenquote nach Schwerpunkten;ARBEITSQUO07;ausländisch;21,3;Prozent;ERWP10;Arbeitslosenquote bez. auf alle zivile Erwerbsp.
13211;Arbeitsmarktstatistik der Bundesagentur für Arbeit;JAHR;Jahr;2021;DLAND;Bundesländer;14;Sachsen;ERWAQ8;Arbeitslosenquote nach Schwerpunkten;ARBEITSQUO06;Frauen;5,4;Prozent;ERWP10;Arbeitslosenquote bez. auf alle zivile Erwerbsp.
13211;Arbeitsmarktstatistik der Bundesagentur für Arbeit;JAHR;Jahr;2023;DLAND;Bundesländer;01;Schleswig-Holstein;ERWAQ8;Arbeitslosenquote nach Schwerpunkten;ARBEITSQUO06;Frauen;5,2;Prozent;ERWP10;Arbeitslosenquote bez. auf alle zivile Erwerbsp.
13211;Arbeitsmarktstatistik der Bundesagentur für Arbeit;JAHR;Jahr;2021;DLAND;Bundesländer;06;Hessen;ERWAQ8;Arbeitslosenquote nach Schwerpunkten;ARBEITSQUO09;15 bis unter 25 Jahre;4,8;Prozent;ERWP10;Arbeitslosenquote bez. auf alle zivile Erwerbsp.
13211;Arbeitsmarktstatistik der Bundesagentur für Arbeit;JAHR;Jahr;2019;DLAND;Bundesländer;07;Rheinland-Pfalz;ERWAQ8;Arbeitslosenquote nach Schwerpunkten;ARBEITSQUO06;Frauen;4,1;Prozent;ERWP10;Arbeitslosenquote bez. auf alle zivile Erwerbsp.
13211;Arbeitsmarktstatistik der Bundesagentur für Arbeit;JAHR;Jahr;2020;DLAND;Bundesländer;09;Bayern;ERWAQ8;Arbeitslosenquote nach Schwerpunkten;ARBEITSQUO07;ausländisch;8,2;Prozent;ERWP10;Arbeitslosenquote bez. auf alle zivile Erwerbsp.
13211;Arbeitsmarktstatistik der Bundesagentur für Arbeit;JAHR;Jahr;2025;DLAND;Bundesländer;10;Saarland;ERWAQ8;Arbeitslosenquote nach Schwerpunkten;ARBEITSQUO09;15 bis unter 25 Jahre;6,2;Prozent;ERWP10;Arbeitslosenquote bez. auf alle zivile Erwerbsp.
13211;Arbeitsmarktstatistik der Bundesagentur für Arbeit;JAHR;Jahr;2020;DLAND;Bundesländer;09;Bayern;ERWAQ8;Arbeitslosenquote nach Schwerpunkten;ARBEITSQUO09;15 bis unter 25 Jahre;3,4;Prozent;ERWP10;Arbeitslosenquote bez. auf alle zivile Erwerbsp.
13211;Arbeitsmarktstatistik der Bundesagentur für Arbeit;JAHR;Jahr;2023;DLAND;Bundesländer;16;Thüringen;ERWAQ8;Arbeitslosenquote nach Schwerpunkten;ARBEITSQUO09;15 bis unter 25 Jahre;6,5;Prozent;ERWP10;Arbeitslosenquote bez. auf alle zivile Erwerbsp.
13211;Arbeitsmarktstatistik der Bundesagentur für Arbeit;JAHR;Jahr;2023;DLAND;Bundesländer;01;Schleswig-Holstein;ERWAQ8;Arbeitslosenquote nach Schwerpunkten;ARBEITSQUO07;ausländisch;19,7;Prozent;ERWP10;Arbeitslosenquote bez. auf alle zivile Erwerbsp.
13211;Arbeitsmarktstatistik der Bundesagentur für Arbeit;JAHR;Jahr;2017;DLAND;Bundesländer;11;Berlin;ERWAQ8;Arbeitslosenquote nach Schwerpunkten;ARBEITSQUO09;15 bis unter 25 Jahre;9,6;Prozent;ERWP10;Arbeitslosenquote bez. auf alle zivile Erwerbsp.
13211;Arbeitsmarktstatistik der Bundesagentur für Arbeit;JAHR;Jahr;2019;DLAND;Bundesländer;07;Rheinland-Pfalz;ERWAQ8;Arbeitslosenquote nach Schwerpunkten;ARBEITSQUO07;ausländisch;11,3;Prozent;ERWP10;Arbeitslosenquote bez. auf alle zivile Erwerbsp.
13211;Arbeitsmarktstatistik der Bundesagentur für Arbeit;JAHR;Jahr;2022;DLAND;Bundesländer;15;Sachsen-Anhalt;ERWAQ8;Arbeitslosenquote nach Schwerpunkten;ARBEITSQUO09;15 bis unter 25 Jahre;7,7;Prozent;ERWP10;Arbeitslosenquote bez. auf alle zivile Erwerbsp.
13211;Arbeitsmarktstatistik der Bundesagentur für Arbeit;JAHR;Jahr;2024;DLAND;Bundesländer;01;Schleswig-Holstein;ERWAQ8;Arbeitslosenquote nach Schwerpunkten;ARBEITSQUO09;15 bis unter 25 Jahre;5,5;Prozent;ERWP10;Arbeitslosenquote bez. auf alle zivile Erwerbsp.
13211;Arbeitsmarktstatistik der Bundesagentur für Arbeit;JAHR;Jahr;2017;DLAND;Bundesländer;09;Bayern;ERWAQ8;Arbeitslosenquote nach Schwerpunkten;ARBEITSQUO05;Männer;3,3;Prozent;ERWP10;Arbeitslosenquote bez. auf alle zivile Erwerbsp.
13211;Arbeitsmarktstatistik der Bundesagentur für Arbeit;JAHR;Jahr;2021;DLAND;Bundesländer;03;Niedersachsen;ERWAQ8;Arbeitslosenquote nach Schwerpunkten;ARBEITSQUO05;Männer;5,8;Prozent;ERWP10;Arbeitslosenquote bez. auf alle zivile Erwerbsp.
13211;Arbeitsmarktstatistik der Bundesagentur für Arbeit;JAHR;Jahr;2022;DLAND;Bundesländer;04;Bremen;ERWAQ8;Arbeitslosenquote nach Schwerpunkten;ARBEITSQUO07;ausländisch;24,2;Prozent;ERWP10;Arbeitslosenquote bez. auf alle zivile Erwerbsp.
13211;Arbeitsmarktstatistik der Bundesagentur für Arbeit;JAHR;Jahr;2021;DLAND;Bundesländer;03;Niedersachsen;ERWAQ8;Arbeitslosenquote nach Schwerpunkten;ARBEITSQUO06;Frauen;5,3;Prozent;ERWP10;Arbeitslosenquote bez. auf alle zivile Erwerbsp.
13211;Arbeitsmarktstatistik der Bundesagentur für Arbeit;JAHR;Jahr;2020;DLAND;Bundesländer;06;Hessen;ERWAQ8;Arbeitslosenquote nach Schwerpunkten;ARBEITSQUO05;Männer;5,6;Prozent;ERWP10;Arbeitslosenquote bez. auf alle zivile Erwerbsp.
13211;Arbeitsmarktstatistik der Bundesagentur für Arbeit;JAHR;Jahr;2023;DLAND;Bundesländer;12;Brandenburg;ERWAQ8;Arbeitslosenquote nach Schwerpunkten;ARBEITSQUO06;Frauen;5,5;Prozent;ERWP10;Arbeitslosenquote bez. auf alle zivile Erwerbsp.
13211;Arbeitsmarktstatistik der Bundesagentur für Arbeit;JAHR;Jahr;2022;DLAND;Bundesländer;11;Berlin;ERWAQ8;Arbeitslosenquote nach Schwerpunkten;ARBEITSQUO05;Männer;9,2;Prozent;ERWP10;Arbeitslosenquote bez. auf alle zivile Erwerbsp.
13211;Arbeitsmarktstatistik der Bundesagentur für Arbeit;JAHR;Jahr;2021;DLAND;Bundesländer;15;Sachsen-Anhalt;ERWAQ8;Arbeitslosenquote nach Schwerpunkten;ARBEITSQUO05;Männer;7,8;Prozent;ERWP10;Arbeitslosenquote bez. auf alle zivile Erwerbsp.
13211;Arbeitsmarktstatistik der Bundesagentur für Arbeit;JAHR;Jahr;2023;DLAND;Bundesländer;04;Bremen;ERWAQ8;Arbeitslosenquote nach Schwerpunkten;ARBEITSQUO09;15 bis unter 25 Jahre;8,3;Prozent;ERWP10;Arbeitslosenquote bez. auf alle zivile Erwerbsp.
13211;Arbeitsmarktstatistik der Bundesagentur für Arbeit;JAHR;Jahr;2023;DLAND;Bundesländer;13;Mecklenburg-Vorpommern;ERWAQ8;Arbeitslosenquote nach Schwerpunkten;ARBEITSQUO07;ausländisch;23,9;Prozent;ERWP10;Arbeitslosenquote bez. auf alle zivile Erwerbsp.
13211;Arbeitsmarktstatistik der Bundesagentur für Arbeit;JAHR;Jahr;2022;DLAND;Bundesländer;12;Brandenburg;ERWAQ8;Arbeitslosenquote nach Schwerpunkten;ARBEITSQUO06;Frauen;5,2;Prozent;ERWP10;Arbeitslosenquote bez. auf alle zivile Erwerbsp.
13211;Arbeitsmarktstatistik der Bundesagentur für Arbeit;JAHR;Jahr;2021;DLAND;Bundesländer;06;Hessen;ERWAQ8;Arbeitslosenquote nach Schwerpunkten;ARBEITSQUO07;ausländisch;11,9;Prozent;ERWP10;Arbeitslosenquote bez. auf alle zivile Erwerbsp.
13211;Arbeitsmarktstatistik der Bundesagentur für Arbeit;JAHR;Jahr;2020;DLAND;Bundesländer;05;Nordrhein-Westfalen;ERWAQ8;Arbeitslosenquote nach Schwerpunkten;ARBEITSQUO06;Frauen;7,1;Prozent;ERWP10;Arbeitslosenquote bez. auf alle zivile Erwerbsp.
13211;Arbeitsmarktstatistik der Bundesagentur für Arbeit;JAHR;Jahr;2024;DLAND;Bundesländer;13;Mecklenburg-Vorpommern;ERWAQ8;Arbeitslosenquote nach Schwerpunkten;ARBEITSQUO09;15 bis unter 25 Jahre;8,9;Prozent;ERWP10;Arbeitslosenquote bez. auf alle zivile Erwerbsp.
13211;Arbeitsmarktstatistik der Bundesagentur für Arbeit;JAHR;Jahr;2019;DLAND;Bundesländer;07;Rheinland-Pfalz;ERWAQ8;Arbeitslosenquote nach Schwerpunkten;ARBEITSQUO05;Männer;4,5;Prozent;ERWP10;Arbeitslosenquote bez. auf alle zivile Erwerbsp.
13211;Arbeitsmarktstatistik der Bundesagentur für Arbeit;JAHR;Jahr;2022;DLAND;Bundesländer;04;Bremen;ERWAQ8;Arbeitslosenquote nach Schwerpunkten;ARBEITSQUO09;15 bis unter 25 Jahre;8,4;Prozent;ERWP10;Arbeitslosenquote bez. auf alle zivile Erwerbsp.
13211;Arbeitsmarktstatistik der Bundesagentur für Arbeit;JAHR;Jahr;2021;DLAND;Bundesländer;15;Sachsen-Anhalt;ERWAQ8;Arbeitslosenquote nach Schwerpunkten;ARBEITSQUO06;Frauen;6,7;Prozent;ERWP10;Arbeitslosenquote bez. auf alle zivile Erwerbsp.
13211;Arbeitsmarktstatistik der Bundesagentur für Arbeit;JAHR;Jahr;2022;DLAND;Bundesländer;14;Sachsen;ERWAQ8;Arbeitslosenquote nach Schwerpunkten;ARBEITSQUO07;ausländisch;20,5;Prozent;ERWP10;Arbeitslosenquote bez. auf alle zivile Erwerbsp.
13211;Arbeitsmarktstatistik der Bundesagentur für Arbeit;JAHR;Jahr;2020;DLAND;Bundesländer;16;Thüringen;ERWAQ8;Arbeitslosenquote nach Schwerpunkten;ARBEITSQUO05;Männer;6,4;Prozent;ERWP10;Arbeitslosenquote bez. auf alle zivile Erwerbsp.
13211;Arbeitsmarktstatistik der Bundesagentur für Arbeit;JAHR;Jahr;2018;DLAND;Bundesländer;09;Bayern;ERWAQ8;Arbeitslosenquote nach Schwerpunkten;ARBEITSQUO05;Männer;3,0;Prozent;ERWP10;Arbeitslosenquote bez. auf alle zivile Erwerbsp.
13211;Arbeitsmarktstatistik der Bundesagentur für Arbeit;JAHR;Jahr;2022;DLAND;Bundesländer;01;Schleswig-Holstein;ERWAQ8;Arbeitslosenquote nach Schwerpunkten;ARBEITSQUO05;Männer;5,4;Prozent;ERWP10;Arbeitslosenquote bez. auf alle zivile Erwerbsp.
13211;Arbeitsmarktstatistik der Bundesagentur für Arbeit;JAHR;Jahr;2019;DLAND;Bundesländer;08;Baden-Württemberg;ERWAQ8;Arbeitslosenquote nach Schwerpunkten;ARBEITSQUO06;Frauen;3,0;Prozent;ERWP10;Arbeitslosenquote bez. auf alle zivile Erwerbsp.
13211;Arbeitsmarktstatistik der Bundesagentur für Arbeit;JAHR;Jahr;2020;DLAND;Bundesländer;08;Baden-Württemberg;ERWAQ8;Arbeitslosenquote nach Schwerpunkten;ARBEITSQUO07;ausländisch;9,2;Prozent;ERWP10;Arbeitslosenquote bez. auf alle zivile Erwerbsp.
13211;Arbeitsmarktstatistik der Bundesagentur für Arbeit;JAHR;Jahr;2021;DLAND;Bundesländer;07;Rheinland-Pfalz;ERWAQ8;Arbeitslosenquote nach Schwerpunkten;ARBEITSQUO09;15 bis unter 25 Jahre;4,3;Prozent;ERWP10;Arbeitslosenquote bez. auf alle zivile Erwerbsp.
13211;Arbeitsmarktstatistik der Bundesagentur für Arbeit;JAHR;Jahr;2023;DLAND;Bundesländer;15;Sachsen-Anhalt;ERWAQ8;Arbeitslosenquote nach Schwerpunkten;ARBEITSQUO09;15 bis unter 25 Jahre;8,1;Prozent;ERWP10;Arbeitslosenquote bez. auf alle zivile Erwerbsp.
13211;Arbeitsmarktstatistik der Bundesagentur für Arbeit;JAHR;Jahr;2017;DLAND;Bundesländer;10;Saarland;ERWAQ8;Arbeitslosenquote nach Schwerpunkten;ARBEITSQUO09;15 bis unter 25 Jahre;5,3;Prozent;ERWP10;Arbeitslosenquote bez. auf alle zivile Erwerbsp.
13211;Arbeitsmarktstatistik der Bundesagentur für Arbeit;JAHR;Jahr;2024;DLAND;Bundesländer;10;Saarland;ERWAQ8;Arbeitslosenquote nach Schwerpunkten;ARBEITSQUO07;ausländisch;20,9;Prozent;ERWP10;Arbeitslosenquote bez. auf alle zivile Erwerbsp.
13211;Arbeitsmarktstatistik der Bundesagentur für Arbeit;JAHR;Jahr;2019;DLAND;Bundesländer;08;Baden-Württemberg;ERWAQ8;Arbeitslosenquote nach Schwerpunkten;ARBEITSQUO07;ausländisch;7,2;Prozent;ERWP10;Arbeitslosenquote bez. auf alle zivile Erwerbsp.
13211;Arbeitsmarktstatistik der Bundesagentur für Arbeit;JAHR;Jahr;2022;DLAND;Bundesländer;01;Schleswig-Holstein;ERWAQ8;Arbeitslosenquote nach Schwerpunkten;ARBEITSQUO06;Frauen;4,9;Prozent;ERWP10;Arbeitslosenquote bez. auf alle zivile Erwerbsp.
13211;Arbeitsmarktstatistik der Bundesagentur für Arbeit;JAHR;Jahr;2022;DLAND;Bundesländer;16;Thüringen;ERWAQ8;Arbeitslosenquote nach Schwerpunkten;ARBEITSQUO09;15 bis unter 25 Jahre;5,6;Prozent;ERWP10;Arbeitslosenquote bez. auf alle zivile Erwerbsp.
13211;Arbeitsmarktstatistik der Bundesagentur für Arbeit;JAHR;Jahr;2021;DLAND;Bundesländer;02;Hamburg;ERWAQ8;Arbeitslosenquote nach Schwerpunkten;ARBEITSQUO05;Männer;7,8;Prozent;ERWP10;Arbeitslosenquote bez. auf alle zivile Erwerbsp.
13211;Arbeitsmarktstatistik der Bundesagentur für Arbeit;JAHR;Jahr;2018;DLAND;Bundesländer;09;Bayern;ERWAQ8;Arbeitslosenquote nach Schwerpunkten;ARBEITSQUO06;Frauen;2,8;Prozent;ERWP10;Arbeitslosenquote bez. auf alle zivile Erwerbsp.
13211;Arbeitsmarktstatistik der Bundesagentur für Arbeit;JAHR;Jahr;2023;DLAND;Bundesländer;10;Saarland;ERWAQ8;Arbeitslosenquote nach Schwerpunkten;ARBEITSQUO05;Männer;7,1;Prozent;ERWP10;Arbeitslosenquote bez. auf alle zivile Erwerbsp.
13211;Arbeitsmarktstatistik der Bundesagentur für Arbeit;JAHR;Jahr;2022;DLAND;Bundesländer;03;Niedersachsen;ERWAQ8;Arbeitslosenquote nach Schwerpunkten;ARBEITSQUO07;ausländisch;17,0;Prozent;ERWP10;Arbeitslosenquote bez. auf alle zivile Erwerbsp.
13211;Arbeitsmarktstatistik der Bundesagentur für Arbeit;JAHR;Jahr;2021;DLAND;Bundesländer;04;Bremen;ERWAQ8;Arbeitslosenquote nach Schwerpunkten;ARBEITSQUO06;Frauen;10,1;Prozent;ERWP10;Arbeitslosenquote bez. auf alle zivile Erwerbsp.
13211;Arbeitsmarktstatistik der Bundesagentur für Arbeit;JAHR;Jahr;2020;DLAND;Bundesländer;05;Nordrhein-Westfalen;ERWAQ8;Arbeitslosenquote nach Schwerpunkten;ARBEITSQUO05;Männer;7,9;Prozent;ERWP10;Arbeitslosenquote bez. auf alle zivile Erwerbsp.
13211;Arbeitsmarktstatistik der Bundesagentur für Arbeit;JAHR;Jahr;2022;DLAND;Bundesländer;12;Brandenburg;ERWAQ8;Arbeitslosenquote nach Schwerpunkten;ARBEITSQUO05;Männer;5,9;Prozent;ERWP10;Arbeitslosenquote bez. auf alle zivile Erwerbsp.
13211;Arbeitsmarktstatistik der Bundesagentur für Arbeit;JAHR;Jahr;2023;DLAND;Bundesländer;11;Berlin;ERWAQ8;Arbeitslosenquote nach Schwerpunkten;ARBEITSQUO06;Frauen;8,9;Prozent;ERWP10;Arbeitslosenquote bez. auf alle zivile Erwerbsp.
13211;Arbeitsmarktstatistik der Bundesagentur für Arbeit;JAHR;Jahr;2023;DLAND;Bundesländer;03;Niedersachsen;ERWAQ8;Arbeitslosenquote nach Schwerpunkten;ARBEITSQUO09;15 bis unter 25 Jahre;5,0;Prozent;ERWP10;Arbeitslosenquote bez. auf alle zivile Erwerbsp.
13211;Arbeitsmarktstatistik der Bundesagentur für Arbeit;JAHR;Jahr;2021;DLAND;Bundesländer;05;Nordrhein-Westfalen;ERWAQ8;Arbeitslosenquote nach Schwerpunkten;ARBEITSQUO07;ausländisch;19,5;Prozent;ERWP10;Arbeitslosenquote bez. auf alle zivile Erwerbsp.
13211;Arbeitsmarktstatistik der Bundesagentur für Arbeit;JAHR;Jahr;2023;DLAND;Bundesländer;12;Brandenburg;ERWAQ8;Arbeitslosenquote nach Schwerpunkten;ARBEITSQUO07;ausländisch;22,1;Prozent;ERWP10;Arbeitslosenquote bez. auf alle zivile Erwerbsp.
13211;Arbeitsmarktstatistik der Bundesagentur für Arbeit;JAHR;Jahr;2022;DLAND;Bundesländer;05;Nordrhein-Westfalen;ERWAQ8;Arbeitslosenquote nach Schwerpunkten;ARBEITSQUO09;15 bis unter 25 Jahre;5,2;Prozent;ERWP10;Arbeitslosenquote bez. auf alle zivile Erwerbsp.
13211;Arbeitsmarktstatistik der Bundesagentur für Arbeit;JAHR;Jahr;2024;DLAND;Bundesländer;12;Brandenburg;ERWAQ8;Arbeitslosenquote nach Schwerpunkten;ARBEITSQUO09;15 bis unter 25 Jahre;6,7;Prozent;ERWP10;Arbeitslosenquote bez. auf alle zivile Erwerbsp.
13211;Arbeitsmarktstatistik der Bundesagentur für Arbeit;JAHR;Jahr;2022;DLAND;Bundesländer;13;Mecklenburg-Vorpommern;ERWAQ8;Arbeitslosenquote nach Schwerpunkten;ARBEITSQUO06;Frauen;6,7;Prozent;ERWP10;Arbeitslosenquote bez. auf alle zivile Erwerbsp.
13211;Arbeitsmarktstatistik der Bundesagentur für Arbeit;JAHR;Jahr;2021;DLAND;Bundesländer;14;Sachsen;ERWAQ8;Arbeitslosenquote nach Schwerpunkten;ARBEITSQUO05;Männer;6,3;Prozent;ERWP10;Arbeitslosenquote bez. auf alle zivile Erwerbsp.
13211;Arbeitsmarktstatistik der Bundesagentur für Arbeit;JAHR;Jahr;2019;DLAND;Bundesländer;06;Hessen;ERWAQ8;Arbeitslosenquote nach Schwerpunkten;ARBEITSQUO05;Männer;4,6;Prozent;ERWP10;Arbeitslosenquote bez. auf alle zivile Erwerbsp.
13211;Arbeitsmarktstatistik der Bundesagentur für Arbeit;JAHR;Jahr;2020;DLAND;Bundesländer;06;Hessen;ERWAQ8;Arbeitslosenquote nach Schwerpunkten;ARBEITSQUO06;Frauen;5,1;Prozent;ERWP10;Arbeitslosenquote bez. auf alle zivile Erwerbsp.
13211;Arbeitsmarktstatistik der Bundesagentur für Arbeit;JAHR;Jahr;2023;DLAND;Bundesländer;12;Brandenburg;ERWAQ7;Arbeitslose nach ausgewählten Personengruppen;ARBEITSLOS13;15 bis unter 25 Jahre;6801;Anzahl;ERWP06;Arbeitslose
13211;Arbeitsmarktstatistik der Bundesagentur für Arbeit;JAHR;Jahr;2025;DLAND;Bundesländer;03;Niedersachsen;ERWAQ7;Arbeitslose nach ausgewählten Personengruppen;ARBEITSLOS13;15 bis unter 25 Jahre;27454;Anzahl;ERWP06;Arbeitslose
13211;Arbeitsmarktstatistik der Bundesagentur für Arbeit;JAHR;Jahr;2020;DLAND;Bundesländer;03;Niedersachsen;ERWAQ7;Arbeitslose nach ausgewählten Personengruppen;ARBEITSLOS06;schwerbehindert;13043;Anzahl;ERWP06;Arbeitslose
13211;Arbeitsmarktstatistik der Bundesagentur für Arbeit;JAHR;Jahr;2022;DLAND;Bundesländer;11;Berlin;ERWAQ7;Arbeitslose nach ausgewählten Personengruppen;ARBEITSLOS13;15 bis unter 25 Jahre;14178;Anzahl;ERWP06;Arbeitslose
13211;Arbeitsmarktstatistik der Bundesagentur für Arbeit;JAHR;Jahr;2017;DLAND;Bundesländer;16;Thüringen;ERWAQ7;Arbeitslose nach ausgewählten Personengruppen;ARBEITSLOS12;15 bis unter 20 Jahre;1339;Anzahl;ERWP06;Arbeitslose
13211;Arbeitsmarktstatistik der Bundesagentur für Arbeit;JAHR;Jahr;2024;DLAND;Bundesländer;02;Hamburg;ERWAQ7;Arbeitslose nach ausgewählten Personengruppen;ARBEITSLOS13;15 bis unter 25 Jahre;6621;Anzahl;ERWP06;Arbeitslose
13211;Arbeitsmarktstatistik der Bundesagentur für Arbeit;JAHR;Jahr;2019;DLAND;Bundesländer;07;Rheinland-Pfalz;ERWAQ7;Arbeitslose nach ausgewählten Personengruppen;ARBEITSLOS12;15 bis unter 20 Jahre;2243;Anzahl;ERWP06;Arbeitslose
13211;Arbeitsmarktstatistik der Bundesagentur für Arbeit;JAHR;Jahr;2018;DLAND;Bundesländer;01;Schleswig-Holstein;ERWAQ7;Arbeitslose nach ausgewählten Personengruppen;ARBEITSLOS13;15 bis unter 25 Jahre;8503;Anzahl;ERWP06;Arbeitslose
13211;Arbeitsmarktstatistik der Bundesagentur für Arbeit;JAHR;Jahr;2019;DLAND;Bundesländer;02;Hamburg;ERWAQ7;Arbeitslose nach ausgewählten Personengruppen;ARBEITSLOS13;15 bis unter 25 Jahre;5203;Anzahl;ERWP06;Arbeitslose
13211;Arbeitsmarktstatistik der Bundesagentur für Arbeit;JAHR;Jahr;2021;DLAND;Bundesländer;10;Saarland;ERWAQ7;Arbeitslose nach ausgewählten Personengruppen;ARBEITSLOS13;15 bis unter 25 Jahre;2638;Anzahl;ERWP06;Arbeitslose
13211;Arbeitsmarktstatistik der Bundesagentur für Arbeit;JAHR;Jahr;2023;DLAND;Bundesländer;01;Schleswig-Holstein;ERWAQ7;Arbeitslose nach ausgewählten Personengruppen;ARBEITSLOS13;15 bis unter 25 Jahre;8565;Anzahl;ERWP06;Arbeitslose
13211;Arbeitsmarktstatistik der Bundesagentur für Arbeit;JAHR;Jahr;2019;DLAND;Bundesländer;09;Bayern;ERWAQ7;Arbeitslose nach ausgewählten Personengruppen;ARBEITSLOS06;schwerbehindert;20984;Anzahl;ERWP06;Arbeitslose
13211;Arbeitsmarktstatistik der Bundesagentur für Arbeit;JAHR;Jahr;2018;DLAND;Bundesländer;06;Hessen;ERWAQ7;Arbeitslose nach ausgewählten Personengruppen;ARBEITSLOS12;15 bis unter 20 Jahre;3463;Anzahl;ERWP06;Arbeitslose
13211;Arbeitsmarktstatistik der Bundesagentur für Arbeit;JAHR;Jahr;2025;DLAND;Bundesländer;14;Sachsen;ERWAQ7;Arbeitslose nach ausgewählten Personengruppen;ARBEITSLOS13;15 bis unter 25 Jahre;15193;Anzahl;ERWP06;Arbeitslose
13211;Arbeitsmarktstatistik der Bundesagentur für Arbeit;JAHR;Jahr;2020;DLAND;Bundesländer;14;Sachsen;ERWAQ7;Arbeitslose nach ausgewählten Personengruppen;ARBEITSLOS06;schwerbehindert;8239;Anzahl;ERWP06;Arbeitslose
13211;Arbeitsmarktstatistik der Bundesagentur für Arbeit;JAHR;Jahr;2021;DLAND;Bundesländer;09;Bayern;ERWAQ7;Arbeitslose nach ausgewählten Personengruppen;ARBEITSLOS05;langzeitarbeitslos;71582;Anzahl;ERWP06;Arbeitslose
13211;Arbeitsmarktstatistik der Bundesagentur für Arbeit;JAHR;Jahr;2018;DLAND;Bundesländer;12;Brandenburg;ERWAQ7;Arbeitslose nach ausgewählten Personengruppen;ARBEITSLOS13;15 bis unter 25 Jahre;5768;Anzahl;ERWP06;Arbeitslose
13211;Arbeitsmarktstatistik der Bundesagentur für Arbeit;JAHR;Jahr;2021;DLAND;Bundesländer;02;Hamburg;ERWAQ7;Arbeitslose nach ausgewählten Personengruppen;ARBEITSLOS12;15 bis unter 20 Jahre;1107;Anzahl;ERWP06;Arbeitslose
13211;Arbeitsmarktstatistik der Bundesagentur für Arbeit;JAHR;Jahr;2021;DLAND;Bundesländer;04;Bremen;ERWAQ7;Arbeitslose nach ausgewählten Personengruppen;ARBEITSLOS06;schwerbehindert;1629;Anzahl;ERWP06;Arbeitslose
13211;Arbeitsmarktstatistik der Bundesagentur für Arbeit;JAHR;Jahr;2017;DLAND;Bundesländer;05;Nordrhein-Westfalen;ERWAQ7;Arbeitslose nach ausgewählten Personengruppen;ARBEITSLOS06;schwerbehindert;47153;Anzahl;ERWP06;Arbeitslose
13211;Arbeitsmarktstatistik der Bundesagentur für Arbeit;JAHR;Jahr;2025;DLAND;Bundesländer;08;Baden-Württemberg;ERWAQ7;Arbeitslose nach ausgewählten Personengruppen;ARBEITSLOS06;schwerbehindert;17288;Anzahl;ERWP06;Arbeitslose
13211;Arbeitsmarktstatistik der Bundesagentur für Arbeit;JAHR;Jahr;2025;DLAND;Bundesländer;13;Mecklenburg-Vorpommern;ERWAQ7;Arbeitslose nach ausgewählten Personengruppen;ARBEITSLOS08;ausländisch;11944;Anzahl;ERWP06;Arbeitslose
13211;Arbeitsmarktstatistik der Bundesagentur für Arbeit;JAHR;Jahr;2024;DLAND;Bundesländer;07;Rheinland-Pfalz;ERWAQ7;Arbeitslose nach ausgewählten Personengruppen;ARBEITSLOS12;15 bis unter 20 Jahre;3134;Anzahl;ERWP06;Arbeitslose
13211;Arbeitsmarktstatistik der Bundesagentur für Arbeit;JAHR;Jahr;2022;DLAND;Bundesländer;14;Sachsen;ERWAQ7;Arbeitslose nach ausgewählten Personengruppen;ARBEITSLOS12;15 bis unter 20 Jahre;2313;Anzahl;ERWP06;Arbeitslose
13211;Arbeitsmarktstatistik der Bundesagentur für Arbeit;JAHR;Jahr;2017;DLAND;Bundesländer;10;Saarland;ERWAQ7;Arbeitslose nach ausgewählten Personengruppen;ARBEITSLOS08;ausländisch;9239;Anzahl;ERWP06;Arbeitslose
13211;Arbeitsmarktstatistik der Bundesagentur für Arbeit;JAHR;Jahr;2024;DLAND;Bundesländer;07;Rheinland-Pfalz;ERWAQ7;Arbeitslose nach ausgewählten Personengruppen;ARBEITSLOS06;schwerbehindert;6687;Anzahl;ERWP06;Arbeitslose
13211;Arbeitsmarktstatistik der Bundesagentur für Arbeit;JAHR;Jahr;2021;DLAND;Bundesländer;13;Mecklenburg-Vorpommern;ERWAQ7;Arbeitslose nach ausgewählten Personengruppen;ARBEITSLOS12;15 bis unter 20 Jahre;1402;Anzahl;ERWP06;Arbeitslose
13211;Arbeitsmarktstatistik der Bundesagentur für Arbeit;JAHR;Jahr;2018;DLAND;Bundesländer;06;Hessen;ERWAQ7;Arbeitslose nach ausgewählten Personengruppen;ARBEITSLOS06;schwerbehindert;11505;Anzahl;ERWP06;Arbeitslose
13211;Arbeitsmarktstatistik der Bundesagentur für Arbeit;JAHR;Jahr;2023;DLAND;Bundesländer;04;Bremen;ERWAQ7;Arbeitslose nach ausgewählten Personengruppen;ARBEITSLOS12;15 bis unter 20 Jahre;607;Anzahl;ERWP06;Arbeitslose
13211;Arbeitsmarktstatistik der Bundesagentur für Arbeit;JAHR;Jahr;2020;DLAND;Bundesländer;14;Sachsen;ERWAQ7;Arbeitslose nach ausgewählten Personengruppen;ARBEITSLOS12;15 bis unter 20 Jahre;2539;Anzahl;ERWP06;Arbeitslose
13211;Arbeitsmarktstatistik der Bundesagentur für Arbeit;JAHR;Jahr;2023;DLAND;Bundesländer;08;Baden-Württemberg;ERWAQ7;Arbeitslose nach ausgewählten Personengruppen;ARBEITSLOS06;schwerbehindert;15420;Anzahl;ERWP06;Arbeitslose
13211;Arbeitsmarktstatistik der Bundesagentur für Arbeit;JAHR;Jahr;2017;DLAND;Bundesländer;16;Thüringen;ERWAQ7;Arbeitslose nach ausgewählten Personengruppen;ARBEITSLOS06;schwerbehindert;5144;Anzahl;ERWP06;Arbeitslose
13211;Arbeitsmarktstatistik der Bundesagentur für Arbeit;JAHR;Jahr;2017;DLAND;Bundesländer;13;Mecklenburg-Vorpommern;ERWAQ7;Arbeitslose nach ausgewählten Personengruppen;ARBEITSLOS13;15 bis unter 25 Jahre;5879;Anzahl;ERWP06;Arbeitslose
13211;Arbeitsmarktstatistik der Bundesagentur für Arbeit;JAHR;Jahr;2025;DLAND;Bundesländer;02;Hamburg;ERWAQ7;Arbeitslose nach ausgewählten Personengruppen;ARBEITSLOS08;ausländisch;37824;Anzahl;ERWP06;Arbeitslose
13211;Arbeitsmarktstatistik der Bundesagentur für Arbeit;JAHR;Jahr;2022;DLAND;Bundesländer;03;Niedersachsen;ERWAQ7;Arbeitslose nach ausgewählten Personengruppen;ARBEITSLOS12;15 bis unter 20 Jahre;4406;Anzahl;ERWP06;Arbeitslose
13211;Arbeitsmarktstatistik der Bundesagentur für Arbeit;JAHR;Jahr;2022;DLAND;Bundesländer;07;Rheinland-Pfalz;ERWAQ7;Arbeitslose nach ausgewählten Personengruppen;ARBEITSLOS06;schwerbehindert;6251;Anzahl;ERWP06;Arbeitslose
13211;Arbeitsmarktstatistik der Bundesagentur für Arbeit;JAHR;Jahr;2019;DLAND;Bundesländer;10;Saarland;ERWAQ7;Arbeitslose nach ausgewählten Personengruppen;ARBEITSLOS08;ausländisch;9339;Anzahl;ERWP06;Arbeitslose
13211;Arbeitsmarktstatistik der Bundesagentur für Arbeit;JAHR;Jahr;2024;DLAND;Bundesländer;15;Sachsen-Anhalt;ERWAQ7;Arbeitslose nach ausgewählten Personengruppen;ARBEITSLOS13;15 bis unter 25 Jahre;8260;Anzahl;ERWP06;Arbeitslose
13211;Arbeitsmarktstatistik der Bundesagentur für Arbeit;JAHR;Jahr;2024;DLAND;Bundesländer;12;Brandenburg;ERWAQ7;Arbeitslose nach ausgewählten Personengruppen;ARBEITSLOS08;ausländisch;18338;Anzahl;ERWP06;Arbeitslose
13211;Arbeitsmarktstatistik der Bundesagentur für Arbeit;JAHR;Jahr;2017;DLAND;Bundesländer;05;Nordrhein-Westfalen;ERWAQ7;Arbeitslose nach ausgewählten Personengruppen;ARBEITSLOS12;15 bis unter 20 Jahre;12019;Anzahl;ERWP06;Arbeitslose
13211;Arbeitsmarktstatistik der Bundesagentur für Arbeit;JAHR;Jahr;2025;DLAND;Bundesländer;08;Baden-Württemberg;ERWAQ7;Arbeitslose nach ausgewählten Personengruppen;ARBEITSLOS12;15 bis unter 20 Jahre;5419;Anzahl;ERWP06;Arbeitslose
13211;Arbeitsmarktstatistik der Bundesagentur für Arbeit;JAHR;Jahr;2019;DLAND;Bundesländer;10;Saarland;ERWAQ7;Arbeitslose nach ausgewählten Personengruppen;ARBEITSLOS14;55 bis unter 65 Jahre;6895;Anzahl;ERWP06;Arbeitslose
13211;Arbeitsmarktstatistik der Bundesagentur für Arbeit;JAHR;Jahr;2020;DLAND;Bundesländer;03;Niedersachsen;ERWAQ7;Arbeitslose nach ausgewählten Personengruppen;ARBEITSLOS12;15 bis unter 20 Jahre;4820;Anzahl;ERWP06;Arbeitslose
13211;Arbeitsmarktstatistik der Bundesagentur für Arbeit;JAHR;Jahr;2019;DLAND;Bundesländer;13;Mecklenburg-Vorpommern;ERWAQ7;Arbeitslose nach ausgewählten Personengruppen;ARBEITSLOS13;15 bis unter 25 Jahre;5171;Anzahl;ERWP06;Arbeitslose
13211;Arbeitsmarktstatistik der Bundesagentur für Arbeit;JAHR;Jahr;2025;DLAND;Bundesländer;01;Schleswig-Holstein;ERWAQ7;Arbeitslose nach ausgewählten Personengruppen;ARBEITSLOS13;15 bis unter 25 Jahre;9930;Anzahl;ERWP06;Arbeitslose
13211;Arbeitsmarktstatistik der Bundesagentur für Arbeit;JAHR;Jahr;2020;DLAND;Bundesländer;06;Hessen;ERWAQ7;Arbeitslose nach ausgewählten Personengruppen;ARBEITSLOS05;langzeitarbeitslos;52826;Anzahl;ERWP06;Arbeitslose
13211;Arbeitsmarktstatistik der Bundesagentur für Arbeit;JAHR;Jahr;2023;DLAND;Bundesländer;14;Sachsen;ERWAQ7;Arbeitslose nach ausgewählten Personengruppen;ARBEITSLOS13;15 bis unter 25 Jahre;12237;Anzahl;ERWP06;Arbeitslose
13211;Arbeitsmarktstatistik der Bundesagentur für Arbeit;JAHR;Jahr;2024;DLAND;Bundesländer;11;Berlin;ERWAQ7;Arbeitslose nach ausgewählten Personengruppen;ARBEITSLOS13;15 bis unter 25 Jahre;15922;Anzahl;ERWP06;Arbeitslose
13211;Arbeitsmarktstatistik der Bundesagentur für Arbeit;JAHR;Jahr;2024;DLAND;Bundesländer;01;Schleswig-Holstein;ERWAQ7;Arbeitslose nach ausgewählten Personengruppen;ARBEITSLOS08;ausländisch;29496;Anzahl;ERWP06;Arbeitslose
13211;Arbeitsmarktstatistik der Bundesagentur für Arbeit;JAHR;Jahr;2022;DLAND;Bundesländer;03;Niedersachsen;ERWAQ7;Arbeitslose nach ausgewählten Personengruppen;ARBEITSLOS06;schwerbehindert;12793;Anzahl;ERWP06;Arbeitslose
13211;Arbeitsmarktstatistik der Bundesagentur für Arbeit;JAHR;Jahr;2023;DLAND;Bundesländer;09;Bayern;ERWAQ7;Arbeitslose nach ausgewählten Personengruppen;ARBEITSLOS05;langzeitarbeitslos;61744;Anzahl;ERWP06;Arbeitslose
13211;Arbeitsmarktstatistik der Bundesagentur für Arbeit;JAHR;Jahr;2019;DLAND;Bundesländer;09;Bayern;ERWAQ7;Arbeitslose nach ausgewählten Personengruppen;ARBEITSLOS12;15 bis unter 20 Jahre;4548;Anzahl;ERWP06;Arbeitslose
13211;Arbeitsmarktstatistik der Bundesagentur für Arbeit;JAHR;Jahr;2020;DLAND;Bundesländer;12;Brandenburg;ERWAQ7;Arbeitslose nach ausgewählten Personengruppen;ARBEITSLOS06;schwerbehindert;4346;Anzahl;ERWP06;Arbeitslose
13211;Arbeitsmarktstatistik der Bundesagentur für Arbeit;JAHR;Jahr;2025;DLAND;Bundesländer;12;Brandenburg;ERWAQ7;Arbeitslose nach ausgewählten Personengruppen;ARBEITSLOS13;15 bis unter 25 Jahre;8107;Anzahl;ERWP06;Arbeitslose
13211;Arbeitsmarktstatistik der Bundesagentur für Arbeit;JAHR;Jahr;2022;DLAND;Bundesländer;10;Saarland;ERWAQ7;Arbeitslose nach ausgewählten Personengruppen;ARBEITSLOS08;ausländisch;10708;Anzahl;ERWP06;Arbeitslose
13211;Arbeitsmarktstatistik der Bundesagentur für Arbeit;JAHR;Jahr;2019;DLAND;Bundesländer;04;Bremen;ERWAQ7;Arbeitslose nach ausgewählten Personengruppen;ARBEITSLOS13;15 bis unter 25 Jahre;3492;Anzahl;ERWP06;Arbeitslose
13211;Arbeitsmarktstatistik der Bundesagentur für Arbeit;JAHR;Jahr;2021;DLAND;Bundesländer;12;Brandenburg;ERWAQ7;Arbeitslose nach ausgewählten Personengruppen;ARBEITSLOS13;15 bis unter 25 Jahre;6293;Anzahl;ERWP06;Arbeitslose
13211;Arbeitsmarktstatistik der Bundesagentur für Arbeit;JAHR;Jahr;2023;DLAND;Bundesländer;03;Niedersachsen;ERWAQ7;Arbeitslose nach ausgewählten Personengruppen;ARBEITSLOS13;15 bis unter 25 Jahre;24215;Anzahl;ERWP06;Arbeitslose
13211;Arbeitsmarktstatistik der Bundesagentur für Arbeit;JAHR;Jahr;2018;DLAND;Bundesländer;11;Berlin;ERWAQ7;Arbeitslose nach ausgewählten Personengruppen;ARBEITSLOS14;55 bis unter 65 Jahre;26536;Anzahl;ERWP06;Arbeitslose
13211;Arbeitsmarktstatistik der Bundesagentur für Arbeit;JAHR;Jahr;2021;DLAND;Bundesländer;07;Rheinland-Pfalz;ERWAQ7;Arbeitslose nach ausgewählten Personengruppen;ARBEITSLOS05;langzeitarbeitslos;40876;Anzahl;ERWP06;Arbeitslose
13211;Arbeitsmarktstatistik der Bundesagentur für Arbeit;JAHR;Jahr;2018;DLAND;Bundesländer;10;Saarland;ERWAQ7;Arbeitslose nach ausgewählten Personengruppen;ARBEITSLOS13;15 bis unter 25 Jahre;2702;Anzahl;ERWP06;Arbeitslose
13211;Arbeitsmarktstatistik der Bundesagentur für Arbeit;JAHR;Jahr;2023;DLAND;Bundesländer;15;Sachsen-Anhalt;ERWAQ7;Arbeitslose nach ausgewählten Personengruppen;ARBEITSLOS12;15 bis unter 20 Jahre;1862;Anzahl;ERWP06;Arbeitslose
13211;Arbeitsmarktstatistik der Bundesagentur für Arbeit;JAHR;Jahr;2021;DLAND;Bundesländer;06;Hessen;ERWAQ7;Arbeitslose nach ausgewählten Personengruppen;ARBEITSLOS06;schwerbehindert;12055;Anzahl;ERWP06;Arbeitslose
13211;Arbeitsmarktstatistik der Bundesagentur für Arbeit;JAHR;Jahr;2018;DLAND;Bundesländer;15;Sachsen-Anhalt;ERWAQ7;Arbeitslose nach ausgewählten Personengruppen;ARBEITSLOS12;15 bis unter 20 Jahre;1702;Anzahl;ERWP06;Arbeitslose
13211;Arbeitsmarktstatistik der Bundesagentur für Arbeit;JAHR;Jahr;2021;DLAND;Bundesländer;01;Schleswig-Holstein;ERWAQ7;Arbeitslose nach ausgewählten Personengruppen;ARBEITSLOS13;15 bis unter 25 Jahre;8191;Anzahl;ERWP06;Arbeitslose
13211;Arbeitsmarktstatistik der Bundesagentur für Arbeit;JAHR;Jahr;2021;DLAND;Bundesländer;09;Bayern;ERWAQ7;Arbeitslose nach ausgewählten Personengruppen;ARBEITSLOS14;55 bis unter 65 Jahre;69279;Anzahl;ERWP06;Arbeitslose
13211;Arbeitsmarktstatistik der Bundesagentur für Arbeit;JAHR;Jahr;2017;DLAND;Bundesländer;12;Brandenburg;ERWAQ7;Arbeitslose nach ausgewählten Personengruppen;ARBEITSLOS08;ausländisch;8448;Anzahl;ERWP06;Arbeitslose
13211;Arbeitsmarktstatistik der Bundesagentur für Arbeit;JAHR;Jahr;2022;DLAND;Bundesländer;16;Thüringen;ERWAQ7;Arbeitslose nach ausgewählten Personengruppen;ARBEITSLOS12;15 bis unter 20 Jahre;1308;Anzahl;ERWP06;Arbeitslose
13211;Arbeitsmarktstatistik der Bundesagentur für Arbeit;JAHR;Jahr;2017;DLAND;Bundesländer;07;Rheinland-Pfalz;ERWAQ7;Arbeitslose nach ausgewählten Personengruppen;ARBEITSLOS06;schwerbehindert;6163;Anzahl;ERWP06;Arbeitslose
13211;Arbeitsmarktstatistik der Bundesagentur für Arbeit;JAHR;Jahr;2025;DLAND;Bundesländer;11;Berlin;ERWAQ7;Arbeitslose nach ausgewählten Personengruppen;ARBEITSLOS08;ausländisch;92635;Anzahl;ERWP06;Arbeitslose
13211;Arbeitsmarktstatistik der Bundesagentur für Arbeit;JAHR;Jahr;2024;DLAND;Bundesländer;09;Bayern;ERWAQ7;Arbeitslose nach ausgewählten Personengruppen;ARBEITSLOS06;schwerbehindert;25677;Anzahl;ERWP06;Arbeitslose
13211;Arbeitsmarktstatistik der Bundesagentur für Arbeit;JAHR;Jahr;2025;DLAND;Bundesländer;11;Berlin;ERWAQ7;Arbeitslose nach ausgewählten Personengruppen;ARBEITSLOS14;55 bis unter 65 Jahre;37833;Anzahl;ERWP06;Arbeitslose
13211;Arbeitsmarktstatistik der Bundesagentur für Arbeit;JAHR;Jahr;2024;DLAND;Bundesländer;09;Bayern;ERWAQ7;Arbeitslose nach ausgewählten Personengruppen;ARBEITSLOS12;15 bis unter 20 Jahre;6439;Anzahl;ERWP06;Arbeitslose
13211;Arbeitsmarktstatistik der Bundesagentur für Arbeit;JAHR;Jahr;2022;DLAND;Bundesländer;16;Thüringen;ERWAQ7;Arbeitslose nach ausgewählten Personengruppen;ARBEITSLOS06;schwerbehindert;4522;Anzahl;ERWP06;Arbeitslose
13211;Arbeitsmarktstatistik der Bundesagentur für Arbeit;JAHR;Jahr;2023;DLAND;Bundesländer;02;Hamburg;ERWAQ7;Arbeitslose nach ausgewählten Personengruppen;ARBEITSLOS12;15 bis unter 20 Jahre;1136;Anzahl;ERWP06;Arbeitslose
13211;Arbeitsmarktstatistik der Bundesagentur für Arbeit;JAHR;Jahr;2021;DLAND;Bundesländer;11;Berlin;ERWAQ7;Arbeitslose nach ausgewählten Personengruppen;ARBEITSLOS12;15 bis unter 20 Jahre;4196;Anzahl;ERWP06;Arbeitslose
13211;Arbeitsmarktstatistik der Bundesagentur für Arbeit;JAHR;Jahr;2018;DLAND;Bundesländer;04;Bremen;ERWAQ7;Arbeitslose nach ausgewählten Personengruppen;ARBEITSLOS06;schwerbehindert;1553;Anzahl;ERWP06;Arbeitslose
13211;Arbeitsmarktstatistik der Bundesagentur für Arbeit;JAHR;Jahr;2018;DLAND;Bundesländer;11;Berlin;ERWAQ7;Arbeitslose nach ausgewählten Personengruppen;ARBEITSLOS08;ausländisch;49193;Anzahl;ERWP06;Arbeitslose
13211;Arbeitsmarktstatistik der Bundesagentur für Arbeit;JAHR;Jahr;2021;DLAND;Bundesländer;09;Bayern;ERWAQ7;Arbeitslose nach ausgewählten Personengruppen;ARBEITSLOS08;ausländisch;81958;Anzahl;ERWP06;Arbeitslose
13211;Arbeitsmarktstatistik der Bundesagentur für Arbeit;JAHR;Jahr;2024;DLAND;Bundesländer;10;Saarland;ERWAQ7;Arbeitslose nach ausgewählten Personengruppen;ARBEITSLOS05;langzeitarbeitslos;13248;Anzahl;ERWP06;Arbeitslose
13211;Arbeitsmarktstatistik der Bundesagentur für Arbeit;JAHR;Jahr;2020;DLAND;Bundesländer;12;Brandenburg;ERWAQ7;Arbeitslose nach ausgewählten Personengruppen;ARBEITSLOS12;15 bis unter 20 Jahre;1497;Anzahl;ERWP06;Arbeitslose
13211;Arbeitsmarktstatistik der Bundesagentur für Arbeit;JAHR;Jahr;2018;DLAND;Bundesländer;04;Bremen;ERWAQ7;Arbeitslose nach ausgewählten Personengruppen;ARBEITSLOS12;15 bis unter 20 Jahre;577;Anzahl;ERWP06;Arbeitslose
13211;Arbeitsmarktstatistik der Bundesagentur für Arbeit;JAHR;Jahr;2017;DLAND;Bundesländer;01;Schleswig-Holstein;ERWAQ7;Arbeitslose nach ausgewählten Personengruppen;ARBEITSLOS08;ausländisch;18688;Anzahl;ERWP06;Arbeitslose
13211;Arbeitsmarktstatistik der Bundesagentur für Arbeit;JAHR;Jahr;2017;DLAND;Bundesländer;11;Berlin;ERWAQ7;Arbeitslose nach ausgewählten Personengruppen;ARBEITSLOS13;15 bis unter 25 Jahre;13771;Anzahl;ERWP06;Arbeitslose
13211;Arbeitsmarktstatistik der Bundesagentur für Arbeit;JAHR;Jahr;2022;DLAND;Bundesländer;10;Saarland;ERWAQ7;Arbeitslose nach ausgewählten Personengruppen;ARBEITSLOS14;55 bis unter 65 Jahre;7923;Anzahl;ERWP06;Arbeitslose
13211;Arbeitsmarktstatistik der Bundesagentur für Arbeit;JAHR;Jahr;2022;DLAND;Bundesländer;05;Nordrhein-Westfalen;ERWAQ7;Arbeitslose nach ausgewählten Personengruppen;ARBEITSLOS12;15 bis unter 20 Jahre;11186;Anzahl;ERWP06;Arbeitslose
13211;Arbeitsmarktstatistik der Bundesagentur für Arbeit;JAHR;Jahr;2022;DLAND;Bundesländer;05;Nordrhein-Westfalen;ERWAQ7;Arbeitslose nach ausgewählten Personengruppen;ARBEITSLOS06;schwerbehindert;50758;Anzahl;ERWP06;Arbeitslose
13211;Arbeitsmarktstatistik der Bundesagentur für Arbeit;JAHR;Jahr;2024;DLAND;Bundesländer;13;Mecklenburg-Vorpommern;ERWAQ7;Arbeitslose nach ausgewählten Personengruppen;ARBEITSLOS13;15 bis unter 25 Jahre;6782;Anzahl;ERWP06;Arbeitslose
13211;Arbeitsmarktstatistik der Bundesagentur für Arbeit;JAHR;Jahr;2024;DLAND;Bundesländer;14;Sachsen;ERWAQ7;Arbeitslose nach ausgewählten Personengruppen;ARBEITSLOS08;ausländisch;35743;Anzahl;ERWP06;Arbeitslose
13211;Arbeitsmarktstatistik der Bundesagentur für Arbeit;JAHR;Jahr;2017;DLAND;Bundesländer;07;Rheinland-Pfalz;ERWAQ7;Arbeitslose nach ausgewählten Personengruppen;ARBEITSLOS12;15 bis unter 20 Jahre;2431;Anzahl;ERWP06;Arbeitslose
13211;Arbeitsmarktstatistik der Bundesagentur für Arbeit;JAHR;Jahr;2025;DLAND;Bundesländer;06;Hessen;ERWAQ7;Arbeitslose nach ausgewählten Personengruppen;ARBEITSLOS12;15 bis unter 20 Jahre;6105;Anzahl;ERWP06;Arbeitslose
13211;Arbeitsmarktstatistik der Bundesagentur für Arbeit;JAHR;Jahr;2020;DLAND;Bundesländer;01;Schleswig-Holstein;ERWAQ7;Arbeitslose nach ausgewählten Personengruppen;ARBEITSLOS06;schwerbehindert;5197;Anzahl;ERWP06;Arbeitslose
13211;Arbeitsmarktstatistik der Bundesagentur für Arbeit;JAHR;Jahr;2020;DLAND;Bundesländer;01;Schleswig-Holstein;ERWAQ7;Arbeitslose nach ausgewählten Personengruppen;ARBEITSLOS12;15 bis unter 20 Jahre;1842;Anzahl;ERWP06;Arbeitslose
13211;Arbeitsmarktstatistik der Bundesagentur für Arbeit;JAHR;Jahr;2020;DLAND;Bundesländer;08;Baden-Württemberg;ERWAQ7;Arbeitslose nach ausgewählten Personengruppen;ARBEITSLOS05;langzeitarbeitslos;60936;Anzahl;ERWP06;Arbeitslose
13211;Arbeitsmarktstatistik der Bundesagentur für Arbeit;JAHR;Jahr;2019;DLAND;Bundesländer;15;Sachsen-Anhalt;ERWAQ7;Arbeitslose nach ausgewählten Personengruppen;ARBEITSLOS13;15 bis unter 25 Jahre;6956;Anzahl;ERWP06;Arbeitslose
13211;Arbeitsmarktstatistik der Bundesagentur für Arbeit;JAHR;Jahr;2025;DLAND;Bundesländer;06;Hessen;ERWAQ7;Arbeitslose nach ausgewählten Personengruppen;ARBEITSLOS06;schwerbehindert;12006;Anzahl;ERWP06;Arbeitslose
13211;Arbeitsmarktstatistik der Bundesagentur für Arbeit;JAHR;Jahr;2024;DLAND;Bundesländer;08;Baden-Württemberg;ERWAQ7;Arbeitslose nach ausgewählten Personengruppen;ARBEITSLOS05;langzeitarbeitslos;79953;Anzahl;ERWP06;Arbeitslose
13211;Arbeitsmarktstatistik der Bundesagentur für Arbeit;JAHR;Jahr;2020;DLAND;Bundesländer;09;Bayern;ERWAQ7;Arbeitslose nach ausgewählten Personengruppen;ARBEITSLOS13;15 bis unter 25 Jahre;28582;Anzahl;ERWP06;Arbeitslose
13211;Arbeitsmarktstatistik der Bundesagentur für Arbeit;JAHR;Jahr;2019;DLAND;Bundesländer;16;Thüringen;ERWAQ7;Arbeitslose nach ausgewählten Personengruppen;ARBEITSLOS06;schwerbehindert;4699;Anzahl;ERWP06;Arbeitslose
13211;Arbeitsmarktstatistik der Bundesagentur für Arbeit;JAHR;Jahr;2019;DLAND;Bundesländer;14;Sachsen;ERWAQ7;Arbeitslose nach ausgewählten Personengruppen;ARBEITSLOS12;15 bis unter 20 Jahre;2344;Anzahl;ERWP06;Arbeitslose
13211;Arbeitsmarktstatistik der Bundesagentur für Arbeit;JAHR;Jahr;2022;DLAND;Bundesländer;15;Sachsen-Anhalt;ERWAQ7;Arbeitslose nach ausgewählten Personengruppen;ARBEITSLOS13;15 bis unter 25 Jahre;6945;Anzahl;ERWP06;Arbeitslose
13211;Arbeitsmarktstatistik der Bundesagentur für Arbeit;JAHR;Jahr;2023;DLAND;Bundesländer;02;Hamburg;ERWAQ7;Arbeitslose nach ausgewählten Personengruppen;ARBEITSLOS08;ausländisch;33377;Anzahl;ERWP06;Arbeitslose
13211;Arbeitsmarktstatistik der Bundesagentur für Arbeit;JAHR;Jahr;2020;DLAND;Bundesländer;07;Rheinland-Pfalz;ERWAQ7;Arbeitslose nach ausgewählten Personengruppen;ARBEITSLOS06;schwerbehindert;6777;Anzahl;ERWP06;Arbeitslose
13211;Arbeitsmarktstatistik der Bundesagentur für Arbeit;JAHR;Jahr;2021;DLAND;Bundesländer;16;Thüringen;ERWAQ7;Arbeitslose nach ausgewählten Personengruppen;ARBEITSLOS05;langzeitarbeitslos;24331;Anzahl;ERWP06;Arbeitslose
13211;Arbeitsmarktstatistik der Bundesagentur für Arbeit;JAHR;Jahr;2017;DLAND;Bundesländer;06;Hessen;ERWAQ7;Arbeitslose nach ausgewählten Personengruppen;ARBEITSLOS05;langzeitarbeitslos;59953;Anzahl;ERWP06;Arbeitslose
13211;Arbeitsmarktstatistik der Bundesagentur für Arbeit;JAHR;Jahr;2022;DLAND;Bundesländer;01;Schleswig-Holstein;ERWAQ7;Arbeitslose nach ausgewählten Personengruppen;ARBEITSLOS06;schwerbehindert;4741;Anzahl;ERWP06;Arbeitslose
13211;Arbeitsmarktstatistik der Bundesagentur für Arbeit;JAHR;Jahr;2020;DLAND;Bundesländer;15;Sachsen-Anhalt;ERWAQ7;Arbeitslose nach ausgewählten Personengruppen;ARBEITSLOS05;langzeitarbeitslos;28886;Anzahl;ERWP06;Arbeitslose
13211;Arbeitsmarktstatistik der Bundesagentur für Arbeit;JAHR;Jahr;2025;DLAND;Bundesländer;10;Saarland;ERWAQ7;Arbeitslose nach ausgewählten Personengruppen;ARBEITSLOS13;15 bis unter 25 Jahre;3193;Anzahl;ERWP06;Arbeitslose
13211;Arbeitsmarktstatistik der Bundesagentur für Arbeit;JAHR;Jahr;2021;DLAND;Bundesländer;14;Sachsen;ERWAQ7;Arbeitslose nach ausgewählten Personengruppen;ARBEITSLOS13;15 bis unter 25 Jahre;10542;Anzahl;ERWP06;Arbeitslose
13211;Arbeitsmarktstatistik der Bundesagentur für Arbeit;JAHR;Jahr;2018;DLAND;Bundesländer;07;Rheinland-Pfalz;ERWAQ7;Arbeitslose nach ausgewählten Personengruppen;ARBEITSLOS05;langzeitarbeitslos;30238;Anzahl;ERWP06;Arbeitslose
13211;Arbeitsmarktstatistik der Bundesagentur für Arbeit;JAHR;Jahr;2022;DLAND;Bundesländer;12;Brandenburg;ERWAQ7;Arbeitslose nach ausgewählten Personengruppen;ARBEITSLOS08;ausländisch;12849;Anzahl;ERWP06;Arbeitslose
13211;Arbeitsmarktstatistik der Bundesagentur für Arbeit;JAHR;Jahr;2019;DLAND;Bundesländer;06;Hessen;ERWAQ7;Arbeitslose nach ausgewählten Personengruppen;ARBEITSLOS13;15 bis unter 25 Jahre;14975;Anzahl;ERWP06;Arbeitslose
13211;Arbeitsmarktstatistik der Bundesagentur für Arbeit;JAHR;Jahr;2024;DLAND;Bundesländer;01;Schleswig-Holstein;ERWAQ7;Arbeitslose nach ausgewählten Personengruppen;ARBEITSLOS14;55 bis unter 65 Jahre;21130;Anzahl;ERWP06;Arbeitslose
13211;Arbeitsmarktstatistik der Bundesagentur für Arbeit;JAHR;Jahr;2019;DLAND;Bundesländer;05;Nordrhein-Westfalen;ERWAQ7;Arbeitslose nach ausgewählten Personengruppen;ARBEITSLOS06;schwerbehindert;47266;Anzahl;ERWP06;Arbeitslose
13211;Arbeitsmarktstatistik der Bundesagentur für Arbeit;JAHR;Jahr;2021;DLAND;Bundesländer;06;Hessen;ERWAQ7;Arbeitslose nach ausgewählten Personengruppen;ARBEITSLOS12;15 bis unter 20 Jahre;3652;Anzahl;ERWP06;Arbeitslose
13211;Arbeitsmarktstatistik der Bundesagentur für Arbeit;JAHR;Jahr;2021;DLAND;Bundesländer;11;Berlin;ERWAQ7;Arbeitslose nach ausgewählten Personengruppen;ARBEITSLOS06;schwerbehindert;8578;Anzahl;ERWP06;Arbeitslose
13211;Arbeitsmarktstatistik der Bundesagentur für Arbeit;JAHR;Jahr;2019;DLAND;Bundesländer;03;Niedersachsen;ERWAQ7;Arbeitslose nach ausgewählten Personengruppen;ARBEITSLOS12;15 bis unter 20 Jahre;4373;Anzahl;ERWP06;Arbeitslose
13211;Arbeitsmarktstatistik der Bundesagentur für Arbeit;JAHR;Jahr;2023;DLAND;Bundesländer;13;Mecklenburg-Vorpommern;ERWAQ7;Arbeitslose nach ausgewählten Personengruppen;ARBEITSLOS08;ausländisch;10825;Anzahl;ERWP06;Arbeitslose
13211;Arbeitsmarktstatistik der Bundesagentur für Arbeit;JAHR;Jahr;2021;DLAND;Bundesländer;05;Nordrhein-Westfalen;ERWAQ7;Arbeitslose nach ausgewählten Personengruppen;ARBEITSLOS05;langzeitarbeitslos;328918;Anzahl;ERWP06;Arbeitslose
13211;Arbeitsmarktstatistik der Bundesagentur für Arbeit;JAHR;Jahr;2019;DLAND;Bundesländer;08;Baden-Württemberg;ERWAQ7;Arbeitslose nach ausgewählten Personengruppen;ARBEITSLOS05;langzeitarbeitslos;50072;Anzahl;ERWP06;Arbeitslose
13211;Arbeitsmarktstatistik der Bundesagentur für Arbeit;JAHR;Jahr;2023;DLAND;Bundesländer;11;Berlin;ERWAQ7;Arbeitslose nach ausgewählten Personengruppen;ARBEITSLOS14;55 bis unter 65 Jahre;32806;Anzahl;ERWP06;Arbeitslose
13211;Arbeitsmarktstatistik der Bundesagentur für Arbeit;JAHR;Jahr;2023;DLAND;Bundesländer;13;Mecklenburg-Vorpommern;ERWAQ7;Arbeitslose nach ausgewählten Personengruppen;ARBEITSLOS12;15 bis unter 20 Jahre;1637;Anzahl;ERWP06;Arbeitslose
13211;Arbeitsmarktstatistik der Bundesagentur für Arbeit;JAHR;Jahr;2021;DLAND;Bundesländer;03;Niedersachsen;ERWAQ7;Arbeitslose nach ausgewählten Personengruppen;ARBEITSLOS13;15 bis unter 25 Jahre;23471;Anzahl;ERWP06;Arbeitslose
13211;Arbeitsmarktstatistik der Bundesagentur für Arbeit;JAHR;Jahr;2024;DLAND;Bundesländer;12;Brandenburg;ERWAQ7;Arbeitslose nach ausgewählten Personengruppen;ARBEITSLOS14;55 bis unter 65 Jahre;21807;Anzahl;ERWP06;Arbeitslose
13211;Arbeitsmarktstatistik der Bundesagentur für Arbeit;JAHR;Jahr;2022;DLAND;Bundesländer;10;Saarland;ERWAQ7;Arbeitslose nach ausgewählten Personengruppen;ARBEITSLOS12;15 bis unter 20 Jahre;501;Anzahl;ERWP06;Arbeitslose
13211;Arbeitsmarktstatistik der Bundesagentur für Arbeit;JAHR;Jahr;2017;DLAND;Bundesländer;09;Bayern;ERWAQ7;Arbeitslose nach ausgewählten Personengruppen;ARBEITSLOS06;schwerbehindert;21440;Anzahl;ERWP06;Arbeitslose
13211;Arbeitsmarktstatistik der Bundesagentur für Arbeit;JAHR;Jahr;2023;DLAND;Bundesländer;11;Berlin;ERWAQ7;Arbeitslose nach ausgewählten Personengruppen;ARBEITSLOS05;langzeitarbeitslos;57667;Anzahl;ERWP06;Arbeitslose
13211;Arbeitsmarktstatistik der Bundesagentur für Arbeit;JAHR;Jahr;2021;DLAND;Bundesländer;07;Rheinland-Pfalz;ERWAQ7;Arbeitslose nach ausgewählten Personengruppen;ARBEITSLOS14;55 bis unter 65 Jahre;27347;Anzahl;ERWP06;Arbeitslose
13211;Arbeitsmarktstatistik der Bundesagentur für Arbeit;JAHR;Jahr;2020;DLAND;Bundesländer;06;Hessen;ERWAQ7;Arbeitslose nach ausgewählten Personengruppen;ARBEITSLOS14;55 bis unter 65 Jahre;34704;Anzahl;ERWP06;Arbeitslose
13211;Arbeitsmarktstatistik der Bundesagentur für Arbeit;JAHR;Jahr;2021;DLAND;Bundesländer;07;Rheinland-Pfalz;ERWAQ7;Arbeitslose nach ausgewählten Personengruppen;ARBEITSLOS08;ausländisch;32135;Anzahl;ERWP06;Arbeitslose
13211;Arbeitsmarktstatistik der Bundesagentur für Arbeit;JAHR;Jahr;2017;DLAND;Bundesländer;10;Saarland;ERWAQ7;Arbeitslose nach ausgewählten Personengruppen;ARBEITSLOS14;55 bis unter 65 Jahre;6846;Anzahl;ERWP06;Arbeitslose
13211;Arbeitsmarktstatistik der Bundesagentur für Arbeit;JAHR;Jahr;2022;DLAND;Bundesländer;12;Brandenburg;ERWAQ7;Arbeitslose nach ausgewählten Personengruppen;ARBEITSLOS14;55 bis unter 65 Jahre;20601;Anzahl;ERWP06;Arbeitslose
13211;Arbeitsmarktstatistik der Bundesagentur für Arbeit;JAHR;Jahr;2020;DLAND;Bundesländer;06;Hessen;ERWAQ7;Arbeitslose nach ausgewählten Personengruppen;ARBEITSLOS08;ausländisch;71700;Anzahl;ERWP06;Arbeitslose
13211;Arbeitsmarktstatistik der Bundesagentur für Arbeit;JAHR;Jahr;2022;DLAND;Bundesländer;04;Bremen;ERWAQ7;Arbeitslose nach ausgewählten Personengruppen;ARBEITSLOS13;15 bis unter 25 Jahre;3319;Anzahl;ERWP06;Arbeitslose
13211;Arbeitsmarktstatistik der Bundesagentur für Arbeit;JAHR;Jahr;2022;DLAND;Bundesländer;14;Sachsen;ERWAQ7;Arbeitslose nach ausgewählten Personengruppen;ARBEITSLOS06;schwerbehindert;8259;Anzahl;ERWP06;Arbeitslose
13211;Arbeitsmarktstatistik der Bundesagentur für Arbeit;JAHR;Jahr;2020;DLAND;Bundesländer;07;Rheinland-Pfalz;ERWAQ7;Arbeitslose nach ausgewählten Personengruppen;ARBEITSLOS12;15 bis unter 20 Jahre;2550;Anzahl;ERWP06;Arbeitslose
13211;Arbeitsmarktstatistik der Bundesagentur für Arbeit;JAHR;Jahr;2017;DLAND;Bundesländer;09;Bayern;ERWAQ7;Arbeitslose nach ausgewählten Personengruppen;ARBEITSLOS12;15 bis unter 20 Jahre;5233;Anzahl;ERWP06;Arbeitslose
13211;Arbeitsmarktstatistik der Bundesagentur für Arbeit;JAHR;Jahr;2018;DLAND;Bundesländer;09;Bayern;ERWAQ7;Arbeitslose nach ausgewählten Personengruppen;ARBEITSLOS08;ausländisch;63090;Anzahl;ERWP06;Arbeitslose
13211;Arbeitsmarktstatistik der Bundesagentur für Arbeit;JAHR;Jahr;2020;DLAND;Bundesländer;02;Hamburg;ERWAQ7;Arbeitslose nach ausgewählten Personengruppen;ARBEITSLOS05;langzeitarbeitslos;20218;Anzahl;ERWP06;Arbeitslose
13211;Arbeitsmarktstatistik der Bundesagentur für Arbeit;JAHR;Jahr;2022;DLAND;Bundesländer;01;Schleswig-Holstein;ERWAQ7;Arbeitslose nach ausgewählten Personengruppen;ARBEITSLOS14;55 bis unter 65 Jahre;19007;Anzahl;ERWP06;Arbeitslose
13211;Arbeitsmarktstatistik der Bundesagentur für Arbeit;JAHR;Jahr;2018;DLAND;Bundesländer;09;Bayern;ERWAQ7;Arbeitslose nach ausgewählten Personengruppen;ARBEITSLOS14;55 bis unter 65 Jahre;52689;Anzahl;ERWP06;Arbeitslose
13211;Arbeitsmarktstatistik der Bundesagentur für Arbeit;JAHR;Jahr;2022;DLAND;Bundesländer;01;Schleswig-Holstein;ERWAQ7;Arbeitslose nach ausgewählten Personengruppen;ARBEITSLOS08;ausländisch;22555;Anzahl;ERWP06;Arbeitslose
13211;Arbeitsmarktstatistik der Bundesagentur für Arbeit;JAHR;Jahr;2020;DLAND;Bundesländer;07;Rheinland-Pfalz;ERWAQ7;Arbeitslose nach ausgewählten Personengruppen;ARBEITSLOS13;15 bis unter 25 Jahre;12396;Anzahl;ERWP06;Arbeitslose
13211;Arbeitsmarktstatistik der Bundesagentur für Arbeit;JAHR;Jahr;2021;DLAND;Bundesländer;02;Hamburg;ERWAQ7;Arbeitslose nach ausgewählten Personengruppen;ARBEITSLOS06;schwerbehindert;3612;Anzahl;ERWP06;Arbeitslose
13211;Arbeitsmarktstatistik der Bundesagentur für Arbeit;JAHR;Jahr;2019;DLAND;Bundesländer;16;Thüringen;ERWAQ7;Arbeitslose nach ausgewählten Personengruppen;ARBEITSLOS12;15 bis unter 20 Jahre;1263;Anzahl;ERWP06;Arbeitslose
13211;Arbeitsmarktstatistik der Bundesagentur für Arbeit;JAHR;Jahr;2020;DLAND;Bundesländer;05;Nordrhein-Westfalen;ERWAQ7;Arbeitslose nach ausgewählten Personengruppen;ARBEITSLOS06;schwerbehindert;51276;Anzahl;ERWP06;Arbeitslose
13211;Arbeitsmarktstatistik der Bundesagentur für Arbeit;JAHR;Jahr;2021;DLAND;Bundesländer;14;Sachsen;ERWAQ7;Arbeitslose nach ausgewählten Personengruppen;ARBEITSLOS05;langzeitarbeitslos;51237;Anzahl;ERWP06;Arbeitslose
13211;Arbeitsmarktstatistik der Bundesagentur für Arbeit;JAHR;Jahr;2022;DLAND;Bundesländer;13;Mecklenburg-Vorpommern;ERWAQ7;Arbeitslose nach ausgewählten Personengruppen;ARBEITSLOS13;15 bis unter 25 Jahre;5668;Anzahl;ERWP06;Arbeitslose
13211;Arbeitsmarktstatistik der Bundesagentur für Arbeit;JAHR;Jahr;2019;DLAND;Bundesländer;08;Baden-Württemberg;ERWAQ7;Arbeitslose nach ausgewählten Personengruppen;ARBEITSLOS14;55 bis unter 65 Jahre;44570;Anzahl;ERWP06;Arbeitslose
13211;Arbeitsmarktstatistik der Bundesagentur für Arbeit;JAHR;Jahr;2017;DLAND;Bundesländer;08;Baden-Württemberg;ERWAQ7;Arbeitslose nach ausgewählten Personengruppen;ARBEITSLOS05;langzeitarbeitslos;62448;Anzahl;ERWP06;Arbeitslose
13211;Arbeitsmarktstatistik der Bundesagentur für Arbeit;JAHR;Jahr;2022;DLAND;Bundesländer;14;Sachsen;ERWAQ7;Arbeitslose nach ausgewählten Personengruppen;ARBEITSLOS08;ausländisch;23033;Anzahl;ERWP06;Arbeitslose
13211;Arbeitsmarktstatistik der Bundesagentur für Arbeit;JAHR;Jahr;2021;DLAND;Bundesländer;16;Thüringen;ERWAQ7;Arbeitslose nach ausgewählten Personengruppen;ARBEITSLOS13;15 bis unter 25 Jahre;5267;Anzahl;ERWP06;Arbeitslose
13211;Arbeitsmarktstatistik der Bundesagentur für Arbeit;JAHR;Jahr;2018;DLAND;Bundesländer;09;Bayern;ERWAQ7;Arbeitslose nach ausgewählten Personengruppen;ARBEITSLOS05;langzeitarbeitslos;48714;Anzahl;ERWP06;Arbeitslose
13211;Arbeitsmarktstatistik der Bundesagentur für Arbeit;JAHR;Jahr;2018;DLAND;Bundesländer;08;Baden-Württemberg;ERWAQ7;Arbeitslose nach ausgewählten Personengruppen;ARBEITSLOS12;15 bis unter 20 Jahre;3043;Anzahl;ERWP06;Arbeitslose
13211;Arbeitsmarktstatistik der Bundesagentur für Arbeit;JAHR;Jahr;2019;DLAND;Bundesländer;07;Rheinland-Pfalz;ERWAQ7;Arbeitslose nach ausgewählten Personengruppen;ARBEITSLOS06;schwerbehindert;6189;Anzahl;ERWP06;Arbeitslose
13211;Arbeitsmarktstatistik der Bundesagentur für Arbeit;JAHR;Jahr;2021;DLAND;Bundesländer;13;Mecklenburg-Vorpommern;ERWAQ7;Arbeitslose nach ausgewählten Personengruppen;ARBEITSLOS06;schwerbehindert;4289;Anzahl;ERWP06;Arbeitslose
13211;Arbeitsmarktstatistik der Bundesagentur für Arbeit;JAHR;Jahr;2021;DLAND;Bundesländer;04;Bremen;ERWAQ7;Arbeitslose nach ausgewählten Personengruppen;ARBEITSLOS12;15 bis unter 20 Jahre;637;Anzahl;ERWP06;Arbeitslose
13211;Arbeitsmarktstatistik der Bundesagentur für Arbeit;JAHR;Jahr;2019;DLAND;Bundesländer;06;Hessen;ERWAQ7;Arbeitslose nach ausgewählten Personengruppen;ARBEITSLOS05;langzeitarbeitslos;47335;Anzahl;ERWP06;Arbeitslose
13211;Arbeitsmarktstatistik der Bundesagentur für Arbeit;JAHR;Jahr;2019;DLAND;Bundesländer;05;Nordrhein-Westfalen;ERWAQ7;Arbeitslose nach ausgewählten Personengruppen;ARBEITSLOS12;15 bis unter 20 Jahre;10574;Anzahl;ERWP06;Arbeitslose
13211;Arbeitsmarktstatistik der Bundesagentur für Arbeit;JAHR;Jahr;2020;DLAND;Bundesländer;16;Thüringen;ERWAQ7;Arbeitslose nach ausgewählten Personengruppen;ARBEITSLOS06;schwerbehindert;4994;Anzahl;ERWP06;Arbeitslose
13211;Arbeitsmarktstatistik der Bundesagentur für Arbeit;JAHR;Jahr;2021;DLAND;Bundesländer;16;Thüringen;ERWAQ7;Arbeitslose nach ausgewählten Personengruppen;ARBEITSLOS14;55 bis unter 65 Jahre;17494;Anzahl;ERWP06;Arbeitslose
13211;Arbeitsmarktstatistik der Bundesagentur für Arbeit;JAHR;Jahr;2021;DLAND;Bundesländer;03;Niedersachsen;ERWAQ7;Arbeitslose nach ausgewählten Personengruppen;ARBEITSLOS05;langzeitarbeitslos;99687;Anzahl;ERWP06;Arbeitslose
13211;Arbeitsmarktstatistik der Bundesagentur für Arbeit;JAHR;Jahr;2023;DLAND;Bundesländer;02;Hamburg;ERWAQ7;Arbeitslose nach ausgewählten Personengruppen;ARBEITSLOS14;55 bis unter 65 Jahre;15002;Anzahl;ERWP06;Arbeitslose
13211;Arbeitsmarktstatistik der Bundesagentur für Arbeit;JAHR;Jahr;2023;DLAND;Bundesländer;11;Berlin;ERWAQ7;Arbeitslose nach ausgewählten Personengruppen;ARBEITSLOS08;ausländisch;79280;Anzahl;ERWP06;Arbeitslose
13211;Arbeitsmarktstatistik der Bundesagentur für Arbeit;JAHR;Jahr;2023;DLAND;Bundesländer;11;Berlin;ERWAQ7;Arbeitslose nach ausgewählten Personengruppen;ARBEITSLOS12;15 bis unter 20 Jahre;4067;Anzahl;ERWP06;Arbeitslose
13211;Arbeitsmarktstatistik der Bundesagentur für Arbeit;JAHR;Jahr;2021;DLAND;Bundesländer;05;Nordrhein-Westfalen;ERWAQ7;Arbeitslose nach ausgewählten Personengruppen;ARBEITSLOS13;15 bis unter 25 Jahre;59085;Anzahl;ERWP06;Arbeitslose
13211;Arbeitsmarktstatistik der Bundesagentur für Arbeit;JAHR;Jahr;2023;DLAND;Bundesländer;10;Saarland;ERWAQ7;Arbeitslose nach ausgewählten Personengruppen;ARBEITSLOS13;15 bis unter 25 Jahre;2513;Anzahl;ERWP06;Arbeitslose
13211;Arbeitsmarktstatistik der Bundesagentur für Arbeit;JAHR;Jahr;2022;DLAND;Bundesländer;12;Brandenburg;ERWAQ7;Arbeitslose nach ausgewählten Personengruppen;ARBEITSLOS12;15 bis unter 20 Jahre;1397;Anzahl;ERWP06;Arbeitslose
13211;Arbeitsmarktstatistik der Bundesagentur für Arbeit;JAHR;Jahr;2024;DLAND;Bundesländer;10;Saarland;ERWAQ7;Arbeitslose nach ausgewählten Personengruppen;ARBEITSLOS14;55 bis unter 65 Jahre;8955;Anzahl;ERWP06;Arbeitslose
13211;Arbeitsmarktstatistik der Bundesagentur für Arbeit;JAHR;Jahr;2022;DLAND;Bundesländer;10;Saarland;ERWAQ7;Arbeitslose nach ausgewählten Personengruppen;ARBEITSLOS05;langzeitarbeitslos;12839;Anzahl;ERWP06;Arbeitslose
13211;Arbeitsmarktstatistik der Bundesagentur für Arbeit;JAHR;Jahr;2021;DLAND;Bundesländer;05;Nordrhein-Westfalen;ERWAQ7;Arbeitslose nach ausgewählten Personengruppen;ARBEITSLOS14;55 bis unter 65 Jahre;150195;Anzahl;ERWP06;Arbeitslose
13211;Arbeitsmarktstatistik der Bundesagentur für Arbeit;JAHR;Jahr;2023;DLAND;Bundesländer;13;Mecklenburg-Vorpommern;ERWAQ7;Arbeitslose nach ausgewählten Personengruppen;ARBEITSLOS14;55 bis unter 65 Jahre;16756;Anzahl;ERWP06;Arbeitslose
13211;Arbeitsmarktstatistik der Bundesagentur für Arbeit;JAHR;Jahr;2018;DLAND;Bundesländer;08;Baden-Württemberg;ERWAQ7;Arbeitslose nach ausgewählten Personengruppen;ARBEITSLOS06;schwerbehindert;14104;Anzahl;ERWP06;Arbeitslose
13211;Arbeitsmarktstatistik der Bundesagentur für Arbeit;JAHR;Jahr;2021;DLAND;Bundesländer;01;Schleswig-Holstein;ERWAQ7;Arbeitslose nach ausgewählten Personengruppen;ARBEITSLOS05;langzeitarbeitslos;34052;Anzahl;ERWP06;Arbeitslose
13211;Arbeitsmarktstatistik der Bundesagentur für Arbeit;JAHR;Jahr;2021;DLAND;Bundesländer;05;Nordrhein-Westfalen;ERWAQ7;Arbeitslose nach ausgewählten Personengruppen;ARBEITSLOS08;ausländisch;247648;Anzahl;ERWP06;Arbeitslose
13211;Arbeitsmarktstatistik der Bundesagentur für Arbeit;JAHR;Jahr;2021;DLAND;Bundesländer;15;Sachsen-Anhalt;ERWAQ7;Arbeitslose nach ausgewählten Personengruppen;ARBEITSLOS12;15 bis unter 20 Jahre;1548;Anzahl;ERWP06;Arbeitslose
13211;Arbeitsmarktstatistik der Bundesagentur für Arbeit;JAHR;Jahr;2020;DLAND;Bundesländer;16;Thüringen;ERWAQ7;Arbeitslose nach ausgewählten Personengruppen;ARBEITSLOS12;15 bis unter 20 Jahre;1408;Anzahl;ERWP06;Arbeitslose
13211;Arbeitsmarktstatistik der Bundesagentur für Arbeit;JAHR;Jahr;2022;DLAND;Bundesländer;14;Sachsen;ERWAQ7;Arbeitslose nach ausgewählten Personengruppen;ARBEITSLOS14;55 bis unter 65 Jahre;33173;Anzahl;ERWP06;Arbeitslose
13211;Arbeitsmarktstatistik der Bundesagentur für Arbeit;JAHR;Jahr;2021;DLAND;Bundesländer;15;Sachsen-Anhalt;ERWAQ7;Arbeitslose nach ausgewählten Personengruppen;ARBEITSLOS06;schwerbehindert;3935;Anzahl;ERWP06;Arbeitslose
13211;Arbeitsmarktstatistik der Bundesagentur für Arbeit;JAHR;Jahr;2020;DLAND;Bundesländer;08;Baden-Württemberg;ERWAQ7;Arbeitslose nach ausgewählten Personengruppen;ARBEITSLOS14;55 bis unter 65 Jahre;56086;Anzahl;ERWP06;Arbeitslose
13211;Arbeitsmarktstatistik der Bundesagentur für Arbeit;JAHR;Jahr;2019;DLAND;Bundesländer;08;Baden-Württemberg;ERWAQ7;Arbeitslose nach ausgewählten Personengruppen;ARBEITSLOS13;15 bis unter 25 Jahre;17909;Anzahl;ERWP06;Arbeitslose
13211;Arbeitsmarktstatistik der Bundesagentur für Arbeit;JAHR;Jahr;2022;DLAND;Bundesländer;01;Schleswig-Holstein;ERWAQ7;Arbeitslose nach ausgewählten Personengruppen;ARBEITSLOS12;15 bis unter 20 Jahre;1618;Anzahl;ERWP06;Arbeitslose
13211;Arbeitsmarktstatistik der Bundesagentur für Arbeit;JAHR;Jahr;2020;DLAND;Bundesländer;08;Baden-Württemberg;ERWAQ7;Arbeitslose nach ausgewählten Personengruppen;ARBEITSLOS08;ausländisch;92303;Anzahl;ERWP06;Arbeitslose
13211;Arbeitsmarktstatistik der Bundesagentur für Arbeit;JAHR;Jahr;2022;DLAND;Bundesländer;02;Hamburg;ERWAQ7;Arbeitslose nach ausgewählten Personengruppen;ARBEITSLOS13;15 bis unter 25 Jahre;5414;Anzahl;ERWP06;Arbeitslose
13211;Arbeitsmarktstatistik der Bundesagentur für Arbeit;JAHR;Jahr;2022;DLAND;Bundesländer;12;Brandenburg;ERWAQ7;Arbeitslose nach ausgewählten Personengruppen;ARBEITSLOS06;schwerbehindert;4068;Anzahl;ERWP06;Arbeitslose
13211;Arbeitsmarktstatistik der Bundesagentur für Arbeit;JAHR;Jahr;2020;DLAND;Bundesländer;05;Nordrhein-Westfalen;ERWAQ7;Arbeitslose nach ausgewählten Personengruppen;ARBEITSLOS12;15 bis unter 20 Jahre;11687;Anzahl;ERWP06;Arbeitslose
13211;Arbeitsmarktstatistik der Bundesagentur für Arbeit;JAHR;Jahr;2025;DLAND;Bundesländer;09;Bayern;ERWAQ7;Arbeitslose nach ausgewählten Personengruppen;ARBEITSLOS05;langzeitarbeitslos;76783;Anzahl;ERWP06;Arbeitslose
13211;Arbeitsmarktstatistik der Bundesagentur für Arbeit;JAHR;Jahr;2020;DLAND;Bundesländer;04;Bremen;ERWAQ7;Arbeitslose nach ausgewählten Personengruppen;ARBEITSLOS05;langzeitarbeitslos;16164;Anzahl;ERWP06;Arbeitslose
13211;Arbeitsmarktstatistik der Bundesagentur für Arbeit;JAHR;Jahr;2022;DLAND;Bundesländer;03;Niedersachsen;ERWAQ7;Arbeitslose nach ausgewählten Personengruppen;ARBEITSLOS08;ausländisch;74381;Anzahl;ERWP06;Arbeitslose
13211;Arbeitsmarktstatistik der Bundesagentur für Arbeit;JAHR;Jahr;2022;DLAND;Bundesländer;03;Niedersachsen;ERWAQ7;Arbeitslose nach ausgewählten Personengruppen;ARBEITSLOS14;55 bis unter 65 Jahre;51355;Anzahl;ERWP06;Arbeitslose
13211;Arbeitsmarktstatistik der Bundesagentur für Arbeit;JAHR;Jahr;2024;DLAND;Bundesländer;10;Saarland;ERWAQ7;Arbeitslose nach ausgewählten Personengruppen;ARBEITSLOS08;ausländisch;13902;Anzahl;ERWP06;Arbeitslose
13211;Arbeitsmarktstatistik der Bundesagentur für Arbeit;JAHR;Jahr;2022;DLAND;Bundesländer;13;Mecklenburg-Vorpommern;ERWAQ7;Arbeitslose nach ausgewählten Personengruppen;ARBEITSLOS05;langzeitarbeitslos;23109;Anzahl;ERWP06;Arbeitslose
13211;Arbeitsmarktstatistik der Bundesagentur für Arbeit;JAHR;Jahr;2023;DLAND;Bundesländer;10;Saarland;ERWAQ7;Arbeitslose nach ausgewählten Personengruppen;ARBEITSLOS06;schwerbehindert;1908;Anzahl;ERWP06;Arbeitslose
13211;Arbeitsmarktstatistik der Bundesagentur für Arbeit;JAHR;Jahr;2019;DLAND;Bundesländer;12;Brandenburg;ERWAQ7;Arbeitslose nach ausgewählten Personengruppen;ARBEITSLOS06;schwerbehindert;4229;Anzahl;ERWP06;Arbeitslose
13211;Arbeitsmarktstatistik der Bundesagentur für Arbeit;JAHR;Jahr;2021;DLAND;Bundesländer;15;Sachsen-Anhalt;ERWAQ7;Arbeitslose nach ausgewählten Personengruppen;ARBEITSLOS08;ausländisch;10261;Anzahl;ERWP06;Arbeitslose
13211;Arbeitsmarktstatistik der Bundesagentur für Arbeit;JAHR;Jahr;2019;DLAND;Bundesländer;06;Hessen;ERWAQ7;Arbeitslose nach ausgewählten Personengruppen;ARBEITSLOS14;55 bis unter 65 Jahre;28561;Anzahl;ERWP06;Arbeitslose
13211;Arbeitsmarktstatistik der Bundesagentur für Arbeit;JAHR;Jahr;2020;DLAND;Bundesländer;01;Schleswig-Holstein;ERWAQ7;Arbeitslose nach ausgewählten Personengruppen;ARBEITSLOS14;55 bis unter 65 Jahre;19359;Anzahl;ERWP06;Arbeitslose
13211;Arbeitsmarktstatistik der Bundesagentur für Arbeit;JAHR;Jahr;2017;DLAND;Bundesländer;15;Sachsen-Anhalt;ERWAQ7;Arbeitslose nach ausgewählten Personengruppen;ARBEITSLOS14;55 bis unter 65 Jahre;22849;Anzahl;ERWP06;Arbeitslose
13211;Arbeitsmarktstatistik der Bundesagentur für Arbeit;JAHR;Jahr;2024;DLAND;Bundesländer;07;Rheinland-Pfalz;ERWAQ7;Arbeitslose nach ausgewählten Personengruppen;ARBEITSLOS08;ausländisch;43187;Anzahl;ERWP06;Arbeitslose
13211;Arbeitsmarktstatistik der Bundesagentur für Arbeit;JAHR;Jahr;2017;DLAND;Bundesländer;02;Hamburg;ERWAQ7;Arbeitslose nach ausgewählten Personengruppen;ARBEITSLOS05;langzeitarbeitslos;21330;Anzahl;ERWP06;Arbeitslose
13211;Arbeitsmarktstatistik der Bundesagentur für Arbeit;JAHR;Jahr;2022;DLAND;Bundesländer;15;Sachsen-Anhalt;ERWAQ7;Arbeitslose nach ausgewählten Personengruppen;ARBEITSLOS14;55 bis unter 65 Jahre;19860;Anzahl;ERWP06;Arbeitslose
13211;Arbeitsmarktstatistik der Bundesagentur für Arbeit;JAHR;Jahr;2022;DLAND;Bundesländer;16;Thüringen;ERWAQ7;Arbeitslose nach ausgewählten Personengruppen;ARBEITSLOS08;ausländisch;10413;Anzahl;ERWP06;Arbeitslose
13211;Arbeitsmarktstatistik der Bundesagentur für Arbeit;JAHR;Jahr;2025;DLAND;Bundesländer;09;Bayern;ERWAQ7;Arbeitslose nach ausgewählten Personengruppen;ARBEITSLOS08;ausländisch;120588;Anzahl;ERWP06;Arbeitslose
13211;Arbeitsmarktstatistik der Bundesagentur für Arbeit;JAHR;Jahr;2025;DLAND;Bundesländer;12;Brandenburg;ERWAQ7;Arbeitslose nach ausgewählten Personengruppen;ARBEITSLOS06;schwerbehindert;4351;Anzahl;ERWP06;Arbeitslose
13211;Arbeitsmarktstatistik der Bundesagentur für Arbeit;JAHR;Jahr;2024;DLAND;Bundesländer;15;Sachsen-Anhalt;ERWAQ7;Arbeitslose nach ausgewählten Personengruppen;ARBEITSLOS05;langzeitarbeitslos;32439;Anzahl;ERWP06;Arbeitslose
13211;Arbeitsmarktstatistik der Bundesagentur für Arbeit;JAHR;Jahr;2024;DLAND;Bundesländer;06;Hessen;ERWAQ7;Arbeitslose nach ausgewählten Personengruppen;ARBEITSLOS14;55 bis unter 65 Jahre;40668;Anzahl;ERWP06;Arbeitslose
13211;Arbeitsmarktstatistik der Bundesagentur für Arbeit;JAHR;Jahr;2020;DLAND;Bundesländer;02;Hamburg;ERWAQ7;Arbeitslose nach ausgewählten Personengruppen;ARBEITSLOS08;ausländisch;27896;Anzahl;ERWP06;Arbeitslose
13211;Arbeitsmarktstatistik der Bundesagentur für Arbeit;JAHR;Jahr;2022;DLAND;Bundesländer;02;Hamburg;ERWAQ7;Arbeitslose nach ausgewählten Personengruppen;ARBEITSLOS05;langzeitarbeitslos;24566;Anzahl;ERWP06;Arbeitslose
13211;Arbeitsmarktstatistik der Bundesagentur für Arbeit;JAHR;Jahr;2020;DLAND;Bundesländer;10;Saarland;ERWAQ7;Arbeitslose nach ausgewählten Personengruppen;ARBEITSLOS05;langzeitarbeitslos;12197;Anzahl;ERWP06;Arbeitslose
13211;Arbeitsmarktstatistik der Bundesagentur für Arbeit;JAHR;Jahr;2023;DLAND;Bundesländer;09;Bayern;ERWAQ7;Arbeitslose nach ausgewählten Personengruppen;ARBEITSLOS13;15 bis unter 25 Jahre;23039;Anzahl;ERWP06;Arbeitslose
13211;Arbeitsmarktstatistik der Bundesagentur für Arbeit;JAHR;Jahr;2022;DLAND;Bundesländer;07;Rheinland-Pfalz;ERWAQ7;Arbeitslose nach ausgewählten Personengruppen;ARBEITSLOS13;15 bis unter 25 Jahre;9081;Anzahl;ERWP06;Arbeitslose
13211;Arbeitsmarktstatistik der Bundesagentur für Arbeit;JAHR;Jahr;2021;DLAND;Bundesländer;14;Sachsen;ERWAQ7;Arbeitslose nach ausgewählten Personengruppen;ARBEITSLOS14;55 bis unter 65 Jahre;34750;Anzahl;ERWP06;Arbeitslose
13211;Arbeitsmarktstatistik der Bundesagentur für Arbeit;JAHR;Jahr;2019;DLAND;Bundesländer;01;Schleswig-Holstein;ERWAQ7;Arbeitslose nach ausgewählten Personengruppen;ARBEITSLOS06;schwerbehindert;4653;Anzahl;ERWP06;Arbeitslose
13211;Arbeitsmarktstatistik der Bundesagentur für Arbeit;JAHR;Jahr;2019;DLAND;Bundesländer;04;Bremen;ERWAQ7;Arbeitslose nach ausgewählten Personengruppen;ARBEITSLOS05;langzeitarbeitslos;14547;Anzahl;ERWP06;Arbeitslose
13211;Arbeitsmarktstatistik der Bundesagentur für Arbeit;JAHR;Jahr;2021;DLAND;Bundesländer;04;Bremen;ERWAQ7;Arbeitslose nach ausgewählten Personengruppen;ARBEITSLOS08;ausländisch;16149;Anzahl;ERWP06;Arbeitslose
13211;Arbeitsmarktstatistik der Bundesagentur für Arbeit;JAHR;Jahr;2018;DLAND;Bundesländer;09;Bayern;ERWAQ7;Arbeitslose nach ausgewählten Personengruppen;ARBEITSLOS13;15 bis unter 25 Jahre;21027;Anzahl;ERWP06;Arbeitslose
13211;Arbeitsmarktstatistik der Bundesagentur für Arbeit;JAHR;Jahr;2023;DLAND;Bundesländer;02;Hamburg;ERWAQ7;Arbeitslose nach ausgewählten Personengruppen;ARBEITSLOS05;langzeitarbeitslos;24469;Anzahl;ERWP06;Arbeitslose
13211;Arbeitsmarktstatistik der Bundesagentur für Arbeit;JAHR;Jahr;2023;DLAND;Bundesländer;04;Bremen;ERWAQ7;Arbeitslose nach ausgewählten Personengruppen;ARBEITSLOS14;55 bis unter 65 Jahre;7073;Anzahl;ERWP06;Arbeitslose
13211;Arbeitsmarktstatistik der Bundesagentur für Arbeit;JAHR;Jahr;2021;DLAND;Bundesländer;12;Brandenburg;ERWAQ7;Arbeitslose nach ausgewählten Personengruppen;ARBEITSLOS05;langzeitarbeitslos;33446;Anzahl;ERWP06;Arbeitslose
13211;Arbeitsmarktstatistik der Bundesagentur für Arbeit;JAHR;Jahr;2025;DLAND;Bundesländer;06;Hessen;ERWAQ7;Arbeitslose nach ausgewählten Personengruppen;ARBEITSLOS05;langzeitarbeitslos;73498;Anzahl;ERWP06;Arbeitslose
13211;Arbeitsmarktstatistik der Bundesagentur für Arbeit;JAHR;Jahr;2021;DLAND;Bundesländer;07;Rheinland-Pfalz;ERWAQ7;Arbeitslose nach ausgewählten Personengruppen;ARBEITSLOS13;15 bis unter 25 Jahre;10383;Anzahl;ERWP06;Arbeitslose
13211;Arbeitsmarktstatistik der Bundesagentur für Arbeit;JAHR;Jahr;2020;DLAND;Bundesländer;12;Brandenburg;ERWAQ7;Arbeitslose nach ausgewählten Personengruppen;ARBEITSLOS14;55 bis unter 65 Jahre;21831;Anzahl;ERWP06;Arbeitslose
13211;Arbeitsmarktstatistik der Bundesagentur für Arbeit;JAHR;Jahr;2017;DLAND;Bundesländer;04;Bremen;ERWAQ7;Arbeitslose nach ausgewählten Personengruppen;ARBEITSLOS14;55 bis unter 65 Jahre;5866;Anzahl;ERWP06;Arbeitslose
13211;Arbeitsmarktstatistik der Bundesagentur für Arbeit;JAHR;Jahr;2022;DLAND;Bundesländer;04;Bremen;ERWAQ7;Arbeitslose nach ausgewählten Personengruppen;ARBEITSLOS14;55 bis unter 65 Jahre;6391;Anzahl;ERWP06;Arbeitslose
13211;Arbeitsmarktstatistik der Bundesagentur für Arbeit;JAHR;Jahr;2025;DLAND;Bundesländer;01;Schleswig-Holstein;ERWAQ7;Arbeitslose nach ausgewählten Personengruppen;ARBEITSLOS06;schwerbehindert;5053;Anzahl;ERWP06;Arbeitslose
13211;Arbeitsmarktstatistik der Bundesagentur für Arbeit;JAHR;Jahr;2024;DLAND;Bundesländer;04;Bremen;ERWAQ7;Arbeitslose nach ausgewählten Personengruppen;ARBEITSLOS05;langzeitarbeitslos;16921;Anzahl;ERWP06;Arbeitslose
13211;Arbeitsmarktstatistik der Bundesagentur für Arbeit;JAHR;Jahr;2017;DLAND;Bundesländer;09;Bayern;ERWAQ7;Arbeitslose nach ausgewählten Personengruppen;ARBEITSLOS13;15 bis unter 25 Jahre;23106;Anzahl;ERWP06;Arbeitslose
13211;Arbeitsmarktstatistik der Bundesagentur für Arbeit;JAHR;Jahr;2018;DLAND;Bundesländer;04;Bremen;ERWAQ7;Arbeitslose nach ausgewählten Personengruppen;ARBEITSLOS14;55 bis unter 65 Jahre;5924;Anzahl;ERWP06;Arbeitslose
13211;Arbeitsmarktstatistik der Bundesagentur für Arbeit;JAHR;Jahr;2019;DLAND;Bundesländer;07;Rheinland-Pfalz;ERWAQ7;Arbeitslose nach ausgewählten Personengruppen;ARBEITSLOS08;ausländisch;26824;Anzahl;ERWP06;Arbeitslose
13211;Arbeitsmarktstatistik der Bundesagentur für Arbeit;JAHR;Jahr;2021;DLAND;Bundesländer;03;Niedersachsen;ERWAQ7;Arbeitslose nach ausgewählten Personengruppen;ARBEITSLOS14;55 bis unter 65 Jahre;52774;Anzahl;ERWP06;Arbeitslose
13211;Arbeitsmarktstatistik der Bundesagentur für Arbeit;JAHR;Jahr;2019;DLAND;Bundesländer;15;Sachsen-Anhalt;ERWAQ7;Arbeitslose nach ausgewählten Personengruppen;ARBEITSLOS05;langzeitarbeitslos;27581;Anzahl;ERWP06;Arbeitslose
13211;Arbeitsmarktstatistik der Bundesagentur für Arbeit;JAHR;Jahr;2019;DLAND;Bundesländer;11;Berlin;ERWAQ7;Arbeitslose nach ausgewählten Personengruppen;ARBEITSLOS12;15 bis unter 20 Jahre;3227;Anzahl;ERWP06;Arbeitslose
13211;Arbeitsmarktstatistik der Bundesagentur für Arbeit;JAHR;Jahr;2020;DLAND;Bundesländer;04;Bremen;ERWAQ7;Arbeitslose nach ausgewählten Personengruppen;ARBEITSLOS13;15 bis unter 25 Jahre;4194;Anzahl;ERWP06;Arbeitslose
13211;Arbeitsmarktstatistik der Bundesagentur für Arbeit;JAHR;Jahr;2023;DLAND;Bundesländer;15;Sachsen-Anhalt;ERWAQ7;Arbeitslose nach ausgewählten Personengruppen;ARBEITSLOS14;55 bis unter 65 Jahre;21096;Anzahl;ERWP06;Arbeitslose
13211;Arbeitsmarktstatistik der Bundesagentur für Arbeit;JAHR;Jahr;2023;DLAND;Bundesländer;04;Bremen;ERWAQ7;Arbeitslose nach ausgewählten Personengruppen;ARBEITSLOS05;langzeitarbeitslos;16030;Anzahl;ERWP06;Arbeitslose
13211;Arbeitsmarktstatistik der Bundesagentur für Arbeit;JAHR;Jahr;2025;DLAND;Bundesländer;06;Hessen;ERWAQ7;Arbeitslose nach ausgewählten Personengruppen;ARBEITSLOS14;55 bis unter 65 Jahre;43844;Anzahl;ERWP06;Arbeitslose
13211;Arbeitsmarktstatistik der Bundesagentur für Arbeit;JAHR;Jahr;2024;DLAND;Bundesländer;10;Saarland;ERWAQ7;Arbeitslose nach ausgewählten Personengruppen;ARBEITSLOS06;schwerbehindert;1957;Anzahl;ERWP06;Arbeitslose
13211;Arbeitsmarktstatistik der Bundesagentur für Arbeit;JAHR;Jahr;2018;DLAND;Bundesländer;02;Hamburg;ERWAQ7;Arbeitslose nach ausgewählten Personengruppen;ARBEITSLOS05;langzeitarbeitslos;18894;Anzahl;ERWP06;Arbeitslose
13211;Arbeitsmarktstatistik der Bundesagentur für Arbeit;JAHR;Jahr;2025;DLAND;Bundesländer;11;Berlin;ERWAQ7;Arbeitslose nach ausgewählten Personengruppen;ARBEITSLOS12;15 bis unter 20 Jahre;4705;Anzahl;ERWP06;Arbeitslose
13211;Arbeitsmarktstatistik der Bundesagentur für Arbeit;JAHR;Jahr;2024;DLAND;Bundesländer;09;Bayern;ERWAQ7;Arbeitslose nach ausgewählten Personengruppen;ARBEITSLOS08;ausländisch;111765;Anzahl;ERWP06;Arbeitslose
13211;Arbeitsmarktstatistik der Bundesagentur für Arbeit;JAHR;Jahr;2017;DLAND;Bundesländer;07;Rheinland-Pfalz;ERWAQ7;Arbeitslose nach ausgewählten Personengruppen;ARBEITSLOS08;ausländisch;27025;Anzahl;ERWP06;Arbeitslose
13211;Arbeitsmarktstatistik der Bundesagentur für Arbeit;JAHR;Jahr;2023;DLAND;Bundesländer;15;Sachsen-Anhalt;ERWAQ7;Arbeitslose nach ausgewählten Personengruppen;ARBEITSLOS05;langzeitarbeitslos;30876;Anzahl;ERWP06;Arbeitslose
13211;Arbeitsmarktstatistik der Bundesagentur für Arbeit;JAHR;Jahr;2017;DLAND;Bundesländer;15;Sachsen-Anhalt;ERWAQ7;Arbeitslose nach ausgewählten Personengruppen;ARBEITSLOS05;langzeitarbeitslos;36999;Anzahl;ERWP06;Arbeitslose
13211;Arbeitsmarktstatistik der Bundesagentur für Arbeit;JAHR;Jahr;2023;DLAND;Bundesländer;07;Rheinland-Pfalz;ERWAQ7;Arbeitslose nach ausgewählten Personengruppen;ARBEITSLOS08;ausländisch;38657;Anzahl;ERWP06;Arbeitslose
13211;Arbeitsmarktstatistik der Bundesagentur für Arbeit;JAHR;Jahr;2018;DLAND;Bundesländer;13;Mecklenburg-Vorpommern;ERWAQ7;Arbeitslose nach ausgewählten Personengruppen;ARBEITSLOS05;langzeitarbeitslos;22601;Anzahl;ERWP06;Arbeitslose
13211;Arbeitsmarktstatistik der Bundesagentur für Arbeit;JAHR;Jahr;2018;DLAND;Bundesländer;10;Saarland;ERWAQ7;Arbeitslose nach ausgewählten Personengruppen;ARBEITSLOS06;schwerbehindert;1800;Anzahl;ERWP06;Arbeitslose
13211;Arbeitsmarktstatistik der Bundesagentur für Arbeit;JAHR;Jahr;2022;DLAND;Bundesländer;05;Nordrhein-Westfalen;ERWAQ7;Arbeitslose nach ausgewählten Personengruppen;ARBEITSLOS08;ausländisch;249783;Anzahl;ERWP06;Arbeitslose
13211;Arbeitsmarktstatistik der Bundesagentur für Arbeit;JAHR;Jahr;2018;DLAND;Bundesländer;05;Nordrhein-Westfalen;ERWAQ7;Arbeitslose nach ausgewählten Personengruppen;ARBEITSLOS08;ausländisch;201881;Anzahl;ERWP06;Arbeitslose
13211;Arbeitsmarktstatistik der Bundesagentur für Arbeit;JAHR;Jahr;2020;DLAND;Bundesländer;13;Mecklenburg-Vorpommern;ERWAQ7;Arbeitslose nach ausgewählten Personengruppen;ARBEITSLOS08;ausländisch;6218;Anzahl;ERWP06;Arbeitslose
13211;Arbeitsmarktstatistik der Bundesagentur für Arbeit;JAHR;Jahr;2025;DLAND;Bundesländer;09;Bayern;ERWAQ7;Arbeitslose nach ausgewählten Personengruppen;ARBEITSLOS13;15 bis unter 25 Jahre;29913;Anzahl;ERWP06;Arbeitslose
13211;Arbeitsmarktstatistik der Bundesagentur für Arbeit;JAHR;Jahr;2023;DLAND;Bundesländer;12;Brandenburg;ERWAQ7;Arbeitslose nach ausgewählten Personengruppen;ARBEITSLOS06;schwerbehindert;4106;Anzahl;ERWP06;Arbeitslose
13211;Arbeitsmarktstatistik der Bundesagentur für Arbeit;JAHR;Jahr;2024;DLAND;Bundesländer;06;Hessen;ERWAQ7;Arbeitslose nach ausgewählten Personengruppen;ARBEITSLOS05;langzeitarbeitslos;68981;Anzahl;ERWP06;Arbeitslose
13211;Arbeitsmarktstatistik der Bundesagentur für Arbeit;JAHR;Jahr;2022;DLAND;Bundesländer;07;Rheinland-Pfalz;ERWAQ7;Arbeitslose nach ausgewählten Personengruppen;ARBEITSLOS08;ausländisch;32758;Anzahl;ERWP06;Arbeitslose
13211;Arbeitsmarktstatistik der Bundesagentur für Arbeit;JAHR;Jahr;2019;DLAND;Bundesländer;14;Sachsen;ERWAQ7;Arbeitslose nach ausgewählten Personengruppen;ARBEITSLOS06;schwerbehindert;7694;Anzahl;ERWP06;Arbeitslose
13211;Arbeitsmarktstatistik der Bundesagentur für Arbeit;JAHR;Jahr;2021;DLAND;Bundesländer;13;Mecklenburg-Vorpommern;ERWAQ7;Arbeitslose nach ausgewählten Personengruppen;ARBEITSLOS08;ausländisch;6110;Anzahl;ERWP06;Arbeitslose
13211;Arbeitsmarktstatistik der Bundesagentur für Arbeit;JAHR;Jahr;2020;DLAND;Bundesländer;09;Bayern;ERWAQ7;Arbeitslose nach ausgewählten Personengruppen;ARBEITSLOS06;schwerbehindert;24011;Anzahl;ERWP06;Arbeitslose
13211;Arbeitsmarktstatistik der Bundesagentur für Arbeit;JAHR;Jahr;2017;DLAND;Bundesländer;13;Mecklenburg-Vorpommern;ERWAQ7;Arbeitslose nach ausgewählten Personengruppen;ARBEITSLOS14;55 bis unter 65 Jahre;17372;Anzahl;ERWP06;Arbeitslose
13211;Arbeitsmarktstatistik der Bundesagentur für Arbeit;JAHR;Jahr;2020;DLAND;Bundesländer;03;Niedersachsen;ERWAQ7;Arbeitslose nach ausgewählten Personengruppen;ARBEITSLOS14;55 bis unter 65 Jahre;50202;Anzahl;ERWP06;Arbeitslose
13211;Arbeitsmarktstatistik der Bundesagentur für Arbeit;JAHR;Jahr;2019;DLAND;Bundesländer;04;Bremen;ERWAQ7;Arbeitslose nach ausgewählten Personengruppen;ARBEITSLOS14;55 bis unter 65 Jahre;5870;Anzahl;ERWP06;Arbeitslose
13211;Arbeitsmarktstatistik der Bundesagentur für Arbeit;JAHR;Jahr;2017;DLAND;Bundesländer;04;Bremen;ERWAQ7;Arbeitslose nach ausgewählten Personengruppen;ARBEITSLOS05;langzeitarbeitslos;15732;Anzahl;ERWP06;Arbeitslose
13211;Arbeitsmarktstatistik der Bundesagentur für Arbeit;JAHR;Jahr;2025;DLAND;Bundesländer;10;Saarland;ERWAQ7;Arbeitslose nach ausgewählten Personengruppen;ARBEITSLOS06;schwerbehindert;2091;Anzahl;ERWP06;Arbeitslose
13211;Arbeitsmarktstatistik der Bundesagentur für Arbeit;JAHR;Jahr;2024;DLAND;Bundesländer;11;Berlin;ERWAQ7;Arbeitslose nach ausgewählten Personengruppen;ARBEITSLOS12;15 bis unter 20 Jahre;4507;Anzahl;ERWP06;Arbeitslose
13211;Arbeitsmarktstatistik der Bundesagentur für Arbeit;JAHR;Jahr;2022;DLAND;Bundesländer;04;Bremen;ERWAQ7;Arbeitslose nach ausgewählten Personengruppen;ARBEITSLOS05;langzeitarbeitslos;16443;Anzahl;ERWP06;Arbeitslose
13211;Arbeitsmarktstatistik der Bundesagentur für Arbeit;JAHR;Jahr;2024;DLAND;Bundesländer;04;Bremen;ERWAQ7;Arbeitslose nach ausgewählten Personengruppen;ARBEITSLOS14;55 bis unter 65 Jahre;7991;Anzahl;ERWP06;Arbeitslose
13211;Arbeitsmarktstatistik der Bundesagentur für Arbeit;JAHR;Jahr;2023;DLAND;Bundesländer;01;Schleswig-Holstein;ERWAQ7;Arbeitslose nach ausgewählten Personengruppen;ARBEITSLOS06;schwerbehindert;4728;Anzahl;ERWP06;Arbeitslose
13211;Arbeitsmarktstatistik der Bundesagentur für Arbeit;JAHR;Jahr;2025;DLAND;Bundesländer;07;Rheinland-Pfalz;ERWAQ7;Arbeitslose nach ausgewählten Personengruppen;ARBEITSLOS08;ausländisch;44199;Anzahl;ERWP06;Arbeitslose
13211;Arbeitsmarktstatistik der Bundesagentur für Arbeit;JAHR;Jahr;2019;DLAND;Bundesländer;02;Hamburg;ERWAQ7;Arbeitslose nach ausgewählten Personengruppen;ARBEITSLOS05;langzeitarbeitslos;16852;Anzahl;ERWP06;Arbeitslose
13211;Arbeitsmarktstatistik der Bundesagentur für Arbeit;JAHR;Jahr;2021;DLAND;Bundesländer;12;Brandenburg;ERWAQ7;Arbeitslose nach ausgewählten Personengruppen;ARBEITSLOS14;55 bis unter 65 Jahre;21886;Anzahl;ERWP06;Arbeitslose
13211;Arbeitsmarktstatistik der Bundesagentur für Arbeit;JAHR;Jahr;2023;DLAND;Bundesländer;06;Hessen;ERWAQ7;Arbeitslose nach ausgewählten Personengruppen;ARBEITSLOS14;55 bis unter 65 Jahre;36413;Anzahl;ERWP06;Arbeitslose
13211;Arbeitsmarktstatistik der Bundesagentur für Arbeit;JAHR;Jahr;2019;DLAND;Bundesländer;03;Niedersachsen;ERWAQ7;Arbeitslose nach ausgewählten Personengruppen;ARBEITSLOS06;schwerbehindert;12136;Anzahl;ERWP06;Arbeitslose
13211;Arbeitsmarktstatistik der Bundesagentur für Arbeit;JAHR;Jahr;2025;DLAND;Bundesländer;15;Sachsen-Anhalt;ERWAQ7;Arbeitslose nach ausgewählten Personengruppen;ARBEITSLOS05;langzeitarbeitslos;33764;Anzahl;ERWP06;Arbeitslose
13211;Arbeitsmarktstatistik der Bundesagentur für Arbeit;JAHR;Jahr;2022;DLAND;Bundesländer;05;Nordrhein-Westfalen;ERWAQ7;Arbeitslose nach ausgewählten Personengruppen;ARBEITSLOS13;15 bis unter 25 Jahre;53199;Anzahl;ERWP06;Arbeitslose
13211;Arbeitsmarktstatistik der Bundesagentur für Arbeit;JAHR;Jahr;2020;DLAND;Bundesländer;15;Sachsen-Anhalt;ERWAQ7;Arbeitslose nach ausgewählten Personengruppen;ARBEITSLOS13;15 bis unter 25 Jahre;7943;Anzahl;ERWP06;Arbeitslose
13211;Arbeitsmarktstatistik der Bundesagentur für Arbeit;JAHR;Jahr;2021;DLAND;Bundesländer;02;Hamburg;ERWAQ7;Arbeitslose nach ausgewählten Personengruppen;ARBEITSLOS08;ausländisch;28154;Anzahl;ERWP06;Arbeitslose
13211;Arbeitsmarktstatistik der Bundesagentur für Arbeit;JAHR;Jahr;2018;DLAND;Bundesländer;07;Rheinland-Pfalz;ERWAQ7;Arbeitslose nach ausgewählten Personengruppen;ARBEITSLOS13;15 bis unter 25 Jahre;10184;Anzahl;ERWP06;Arbeitslose
13211;Arbeitsmarktstatistik der Bundesagentur für Arbeit;JAHR;Jahr;2021;DLAND;Bundesländer;10;Saarland;ERWAQ7;Arbeitslose nach ausgewählten Personengruppen;ARBEITSLOS05;langzeitarbeitslos;14596;Anzahl;ERWP06;Arbeitslose
13211;Arbeitsmarktstatistik der Bundesagentur für Arbeit;JAHR;Jahr;2017;DLAND;Bundesländer;02;Hamburg;ERWAQ7;Arbeitslose nach ausgewählten Personengruppen;ARBEITSLOS14;55 bis unter 65 Jahre;11476;Anzahl;ERWP06;Arbeitslose
13211;Arbeitsmarktstatistik der Bundesagentur für Arbeit;JAHR;Jahr;2020;DLAND;Bundesländer;14;Sachsen;ERWAQ7;Arbeitslose nach ausgewählten Personengruppen;ARBEITSLOS14;55 bis unter 65 Jahre;34111;Anzahl;ERWP06;Arbeitslose
13211;Arbeitsmarktstatistik der Bundesagentur für Arbeit;JAHR;Jahr;2024;DLAND;Bundesländer;01;Schleswig-Holstein;ERWAQ7;Arbeitslose nach ausgewählten Personengruppen;ARBEITSLOS06;schwerbehindert;4901;Anzahl;ERWP06;Arbeitslose
13211;Arbeitsmarktstatistik der Bundesagentur für Arbeit;JAHR;Jahr;2019;DLAND;Bundesländer;15;Sachsen-Anhalt;ERWAQ7;Arbeitslose nach ausgewählten Personengruppen;ARBEITSLOS14;55 bis unter 65 Jahre;19525;Anzahl;ERWP06;Arbeitslose
13211;Arbeitsmarktstatistik der Bundesagentur für Arbeit;JAHR;Jahr;2020;DLAND;Bundesländer;08;Baden-Württemberg;ERWAQ7;Arbeitslose nach ausgewählten Personengruppen;ARBEITSLOS12;15 bis unter 20 Jahre;3929;Anzahl;ERWP06;Arbeitslose
13211;Arbeitsmarktstatistik der Bundesagentur für Arbeit;JAHR;Jahr;2021;DLAND;Bundesländer;09;Bayern;ERWAQ7;Arbeitslose nach ausgewählten Personengruppen;ARBEITSLOS13;15 bis unter 25 Jahre;23794;Anzahl;ERWP06;Arbeitslose
13211;Arbeitsmarktstatistik der Bundesagentur für Arbeit;JAHR;Jahr;2021;DLAND;Bundesländer;08;Baden-Württemberg;ERWAQ7;Arbeitslose nach ausgewählten Personengruppen;ARBEITSLOS12;15 bis unter 20 Jahre;3301;Anzahl;ERWP06;Arbeitslose
13211;Arbeitsmarktstatistik der Bundesagentur für Arbeit;JAHR;Jahr;2020;DLAND;Bundesländer;01;Schleswig-Holstein;ERWAQ7;Arbeitslose nach ausgewählten Personengruppen;ARBEITSLOS05;langzeitarbeitslos;28170;Anzahl;ERWP06;Arbeitslose
13211;Arbeitsmarktstatistik der Bundesagentur für Arbeit;JAHR;Jahr;2018;DLAND;Bundesländer;08;Baden-Württemberg;ERWAQ7;Arbeitslose nach ausgewählten Personengruppen;ARBEITSLOS14;55 bis unter 65 Jahre;44950;Anzahl;ERWP06;Arbeitslose
13211;Arbeitsmarktstatistik der Bundesagentur für Arbeit;JAHR;Jahr;2022;DLAND;Bundesländer;06;Hessen;ERWAQ7;Arbeitslose nach ausgewählten Personengruppen;ARBEITSLOS14;55 bis unter 65 Jahre;33618;Anzahl;ERWP06;Arbeitslose
13211;Arbeitsmarktstatistik der Bundesagentur für Arbeit;JAHR;Jahr;2024;DLAND;Bundesländer;15;Sachsen-Anhalt;ERWAQ7;Arbeitslose nach ausgewählten Personengruppen;ARBEITSLOS14;55 bis unter 65 Jahre;22015;Anzahl;ERWP06;Arbeitslose
13211;Arbeitsmarktstatistik der Bundesagentur für Arbeit;JAHR;Jahr;2017;DLAND;Bundesländer;07;Rheinland-Pfalz;ERWAQ7;Arbeitslose nach ausgewählten Personengruppen;ARBEITSLOS13;15 bis unter 25 Jahre;11457;Anzahl;ERWP06;Arbeitslose
13211;Arbeitsmarktstatistik der Bundesagentur für Arbeit;JAHR;Jahr;2020;DLAND;Bundesländer;15;Sachsen-Anhalt;ERWAQ7;Arbeitslose nach ausgewählten Personengruppen;ARBEITSLOS08;ausländisch;10794;Anzahl;ERWP06;Arbeitslose
13211;Arbeitsmarktstatistik der Bundesagentur für Arbeit;JAHR;Jahr;2018;DLAND;Bundesländer;06;Hessen;ERWAQ7;Arbeitslose nach ausgewählten Personengruppen;ARBEITSLOS14;55 bis unter 65 Jahre;29671;Anzahl;ERWP06;Arbeitslose
13211;Arbeitsmarktstatistik der Bundesagentur für Arbeit;JAHR;Jahr;2019;DLAND;Bundesländer;13;Mecklenburg-Vorpommern;ERWAQ7;Arbeitslose nach ausgewählten Personengruppen;ARBEITSLOS05;langzeitarbeitslos;19842;Anzahl;ERWP06;Arbeitslose
13211;Arbeitsmarktstatistik der Bundesagentur für Arbeit;JAHR;Jahr;2021;DLAND;Bundesländer;01;Schleswig-Holstein;ERWAQ7;Arbeitslose nach ausgewählten Personengruppen;ARBEITSLOS14;55 bis unter 65 Jahre;20257;Anzahl;ERWP06;Arbeitslose
13211;Arbeitsmarktstatistik der Bundesagentur für Arbeit;JAHR;Jahr;2023;DLAND;Bundesländer;05;Nordrhein-Westfalen;ERWAQ7;Arbeitslose nach ausgewählten Personengruppen;ARBEITSLOS08;ausländisch;283750;Anzahl;ERWP06;Arbeitslose
13211;Arbeitsmarktstatistik der Bundesagentur für Arbeit;JAHR;Jahr;2025;DLAND;Bundesländer;04;Bremen;ERWAQ7;Arbeitslose nach ausgewählten Personengruppen;ARBEITSLOS05;langzeitarbeitslos;17957;Anzahl;ERWP06;Arbeitslose
13211;Arbeitsmarktstatistik der Bundesagentur für Arbeit;JAHR;Jahr;2019;DLAND;Bundesländer;13;Mecklenburg-Vorpommern;ERWAQ7;Arbeitslose nach ausgewählten Personengruppen;ARBEITSLOS12;15 bis unter 20 Jahre;1354;Anzahl;ERWP06;Arbeitslose
13211;Arbeitsmarktstatistik der Bundesagentur für Arbeit;JAHR;Jahr;2020;DLAND;Bundesländer;02;Hamburg;ERWAQ7;Arbeitslose nach ausgewählten Personengruppen;ARBEITSLOS13;15 bis unter 25 Jahre;6803;Anzahl;ERWP06;Arbeitslose
13211;Arbeitsmarktstatistik der Bundesagentur für Arbeit;JAHR;Jahr;2023;DLAND;Bundesländer;13;Mecklenburg-Vorpommern;ERWAQ7;Arbeitslose nach ausgewählten Personengruppen;ARBEITSLOS05;langzeitarbeitslos;23089;Anzahl;ERWP06;Arbeitslose
13211;Arbeitsmarktstatistik der Bundesagentur für Arbeit;JAHR;Jahr;2019;DLAND;Bundesländer;05;Nordrhein-Westfalen;ERWAQ7;Arbeitslose nach ausgewählten Personengruppen;ARBEITSLOS08;ausländisch;204651;Anzahl;ERWP06;Arbeitslose
13211;Arbeitsmarktstatistik der Bundesagentur für Arbeit;JAHR;Jahr;2025;DLAND;Bundesländer;08;Baden-Württemberg;ERWAQ7;Arbeitslose nach ausgewählten Personengruppen;ARBEITSLOS14;55 bis unter 65 Jahre;70975;Anzahl;ERWP06;Arbeitslose
13211;Arbeitsmarktstatistik der Bundesagentur für Arbeit;JAHR;Jahr;2024;DLAND;Bundesländer;12;Brandenburg;ERWAQ7;Arbeitslose nach ausgewählten Personengruppen;ARBEITSLOS06;schwerbehindert;4284;Anzahl;ERWP06;Arbeitslose
13211;Arbeitsmarktstatistik der Bundesagentur für Arbeit;JAHR;Jahr;2024;DLAND;Bundesländer;09;Bayern;ERWAQ7;Arbeitslose nach ausgewählten Personengruppen;ARBEITSLOS13;15 bis unter 25 Jahre;26484;Anzahl;ERWP06;Arbeitslose
13211;Arbeitsmarktstatistik der Bundesagentur für Arbeit;JAHR;Jahr;2018;DLAND;Bundesländer;04;Bremen;ERWAQ7;Arbeitslose nach ausgewählten Personengruppen;ARBEITSLOS05;langzeitarbeitslos;15220;Anzahl;ERWP06;Arbeitslose
13211;Arbeitsmarktstatistik der Bundesagentur für Arbeit;JAHR;Jahr;2020;DLAND;Bundesländer;12;Brandenburg;ERWAQ7;Arbeitslose nach ausgewählten Personengruppen;ARBEITSLOS05;langzeitarbeitslos;29201;Anzahl;ERWP06;Arbeitslose
13211;Arbeitsmarktstatistik der Bundesagentur für Arbeit;JAHR;Jahr;2024;DLAND;Bundesländer;02;Hamburg;ERWAQ7;Arbeitslose nach ausgewählten Personengruppen;ARBEITSLOS14;55 bis unter 65 Jahre;16504;Anzahl;ERWP06;Arbeitslose
13211;Arbeitsmarktstatistik der Bundesagentur für Arbeit;JAHR;Jahr;2020;DLAND;Bundesländer;04;Bremen;ERWAQ7;Arbeitslose nach ausgewählten Personengruppen;ARBEITSLOS08;ausländisch;16349;Anzahl;ERWP06;Arbeitslose
13211;Arbeitsmarktstatistik der Bundesagentur für Arbeit;JAHR;Jahr;2017;DLAND;Bundesländer;09;Bayern;ERWAQ7;Arbeitslose nach ausgewählten Personengruppen;ARBEITSLOS08;ausländisch;67249;Anzahl;ERWP06;Arbeitslose
13211;Arbeitsmarktstatistik der Bundesagentur für Arbeit;JAHR;Jahr;2023;DLAND;Bundesländer;16;Thüringen;ERWAQ7;Arbeitslose nach ausgewählten Personengruppen;ARBEITSLOS08;ausländisch;15494;Anzahl;ERWP06;Arbeitslose
13211;Arbeitsmarktstatistik der Bundesagentur für Arbeit;JAHR;Jahr;2019;DLAND;Bundesländer;02;Hamburg;ERWAQ7;Arbeitslose nach ausgewählten Personengruppen;ARBEITSLOS12;15 bis unter 20 Jahre;991;Anzahl;ERWP06;Arbeitslose
13211;Arbeitsmarktstatistik der Bundesagentur für Arbeit;JAHR;Jahr;2017;DLAND;Bundesländer;10;Saarland;ERWAQ7;Arbeitslose nach ausgewählten Personengruppen;ARBEITSLOS06;schwerbehindert;1379;Anzahl;ERWP06;Arbeitslose
13211;Arbeitsmarktstatistik der Bundesagentur für Arbeit;JAHR;Jahr;2019;DLAND;Bundesländer;16;Thüringen;ERWAQ7;Arbeitslose nach ausgewählten Personengruppen;ARBEITSLOS08;ausländisch;7162;Anzahl;ERWP06;Arbeitslose
13211;Arbeitsmarktstatistik der Bundesagentur für Arbeit;JAHR;Jahr;2018;DLAND;Bundesländer;15;Sachsen-Anhalt;ERWAQ7;Arbeitslose nach ausgewählten Personengruppen;ARBEITSLOS05;langzeitarbeitslos;32271;Anzahl;ERWP06;Arbeitslose
13211;Arbeitsmarktstatistik der Bundesagentur für Arbeit;JAHR;Jahr;2018;DLAND;Bundesländer;07;Rheinland-Pfalz;ERWAQ7;Arbeitslose nach ausgewählten Personengruppen;ARBEITSLOS08;ausländisch;25704;Anzahl;ERWP06;Arbeitslose
13211;Arbeitsmarktstatistik der Bundesagentur für Arbeit;JAHR;Jahr;2022;DLAND;Bundesländer;15;Sachsen-Anhalt;ERWAQ7;Arbeitslose nach ausgewählten Personengruppen;ARBEITSLOS05;langzeitarbeitslos;30007;Anzahl;ERWP06;Arbeitslose
13211;Arbeitsmarktstatistik der Bundesagentur für Arbeit;JAHR;Jahr;2025;DLAND;Bundesländer;07;Rheinland-Pfalz;ERWAQ7;Arbeitslose nach ausgewählten Personengruppen;ARBEITSLOS13;15 bis unter 25 Jahre;12845;Anzahl;ERWP06;Arbeitslose
13211;Arbeitsmarktstatistik der Bundesagentur für Arbeit;JAHR;Jahr;2023;DLAND;Bundesländer;14;Sachsen;ERWAQ7;Arbeitslose nach ausgewählten Personengruppen;ARBEITSLOS06;schwerbehindert;8602;Anzahl;ERWP06;Arbeitslose
13211;Arbeitsmarktstatistik der Bundesagentur für Arbeit;JAHR;Jahr;2024;DLAND;Bundesländer;02;Hamburg;ERWAQ7;Arbeitslose nach ausgewählten Personengruppen;ARBEITSLOS12;15 bis unter 20 Jahre;1314;Anzahl;ERWP06;Arbeitslose
13211;Arbeitsmarktstatistik der Bundesagentur für Arbeit;JAHR;Jahr;2023;DLAND;Bundesländer;16;Thüringen;ERWAQ7;Arbeitslose nach ausgewählten Personengruppen;ARBEITSLOS13;15 bis unter 25 Jahre;6311;Anzahl;ERWP06;Arbeitslose
13211;Arbeitsmarktstatistik der Bundesagentur für Arbeit;JAHR;Jahr;2022;DLAND;Bundesländer;09;Bayern;ERWAQ7;Arbeitslose nach ausgewählten Personengruppen;ARBEITSLOS08;ausländisch;83970;Anzahl;ERWP06;Arbeitslose
13211;Arbeitsmarktstatistik der Bundesagentur für Arbeit;JAHR;Jahr;2025;DLAND;Bundesländer;16;Thüringen;ERWAQ7;Arbeitslose nach ausgewählten Personengruppen;ARBEITSLOS08;ausländisch;16541;Anzahl;ERWP06;Arbeitslose
13211;Arbeitsmarktstatistik der Bundesagentur für Arbeit;JAHR;Jahr;2021;DLAND;Bundesländer;11;Berlin;ERWAQ7;Arbeitslose nach ausgewählten Personengruppen;ARBEITSLOS08;ausländisch;75275;Anzahl;ERWP06;Arbeitslose
13211;Arbeitsmarktstatistik der Bundesagentur für Arbeit;JAHR;Jahr;2017;DLAND;Bundesländer;08;Baden-Württemberg;ERWAQ7;Arbeitslose nach ausgewählten Personengruppen;ARBEITSLOS14;55 bis unter 65 Jahre;46875;Anzahl;ERWP06;Arbeitslose
13211;Arbeitsmarktstatistik der Bundesagentur für Arbeit;JAHR;Jahr;2018;DLAND;Bundesländer;14;Sachsen;ERWAQ7;Arbeitslose nach ausgewählten Personengruppen;ARBEITSLOS08;ausländisch;15283;Anzahl;ERWP06;Arbeitslose
13211;Arbeitsmarktstatistik der Bundesagentur für Arbeit;JAHR;Jahr;2021;DLAND;Bundesländer;10;Saarland;ERWAQ7;Arbeitslose nach ausgewählten Personengruppen;ARBEITSLOS12;15 bis unter 20 Jahre;518;Anzahl;ERWP06;Arbeitslose
13211;Arbeitsmarktstatistik der Bundesagentur für Arbeit;JAHR;Jahr;2018;DLAND;Bundesländer;05;Nordrhein-Westfalen;ERWAQ7;Arbeitslose nach ausgewählten Personengruppen;ARBEITSLOS13;15 bis unter 25 Jahre;57035;Anzahl;ERWP06;Arbeitslose
13211;Arbeitsmarktstatistik der Bundesagentur für Arbeit;JAHR;Jahr;2024;DLAND;Bundesländer;03;Niedersachsen;ERWAQ7;Arbeitslose nach ausgewählten Personengruppen;ARBEITSLOS08;ausländisch;92152;Anzahl;ERWP06;Arbeitslose
13211;Arbeitsmarktstatistik der Bundesagentur für Arbeit;JAHR;Jahr;2018;DLAND;Bundesländer;03;Niedersachsen;ERWAQ7;Arbeitslose nach ausgewählten Personengruppen;ARBEITSLOS06;schwerbehindert;12459;Anzahl;ERWP06;Arbeitslose
13211;Arbeitsmarktstatistik der Bundesagentur für Arbeit;JAHR;Jahr;2025;DLAND;Bundesländer;15;Sachsen-Anhalt;ERWAQ7;Arbeitslose nach ausgewählten Personengruppen;ARBEITSLOS12;15 bis unter 20 Jahre;2294;Anzahl;ERWP06;Arbeitslose
13211;Arbeitsmarktstatistik der Bundesagentur für Arbeit;JAHR;Jahr;2019;DLAND;Bundesländer;02;Hamburg;ERWAQ7;Arbeitslose nach ausgewählten Personengruppen;ARBEITSLOS14;55 bis unter 65 Jahre;10604;Anzahl;ERWP06;Arbeitslose
13211;Arbeitsmarktstatistik der Bundesagentur für Arbeit;JAHR;Jahr;2024;DLAND;Bundesländer;11;Berlin;ERWAQ7;Arbeitslose nach ausgewählten Personengruppen;ARBEITSLOS05;langzeitarbeitslos;60794;Anzahl;ERWP06;Arbeitslose
13211;Arbeitsmarktstatistik der Bundesagentur für Arbeit;JAHR;Jahr;2022;DLAND;Bundesländer;06;Hessen;ERWAQ7;Arbeitslose nach ausgewählten Personengruppen;ARBEITSLOS05;langzeitarbeitslos;59553;Anzahl;ERWP06;Arbeitslose
13211;Arbeitsmarktstatistik der Bundesagentur für Arbeit;JAHR;Jahr;2025;DLAND;Bundesländer;16;Thüringen;ERWAQ7;Arbeitslose nach ausgewählten Personengruppen;ARBEITSLOS06;schwerbehindert;4970;Anzahl;ERWP06;Arbeitslose
13211;Arbeitsmarktstatistik der Bundesagentur für Arbeit;JAHR;Jahr;2017;DLAND;Bundesländer;16;Thüringen;ERWAQ7;Arbeitslose nach ausgewählten Personengruppen;ARBEITSLOS13;15 bis unter 25 Jahre;5200;Anzahl;ERWP06;Arbeitslose
13211;Arbeitsmarktstatistik der Bundesagentur für Arbeit;JAHR;Jahr;2023;DLAND;Bundesländer;03;Niedersachsen;ERWAQ7;Arbeitslose nach ausgewählten Personengruppen;ARBEITSLOS06;schwerbehindert;13325;Anzahl;ERWP06;Arbeitslose
13211;Arbeitsmarktstatistik der Bundesagentur für Arbeit;JAHR;Jahr;2023;DLAND;Bundesländer;05;Nordrhein-Westfalen;ERWAQ7;Arbeitslose nach ausgewählten Personengruppen;ARBEITSLOS13;15 bis unter 25 Jahre;59458;Anzahl;ERWP06;Arbeitslose
13211;Arbeitsmarktstatistik der Bundesagentur für Arbeit;JAHR;Jahr;2018;DLAND;Bundesländer;13;Mecklenburg-Vorpommern;ERWAQ7;Arbeitslose nach ausgewählten Personengruppen;ARBEITSLOS14;55 bis unter 65 Jahre;16316;Anzahl;ERWP06;Arbeitslose
13211;Arbeitsmarktstatistik der Bundesagentur für Arbeit;JAHR;Jahr;2025;DLAND;Bundesländer;05;Nordrhein-Westfalen;ERWAQ7;Arbeitslose nach ausgewählten Personengruppen;ARBEITSLOS08;ausländisch;305282;Anzahl;ERWP06;Arbeitslose
13211;Arbeitsmarktstatistik der Bundesagentur für Arbeit;JAHR;Jahr;2024;DLAND;Bundesländer;13;Mecklenburg-Vorpommern;ERWAQ7;Arbeitslose nach ausgewählten Personengruppen;ARBEITSLOS12;15 bis unter 20 Jahre;1811;Anzahl;ERWP06;Arbeitslose
13211;Arbeitsmarktstatistik der Bundesagentur für Arbeit;JAHR;Jahr;2022;DLAND;Bundesländer;08;Baden-Württemberg;ERWAQ7;Arbeitslose nach ausgewählten Personengruppen;ARBEITSLOS12;15 bis unter 20 Jahre;3486;Anzahl;ERWP06;Arbeitslose
13211;Arbeitsmarktstatistik der Bundesagentur für Arbeit;JAHR;Jahr;2025;DLAND;Bundesländer;13;Mecklenburg-Vorpommern;ERWAQ7;Arbeitslose nach ausgewählten Personengruppen;ARBEITSLOS05;langzeitarbeitslos;25320;Anzahl;ERWP06;Arbeitslose
13211;Arbeitsmarktstatistik der Bundesagentur für Arbeit;JAHR;Jahr;2017;DLAND;Bundesländer;11;Berlin;ERWAQ7;Arbeitslose nach ausgewählten Personengruppen;ARBEITSLOS12;15 bis unter 20 Jahre;3488;Anzahl;ERWP06;Arbeitslose
13211;Arbeitsmarktstatistik der Bundesagentur für Arbeit;JAHR;Jahr;2023;DLAND;Bundesländer;08;Baden-Württemberg;ERWAQ7;Arbeitslose nach ausgewählten Personengruppen;ARBEITSLOS14;55 bis unter 65 Jahre;60285;Anzahl;ERWP06;Arbeitslose
13211;Arbeitsmarktstatistik der Bundesagentur für Arbeit;JAHR;Jahr;2018;DLAND;Bundesländer;16;Thüringen;ERWAQ7;Arbeitslose nach ausgewählten Personengruppen;ARBEITSLOS13;15 bis unter 25 Jahre;4884;Anzahl;ERWP06;Arbeitslose
13211;Arbeitsmarktstatistik der Bundesagentur für Arbeit;JAHR;Jahr;2020;DLAND;Bundesländer;13;Mecklenburg-Vorpommern;ERWAQ7;Arbeitslose nach ausgewählten Personengruppen;ARBEITSLOS13;15 bis unter 25 Jahre;6121;Anzahl;ERWP06;Arbeitslose
13211;Arbeitsmarktstatistik der Bundesagentur für Arbeit;JAHR;Jahr;2025;DLAND;Bundesländer;15;Sachsen-Anhalt;ERWAQ7;Arbeitslose nach ausgewählten Personengruppen;ARBEITSLOS14;55 bis unter 65 Jahre;22910;Anzahl;ERWP06;Arbeitslose
13211;Arbeitsmarktstatistik der Bundesagentur für Arbeit;JAHR;Jahr;2024;DLAND;Bundesländer;03;Niedersachsen;ERWAQ7;Arbeitslose nach ausgewählten Personengruppen;ARBEITSLOS06;schwerbehindert;14174;Anzahl;ERWP06;Arbeitslose
13211;Arbeitsmarktstatistik der Bundesagentur für Arbeit;JAHR;Jahr;2019;DLAND;Bundesländer;10;Saarland;ERWAQ7;Arbeitslose nach ausgewählten Personengruppen;ARBEITSLOS13;15 bis unter 25 Jahre;2771;Anzahl;ERWP06;Arbeitslose
13211;Arbeitsmarktstatistik der Bundesagentur für Arbeit;JAHR;Jahr;2019;DLAND;Bundesländer;13;Mecklenburg-Vorpommern;ERWAQ7;Arbeitslose nach ausgewählten Personengruppen;ARBEITSLOS14;55 bis unter 65 Jahre;15053;Anzahl;ERWP06;Arbeitslose
13211;Arbeitsmarktstatistik der Bundesagentur für Arbeit;JAHR;Jahr;2022;DLAND;Bundesländer;08;Baden-Württemberg;ERWAQ7;Arbeitslose nach ausgewählten Personengruppen;ARBEITSLOS14;55 bis unter 65 Jahre;56861;Anzahl;ERWP06;Arbeitslose
13211;Arbeitsmarktstatistik der Bundesagentur für Arbeit;JAHR;Jahr;2018;DLAND;Bundesländer;13;Mecklenburg-Vorpommern;ERWAQ7;Arbeitslose nach ausgewählten Personengruppen;ARBEITSLOS12;15 bis unter 20 Jahre;1458;Anzahl;ERWP06;Arbeitslose
13211;Arbeitsmarktstatistik der Bundesagentur für Arbeit;JAHR;Jahr;2025;DLAND;Bundesländer;05;Nordrhein-Westfalen;ERWAQ7;Arbeitslose nach ausgewählten Personengruppen;ARBEITSLOS06;schwerbehindert;57119;Anzahl;ERWP06;Arbeitslose
13211;Arbeitsmarktstatistik der Bundesagentur für Arbeit;JAHR;Jahr;2017;DLAND;Bundesländer;05;Nordrhein-Westfalen;ERWAQ7;Arbeitslose nach ausgewählten Personengruppen;ARBEITSLOS13;15 bis unter 25 Jahre;64090;Anzahl;ERWP06;Arbeitslose
13211;Arbeitsmarktstatistik der Bundesagentur für Arbeit;JAHR;Jahr;2017;DLAND;Bundesländer;14;Sachsen;ERWAQ7;Arbeitslose nach ausgewählten Personengruppen;ARBEITSLOS08;ausländisch;15184;Anzahl;ERWP06;Arbeitslose
13211;Arbeitsmarktstatistik der Bundesagentur für Arbeit;JAHR;Jahr;2019;DLAND;Bundesländer;11;Berlin;ERWAQ7;Arbeitslose nach ausgewählten Personengruppen;ARBEITSLOS05;langzeitarbeitslos;38209;Anzahl;ERWP06;Arbeitslose
13211;Arbeitsmarktstatistik der Bundesagentur für Arbeit;JAHR;Jahr;2025;DLAND;Bundesländer;02;Hamburg;ERWAQ7;Arbeitslose nach ausgewählten Personengruppen;ARBEITSLOS05;langzeitarbeitslos;29549;Anzahl;ERWP06;Arbeitslose
13211;Arbeitsmarktstatistik der Bundesagentur für Arbeit;JAHR;Jahr;2017;DLAND;Bundesländer;01;Schleswig-Holstein;ERWAQ7;Arbeitslose nach ausgewählten Personengruppen;ARBEITSLOS06;schwerbehindert;5038;Anzahl;ERWP06;Arbeitslose
13211;Arbeitsmarktstatistik der Bundesagentur für Arbeit;JAHR;Jahr;2019;DLAND;Bundesländer;03;Niedersachsen;ERWAQ7;Arbeitslose nach ausgewählten Personengruppen;ARBEITSLOS08;ausländisch;55827;Anzahl;ERWP06;Arbeitslose
13211;Arbeitsmarktstatistik der Bundesagentur für Arbeit;JAHR;Jahr;2025;DLAND;Bundesländer;13;Mecklenburg-Vorpommern;ERWAQ7;Arbeitslose nach ausgewählten Personengruppen;ARBEITSLOS14;55 bis unter 65 Jahre;16973;Anzahl;ERWP06;Arbeitslose
13211;Arbeitsmarktstatistik der Bundesagentur für Arbeit;JAHR;Jahr;2024;DLAND;Bundesländer;14;Sachsen;ERWAQ7;Arbeitslose nach ausgewählten Personengruppen;ARBEITSLOS06;schwerbehindert;9129;Anzahl;ERWP06;Arbeitslose
13211;Arbeitsmarktstatistik der Bundesagentur für Arbeit;JAHR;Jahr;2023;DLAND;Bundesländer;08;Baden-Württemberg;ERWAQ7;Arbeitslose nach ausgewählten Personengruppen;ARBEITSLOS05;langzeitarbeitslos;72070;Anzahl;ERWP06;Arbeitslose
13211;Arbeitsmarktstatistik der Bundesagentur für Arbeit;JAHR;Jahr;2021;DLAND;Bundesländer;10;Saarland;ERWAQ7;Arbeitslose nach ausgewählten Personengruppen;ARBEITSLOS14;55 bis unter 65 Jahre;8327;Anzahl;ERWP06;Arbeitslose
13211;Arbeitsmarktstatistik der Bundesagentur für Arbeit;JAHR;Jahr;2020;DLAND;Bundesländer;11;Berlin;ERWAQ7;Arbeitslose nach ausgewählten Personengruppen;ARBEITSLOS06;schwerbehindert;8175;Anzahl;ERWP06;Arbeitslose
13211;Arbeitsmarktstatistik der Bundesagentur für Arbeit;JAHR;Jahr;2024;DLAND;Bundesländer;07;Rheinland-Pfalz;ERWAQ7;Arbeitslose nach ausgewählten Personengruppen;ARBEITSLOS13;15 bis unter 25 Jahre;12178;Anzahl;ERWP06;Arbeitslose
13211;Arbeitsmarktstatistik der Bundesagentur für Arbeit;JAHR;Jahr;2023;DLAND;Bundesländer;08;Baden-Württemberg;ERWAQ7;Arbeitslose nach ausgewählten Personengruppen;ARBEITSLOS12;15 bis unter 20 Jahre;4295;Anzahl;ERWP06;Arbeitslose
13211;Arbeitsmarktstatistik der Bundesagentur für Arbeit;JAHR;Jahr;2020;DLAND;Bundesländer;10;Saarland;ERWAQ7;Arbeitslose nach ausgewählten Personengruppen;ARBEITSLOS12;15 bis unter 20 Jahre;638;Anzahl;ERWP06;Arbeitslose
13211;Arbeitsmarktstatistik der Bundesagentur für Arbeit;JAHR;Jahr;2018;DLAND;Bundesländer;02;Hamburg;ERWAQ7;Arbeitslose nach ausgewählten Personengruppen;ARBEITSLOS12;15 bis unter 20 Jahre;979;Anzahl;ERWP06;Arbeitslose
13211;Arbeitsmarktstatistik der Bundesagentur für Arbeit;JAHR;Jahr;2017;DLAND;Bundesländer;03;Niedersachsen;ERWAQ7;Arbeitslose nach ausgewählten Personengruppen;ARBEITSLOS08;ausländisch;58458;Anzahl;ERWP06;Arbeitslose
13211;Arbeitsmarktstatistik der Bundesagentur für Arbeit;JAHR;Jahr;2017;DLAND;Bundesländer;12;Brandenburg;ERWAQ7;Arbeitslose nach ausgewählten Personengruppen;ARBEITSLOS06;schwerbehindert;4982;Anzahl;ERWP06;Arbeitslose
13211;Arbeitsmarktstatistik der Bundesagentur für Arbeit;JAHR;Jahr;2019;DLAND;Bundesländer;14;Sachsen;ERWAQ7;Arbeitslose nach ausgewählten Personengruppen;ARBEITSLOS08;ausländisch;15755;Anzahl;ERWP06;Arbeitslose
13211;Arbeitsmarktstatistik der Bundesagentur für Arbeit;JAHR;Jahr;2025;DLAND;Bundesländer;02;Hamburg;ERWAQ7;Arbeitslose nach ausgewählten Personengruppen;ARBEITSLOS14;55 bis unter 65 Jahre;17434;Anzahl;ERWP06;Arbeitslose
13211;Arbeitsmarktstatistik der Bundesagentur für Arbeit;JAHR;Jahr;2018;DLAND;Bundesländer;01;Schleswig-Holstein;ERWAQ7;Arbeitslose nach ausgewählten Personengruppen;ARBEITSLOS08;ausländisch;17965;Anzahl;ERWP06;Arbeitslose
13211;Arbeitsmarktstatistik der Bundesagentur für Arbeit;JAHR;Jahr;2024;DLAND;Bundesländer;16;Thüringen;ERWAQ7;Arbeitslose nach ausgewählten Personengruppen;ARBEITSLOS08;ausländisch;16663;Anzahl;ERWP06;Arbeitslose
13211;Arbeitsmarktstatistik der Bundesagentur für Arbeit;JAHR;Jahr;2025;DLAND;Bundesländer;04;Bremen;ERWAQ7;Arbeitslose nach ausgewählten Personengruppen;ARBEITSLOS12;15 bis unter 20 Jahre;748;Anzahl;ERWP06;Arbeitslose
13211;Arbeitsmarktstatistik der Bundesagentur für Arbeit;JAHR;Jahr;2018;DLAND;Bundesländer;14;Sachsen;ERWAQ7;Arbeitslose nach ausgewählten Personengruppen;ARBEITSLOS06;schwerbehindert;8115;Anzahl;ERWP06;Arbeitslose
13211;Arbeitsmarktstatistik der Bundesagentur für Arbeit;JAHR;Jahr;2017;DLAND;Bundesländer;11;Berlin;ERWAQ7;Arbeitslose nach ausgewählten Personengruppen;ARBEITSLOS05;langzeitarbeitslos;48771;Anzahl;ERWP06;Arbeitslose
13211;Arbeitsmarktstatistik der Bundesagentur für Arbeit;JAHR;Jahr;2023;DLAND;Bundesländer;16;Thüringen;ERWAQ7;Arbeitslose nach ausgewählten Personengruppen;ARBEITSLOS06;schwerbehindert;4611;Anzahl;ERWP06;Arbeitslose
13211;Arbeitsmarktstatistik der Bundesagentur für Arbeit;JAHR;Jahr;2021;DLAND;Bundesländer;09;Bayern;ERWAQ7;Arbeitslose nach ausgewählten Personengruppen;ARBEITSLOS06;schwerbehindert;24686;Anzahl;ERWP06;Arbeitslose
13211;Arbeitsmarktstatistik der Bundesagentur für Arbeit;JAHR;Jahr;2025;DLAND;Bundesländer;14;Sachsen;ERWAQ7;Arbeitslose nach ausgewählten Personengruppen;ARBEITSLOS08;ausländisch;37806;Anzahl;ERWP06;Arbeitslose
13211;Arbeitsmarktstatistik der Bundesagentur für Arbeit;JAHR;Jahr;2024;DLAND;Bundesländer;04;Bremen;ERWAQ7;Arbeitslose nach ausgewählten Personengruppen;ARBEITSLOS12;15 bis unter 20 Jahre;694;Anzahl;ERWP06;Arbeitslose
13211;Arbeitsmarktstatistik der Bundesagentur für Arbeit;JAHR;Jahr;2025;DLAND;Bundesländer;05;Nordrhein-Westfalen;ERWAQ7;Arbeitslose nach ausgewählten Personengruppen;ARBEITSLOS13;15 bis unter 25 Jahre;68048;Anzahl;ERWP06;Arbeitslose
13211;Arbeitsmarktstatistik der Bundesagentur für Arbeit;JAHR;Jahr;2017;DLAND;Bundesländer;02;Hamburg;ERWAQ7;Arbeitslose nach ausgewählten Personengruppen;ARBEITSLOS12;15 bis unter 20 Jahre;1040;Anzahl;ERWP06;Arbeitslose
13211;Arbeitsmarktstatistik der Bundesagentur für Arbeit;JAHR;Jahr;2019;DLAND;Bundesländer;10;Saarland;ERWAQ7;Arbeitslose nach ausgewählten Personengruppen;ARBEITSLOS06;schwerbehindert;1962;Anzahl;ERWP06;Arbeitslose
13211;Arbeitsmarktstatistik der Bundesagentur für Arbeit;JAHR;Jahr;2018;DLAND;Bundesländer;03;Niedersachsen;ERWAQ7;Arbeitslose nach ausgewählten Personengruppen;ARBEITSLOS13;15 bis unter 25 Jahre;23438;Anzahl;ERWP06;Arbeitslose
13211;Arbeitsmarktstatistik der Bundesagentur für Arbeit;JAHR;Jahr;2024;DLAND;Bundesländer;05;Nordrhein-Westfalen;ERWAQ7;Arbeitslose nach ausgewählten Personengruppen;ARBEITSLOS08;ausländisch;299078;Anzahl;ERWP06;Arbeitslose
13211;Arbeitsmarktstatistik der Bundesagentur für Arbeit;JAHR;Jahr;2025;DLAND;Bundesländer;13;Mecklenburg-Vorpommern;ERWAQ7;Arbeitslose nach ausgewählten Personengruppen;ARBEITSLOS12;15 bis unter 20 Jahre;1993;Anzahl;ERWP06;Arbeitslose
13211;Arbeitsmarktstatistik der Bundesagentur für Arbeit;JAHR;Jahr;2022;DLAND;Bundesländer;08;Baden-Württemberg;ERWAQ7;Arbeitslose nach ausgewählten Personengruppen;ARBEITSLOS05;langzeitarbeitslos;70655;Anzahl;ERWP06;Arbeitslose
13211;Arbeitsmarktstatistik der Bundesagentur für Arbeit;JAHR;Jahr;2018;DLAND;Bundesländer;01;Schleswig-Holstein;ERWAQ7;Arbeitslose nach ausgewählten Personengruppen;ARBEITSLOS06;schwerbehindert;4885;Anzahl;ERWP06;Arbeitslose
13211;Arbeitsmarktstatistik der Bundesagentur für Arbeit;JAHR;Jahr;2024;DLAND;Bundesländer;08;Baden-Württemberg;ERWAQ7;Arbeitslose nach ausgewählten Personengruppen;ARBEITSLOS14;55 bis unter 65 Jahre;65297;Anzahl;ERWP06;Arbeitslose
13211;Arbeitsmarktstatistik der Bundesagentur für Arbeit;JAHR;Jahr;2025;DLAND;Bundesländer;14;Sachsen;ERWAQ7;Arbeitslose nach ausgewählten Personengruppen;ARBEITSLOS06;schwerbehindert;9480;Anzahl;ERWP06;Arbeitslose
13211;Arbeitsmarktstatistik der Bundesagentur für Arbeit;JAHR;Jahr;2023;DLAND;Bundesländer;05;Nordrhein-Westfalen;ERWAQ7;Arbeitslose nach ausgewählten Personengruppen;ARBEITSLOS06;schwerbehindert;51571;Anzahl;ERWP06;Arbeitslose
13211;Arbeitsmarktstatistik der Bundesagentur für Arbeit;JAHR;Jahr;2024;DLAND;Bundesländer;13;Mecklenburg-Vorpommern;ERWAQ7;Arbeitslose nach ausgewählten Personengruppen;ARBEITSLOS05;langzeitarbeitslos;24462;Anzahl;ERWP06;Arbeitslose
13211;Arbeitsmarktstatistik der Bundesagentur für Arbeit;JAHR;Jahr;2018;DLAND;Bundesländer;16;Thüringen;ERWAQ7;Arbeitslose nach ausgewählten Personengruppen;ARBEITSLOS08;ausländisch;6976;Anzahl;ERWP06;Arbeitslose
13211;Arbeitsmarktstatistik der Bundesagentur für Arbeit;JAHR;Jahr;2018;DLAND;Bundesländer;15;Sachsen-Anhalt;ERWAQ7;Arbeitslose nach ausgewählten Personengruppen;ARBEITSLOS14;55 bis unter 65 Jahre;21410;Anzahl;ERWP06;Arbeitslose
13211;Arbeitsmarktstatistik der Bundesagentur für Arbeit;JAHR;Jahr;2025;DLAND;Bundesländer;03;Niedersachsen;ERWAQ7;Arbeitslose nach ausgewählten Personengruppen;ARBEITSLOS08;ausländisch;92446;Anzahl;ERWP06;Arbeitslose
13211;Arbeitsmarktstatistik der Bundesagentur für Arbeit;JAHR;Jahr;2017;DLAND;Bundesländer;14;Sachsen;ERWAQ7;Arbeitslose nach ausgewählten Personengruppen;ARBEITSLOS13;15 bis unter 25 Jahre;10333;Anzahl;ERWP06;Arbeitslose
13211;Arbeitsmarktstatistik der Bundesagentur für Arbeit;JAHR;Jahr;2024;DLAND;Bundesländer;15;Sachsen-Anhalt;ERWAQ7;Arbeitslose nach ausgewählten Personengruppen;ARBEITSLOS12;15 bis unter 20 Jahre;2110;Anzahl;ERWP06;Arbeitslose
13211;Arbeitsmarktstatistik der Bundesagentur für Arbeit;JAHR;Jahr;2025;DLAND;Bundesländer;16;Thüringen;ERWAQ7;Arbeitslose nach ausgewählten Personengruppen;ARBEITSLOS13;15 bis unter 25 Jahre;7301;Anzahl;ERWP06;Arbeitslose
13211;Arbeitsmarktstatistik der Bundesagentur für Arbeit;JAHR;Jahr;2023;DLAND;Bundesländer;07;Rheinland-Pfalz;ERWAQ7;Arbeitslose nach ausgewählten Personengruppen;ARBEITSLOS13;15 bis unter 25 Jahre;10514;Anzahl;ERWP06;Arbeitslose
13211;Arbeitsmarktstatistik der Bundesagentur für Arbeit;JAHR;Jahr;2022;DLAND;Bundesländer;09;Bayern;ERWAQ7;Arbeitslose nach ausgewählten Personengruppen;ARBEITSLOS13;15 bis unter 25 Jahre;20436;Anzahl;ERWP06;Arbeitslose
13211;Arbeitsmarktstatistik der Bundesagentur für Arbeit;JAHR;Jahr;2020;DLAND;Bundesländer;11;Berlin;ERWAQ7;Arbeitslose nach ausgewählten Personengruppen;ARBEITSLOS13;15 bis unter 25 Jahre;16567;Anzahl;ERWP06;Arbeitslose
13211;Arbeitsmarktstatistik der Bundesagentur für Arbeit;JAHR;Jahr;2017;DLAND;Bundesländer;13;Mecklenburg-Vorpommern;ERWAQ7;Arbeitslose nach ausgewählten Personengruppen;ARBEITSLOS12;15 bis unter 20 Jahre;1442;Anzahl;ERWP06;Arbeitslose
13211;Arbeitsmarktstatistik der Bundesagentur für Arbeit;JAHR;Jahr;2018;DLAND;Bundesländer;14;Sachsen;ERWAQ7;Arbeitslose nach ausgewählten Personengruppen;ARBEITSLOS13;15 bis unter 25 Jahre;9858;Anzahl;ERWP06;Arbeitslose
13211;Arbeitsmarktstatistik der Bundesagentur für Arbeit;JAHR;Jahr;2025;DLAND;Bundesländer;11;Berlin;ERWAQ7;Arbeitslose nach ausgewählten Personengruppen;ARBEITSLOS05;langzeitarbeitslos;67118;Anzahl;ERWP06;Arbeitslose
13211;Arbeitsmarktstatistik der Bundesagentur für Arbeit;JAHR;Jahr;2024;DLAND;Bundesländer;05;Nordrhein-Westfalen;ERWAQ7;Arbeitslose nach ausgewählten Personengruppen;ARBEITSLOS06;schwerbehindert;54512;Anzahl;ERWP06;Arbeitslose
13211;Arbeitsmarktstatistik der Bundesagentur für Arbeit;JAHR;Jahr;2024;DLAND;Bundesländer;16;Thüringen;ERWAQ7;Arbeitslose nach ausgewählten Personengruppen;ARBEITSLOS13;15 bis unter 25 Jahre;6932;Anzahl;ERWP06;Arbeitslose
13211;Arbeitsmarktstatistik der Bundesagentur für Arbeit;JAHR;Jahr;2017;DLAND;Bundesländer;06;Hessen;ERWAQ7;Arbeitslose nach ausgewählten Personengruppen;ARBEITSLOS14;55 bis unter 65 Jahre;31629;Anzahl;ERWP06;Arbeitslose
13211;Arbeitsmarktstatistik der Bundesagentur für Arbeit;JAHR;Jahr;2020;DLAND;Bundesländer;10;Saarland;ERWAQ7;Arbeitslose nach ausgewählten Personengruppen;ARBEITSLOS14;55 bis unter 65 Jahre;7915;Anzahl;ERWP06;Arbeitslose
13211;Arbeitsmarktstatistik der Bundesagentur für Arbeit;JAHR;Jahr;2018;DLAND;Bundesländer;11;Berlin;ERWAQ7;Arbeitslose nach ausgewählten Personengruppen;ARBEITSLOS12;15 bis unter 20 Jahre;3271;Anzahl;ERWP06;Arbeitslose
13211;Arbeitsmarktstatistik der Bundesagentur für Arbeit;JAHR;Jahr;2019;DLAND;Bundesländer;11;Berlin;ERWAQ7;Arbeitslose nach ausgewählten Personengruppen;ARBEITSLOS14;55 bis unter 65 Jahre;25379;Anzahl;ERWP06;Arbeitslose
13211;Arbeitsmarktstatistik der Bundesagentur für Arbeit;JAHR;Jahr;2019;DLAND;Bundesländer;12;Brandenburg;ERWAQ7;Arbeitslose nach ausgewählten Personengruppen;ARBEITSLOS13;15 bis unter 25 Jahre;5647;Anzahl;ERWP06;Arbeitslose
13211;Arbeitsmarktstatistik der Bundesagentur für Arbeit;JAHR;Jahr;2025;DLAND;Bundesländer;03;Niedersachsen;ERWAQ7;Arbeitslose nach ausgewählten Personengruppen;ARBEITSLOS06;schwerbehindert;14884;Anzahl;ERWP06;Arbeitslose
13211;Arbeitsmarktstatistik der Bundesagentur für Arbeit;JAHR;Jahr;2024;DLAND;Bundesländer;02;Hamburg;ERWAQ7;Arbeitslose nach ausgewählten Personengruppen;ARBEITSLOS05;langzeitarbeitslos;26883;Anzahl;ERWP06;Arbeitslose
13211;Arbeitsmarktstatistik der Bundesagentur für Arbeit;JAHR;Jahr;2017;DLAND;Bundesländer;03;Niedersachsen;ERWAQ7;Arbeitslose nach ausgewählten Personengruppen;ARBEITSLOS13;15 bis unter 25 Jahre;25649;Anzahl;ERWP06;Arbeitslose
13211;Arbeitsmarktstatistik der Bundesagentur für Arbeit;JAHR;Jahr;2017;DLAND;Bundesländer;03;Niedersachsen;ERWAQ7;Arbeitslose nach ausgewählten Personengruppen;ARBEITSLOS06;schwerbehindert;11478;Anzahl;ERWP06;Arbeitslose
13211;Arbeitsmarktstatistik der Bundesagentur für Arbeit;JAHR;Jahr;2018;DLAND;Bundesländer;02;Hamburg;ERWAQ7;Arbeitslose nach ausgewählten Personengruppen;ARBEITSLOS14;55 bis unter 65 Jahre;10990;Anzahl;ERWP06;Arbeitslose
13211;Arbeitsmarktstatistik der Bundesagentur für Arbeit;JAHR;Jahr;2019;DLAND;Bundesländer;01;Schleswig-Holstein;ERWAQ7;Arbeitslose nach ausgewählten Personengruppen;ARBEITSLOS08;ausländisch;17940;Anzahl;ERWP06;Arbeitslose
13211;Arbeitsmarktstatistik der Bundesagentur für Arbeit;JAHR;Jahr;2017;DLAND;Bundesländer;16;Thüringen;ERWAQ7;Arbeitslose nach ausgewählten Personengruppen;ARBEITSLOS08;ausländisch;6740;Anzahl;ERWP06;Arbeitslose
13211;Arbeitsmarktstatistik der Bundesagentur für Arbeit;JAHR;Jahr;2025;DLAND;Bundesländer;04;Bremen;ERWAQ7;Arbeitslose nach ausgewählten Personengruppen;ARBEITSLOS14;55 bis unter 65 Jahre;8650;Anzahl;ERWP06;Arbeitslose
13211;Arbeitsmarktstatistik der Bundesagentur für Arbeit;JAHR;Jahr;2024;DLAND;Bundesländer;16;Thüringen;ERWAQ7;Arbeitslose nach ausgewählten Personengruppen;ARBEITSLOS06;schwerbehindert;4789;Anzahl;ERWP06;Arbeitslose
13211;Arbeitsmarktstatistik der Bundesagentur für Arbeit;JAHR;Jahr;2024;DLAND;Bundesländer;05;Nordrhein-Westfalen;ERWAQ7;Arbeitslose nach ausgewählten Personengruppen;ARBEITSLOS13;15 bis unter 25 Jahre;64544;Anzahl;ERWP06;Arbeitslose
13211;Arbeitsmarktstatistik der Bundesagentur für Arbeit;JAHR;Jahr;2023;DLAND;Bundesländer;06;Hessen;ERWAQ7;Arbeitslose nach ausgewählten Personengruppen;ARBEITSLOS05;langzeitarbeitslos;62102;Anzahl;ERWP06;Arbeitslose
13211;Arbeitsmarktstatistik der Bundesagentur für Arbeit;JAHR;Jahr;2023;DLAND;Bundesländer;06;Hessen;ERWAQ7;Arbeitslose nach ausgewählten Personengruppen;ARBEITSLOS12;15 bis unter 20 Jahre;4934;Anzahl;ERWP06;Arbeitslose
13211;Arbeitsmarktstatistik der Bundesagentur für Arbeit;JAHR;Jahr;2017;DLAND;Bundesländer;14;Sachsen;ERWAQ7;Arbeitslose nach ausgewählten Personengruppen;ARBEITSLOS06;schwerbehindert;8586;Anzahl;ERWP06;Arbeitslose
13211;Arbeitsmarktstatistik der Bundesagentur für Arbeit;JAHR;Jahr;2019;DLAND;Bundesländer;12;Brandenburg;ERWAQ7;Arbeitslose nach ausgewählten Personengruppen;ARBEITSLOS08;ausländisch;8978;Anzahl;ERWP06;Arbeitslose
13211;Arbeitsmarktstatistik der Bundesagentur für Arbeit;JAHR;Jahr;2017;DLAND;Bundesländer;05;Nordrhein-Westfalen;ERWAQ7;Arbeitslose nach ausgewählten Personengruppen;ARBEITSLOS08;ausländisch;214021;Anzahl;ERWP06;Arbeitslose
13211;Arbeitsmarktstatistik der Bundesagentur für Arbeit;JAHR;Jahr;2022;DLAND;Bundesländer;09;Bayern;ERWAQ7;Arbeitslose nach ausgewählten Personengruppen;ARBEITSLOS06;schwerbehindert;23337;Anzahl;ERWP06;Arbeitslose
13211;Arbeitsmarktstatistik der Bundesagentur für Arbeit;JAHR;Jahr;2018;DLAND;Bundesländer;03;Niedersachsen;ERWAQ7;Arbeitslose nach ausgewählten Personengruppen;ARBEITSLOS08;ausländisch;56059;Anzahl;ERWP06;Arbeitslose
13211;Arbeitsmarktstatistik der Bundesagentur für Arbeit;JAHR;Jahr;2023;DLAND;Bundesländer;09;Bayern;ERWAQ7;Arbeitslose nach ausgewählten Personengruppen;ARBEITSLOS08;ausländisch;99404;Anzahl;ERWP06;Arbeitslose
13211;Arbeitsmarktstatistik der Bundesagentur für Arbeit;JAHR;Jahr;2018;DLAND;Bundesländer;11;Berlin;ERWAQ7;Arbeitslose nach ausgewählten Personengruppen;ARBEITSLOS05;langzeitarbeitslos;42833;Anzahl;ERWP06;Arbeitslose
13211;Arbeitsmarktstatistik der Bundesagentur für Arbeit;JAHR;Jahr;2025;DLAND;Bundesländer;02;Hamburg;ERWAQ7;Arbeitslose nach ausgewählten Personengruppen;ARBEITSLOS12;15 bis unter 20 Jahre;1475;Anzahl;ERWP06;Arbeitslose
13211;Arbeitsmarktstatistik der Bundesagentur für Arbeit;JAHR;Jahr;2017;DLAND;Bundesländer;13;Mecklenburg-Vorpommern;ERWAQ7;Arbeitslose nach ausgewählten Personengruppen;ARBEITSLOS05;langzeitarbeitslos;24946;Anzahl;ERWP06;Arbeitslose
13211;Arbeitsmarktstatistik der Bundesagentur für Arbeit;JAHR;Jahr;2018;DLAND;Bundesländer;12;Brandenburg;ERWAQ7;Arbeitslose nach ausgewählten Personengruppen;ARBEITSLOS06;schwerbehindert;4569;Anzahl;ERWP06;Arbeitslose
13211;Arbeitsmarktstatistik der Bundesagentur für Arbeit;JAHR;Jahr;2020;DLAND;Bundesländer;11;Berlin;ERWAQ7;Arbeitslose nach ausgewählten Personengruppen;ARBEITSLOS08;ausländisch;68444;Anzahl;ERWP06;Arbeitslose
13211;Arbeitsmarktstatistik der Bundesagentur für Arbeit;JAHR;Jahr;2024;DLAND;Bundesländer;06;Hessen;ERWAQ7;Arbeitslose nach ausgewählten Personengruppen;ARBEITSLOS12;15 bis unter 20 Jahre;5449;Anzahl;ERWP06;Arbeitslose
13211;Arbeitsmarktstatistik der Bundesagentur für Arbeit;JAHR;Jahr;2025;DLAND;Bundesländer;09;Bayern;ERWAQ7;Arbeitslose nach ausgewählten Personengruppen;ARBEITSLOS06;schwerbehindert;28201;Anzahl;ERWP06;Arbeitslose
13211;Arbeitsmarktstatistik der Bundesagentur für Arbeit;JAHR;Jahr;2025;DLAND;Bundesländer;12;Brandenburg;ERWAQ7;Arbeitslose nach ausgewählten Personengruppen;ARBEITSLOS08;ausländisch;19477;Anzahl;ERWP06;Arbeitslose
13211;Arbeitsmarktstatistik der Bundesagentur für Arbeit;JAHR;Jahr;2022;DLAND;Bundesländer;15;Sachsen-Anhalt;ERWAQ7;Arbeitslose nach ausgewählten Personengruppen;ARBEITSLOS12;15 bis unter 20 Jahre;1548;Anzahl;ERWP06;Arbeitslose
13211;Arbeitsmarktstatistik der Bundesagentur für Arbeit;JAHR;Jahr;2017;DLAND;Bundesländer;06;Hessen;ERWAQ7;Arbeitslose nach ausgewählten Personengruppen;ARBEITSLOS06;schwerbehindert;12240;Anzahl;ERWP06;Arbeitslose
13211;Arbeitsmarktstatistik der Bundesagentur für Arbeit;JAHR;Jahr;2025;DLAND;Bundesländer;10;Saarland;ERWAQ7;Arbeitslose nach ausgewählten Personengruppen;ARBEITSLOS14;55 bis unter 65 Jahre;9525;Anzahl;ERWP06;Arbeitslose
13211;Arbeitsmarktstatistik der Bundesagentur für Arbeit;JAHR;Jahr;2024;DLAND;Bundesländer;08;Baden-Württemberg;ERWAQ7;Arbeitslose nach ausgewählten Personengruppen;ARBEITSLOS06;schwerbehindert;16130;Anzahl;ERWP06;Arbeitslose
13211;Arbeitsmarktstatistik der Bundesagentur für Arbeit;JAHR;Jahr;2017;DLAND;Bundesländer;04;Bremen;ERWAQ7;Arbeitslose nach ausgewählten Personengruppen;ARBEITSLOS12;15 bis unter 20 Jahre;602;Anzahl;ERWP06;Arbeitslose
13211;Arbeitsmarktstatistik der Bundesagentur für Arbeit;JAHR;Jahr;2018;DLAND;Bundesländer;07;Rheinland-Pfalz;ERWAQ7;Arbeitslose nach ausgewählten Personengruppen;ARBEITSLOS06;schwerbehindert;6098;Anzahl;ERWP06;Arbeitslose
13211;Arbeitsmarktstatistik der Bundesagentur für Arbeit;JAHR;Jahr;2018;DLAND;Bundesländer;10;Saarland;ERWAQ7;Arbeitslose nach ausgewählten Personengruppen;ARBEITSLOS08;ausländisch;9018;Anzahl;ERWP06;Arbeitslose
13211;Arbeitsmarktstatistik der Bundesagentur für Arbeit;JAHR;Jahr;2021;DLAND;Bundesländer;14;Sachsen;ERWAQ7;Arbeitslose nach ausgewählten Personengruppen;ARBEITSLOS12;15 bis unter 20 Jahre;2193;Anzahl;ERWP06;Arbeitslose
13211;Arbeitsmarktstatistik der Bundesagentur für Arbeit;JAHR;Jahr;2023;DLAND;Bundesländer;05;Nordrhein-Westfalen;ERWAQ7;Arbeitslose nach ausgewählten Personengruppen;ARBEITSLOS12;15 bis unter 20 Jahre;12687;Anzahl;ERWP06;Arbeitslose
13211;Arbeitsmarktstatistik der Bundesagentur für Arbeit;JAHR;Jahr;2021;DLAND;Bundesländer;16;Thüringen;ERWAQ7;Arbeitslose nach ausgewählten Personengruppen;ARBEITSLOS06;schwerbehindert;4895;Anzahl;ERWP06;Arbeitslose
13211;Arbeitsmarktstatistik der Bundesagentur für Arbeit;JAHR;Jahr;2020;DLAND;Bundesländer;13;Mecklenburg-Vorpommern;ERWAQ7;Arbeitslose nach ausgewählten Personengruppen;ARBEITSLOS12;15 bis unter 20 Jahre;1516;Anzahl;ERWP06;Arbeitslose
13211;Arbeitsmarktstatistik der Bundesagentur für Arbeit;JAHR;Jahr;2018;DLAND;Bundesländer;05;Nordrhein-Westfalen;ERWAQ7;Arbeitslose nach ausgewählten Personengruppen;ARBEITSLOS12;15 bis unter 20 Jahre;10750;Anzahl;ERWP06;Arbeitslose
13211;Arbeitsmarktstatistik der Bundesagentur für Arbeit;JAHR;Jahr;2020;DLAND;Bundesländer;09;Bayern;ERWAQ7;Arbeitslose nach ausgewählten Personengruppen;ARBEITSLOS14;55 bis unter 65 Jahre;64492;Anzahl;ERWP06;Arbeitslose
13211;Arbeitsmarktstatistik der Bundesagentur für Arbeit;JAHR;Jahr;2023;DLAND;Bundesländer;07;Rheinland-Pfalz;ERWAQ7;Arbeitslose nach ausgewählten Personengruppen;ARBEITSLOS06;schwerbehindert;6278;Anzahl;ERWP06;Arbeitslose
13211;Arbeitsmarktstatistik der Bundesagentur für Arbeit;JAHR;Jahr;2025;DLAND;Bundesländer;01;Schleswig-Holstein;ERWAQ7;Arbeitslose nach ausgewählten Personengruppen;ARBEITSLOS08;ausländisch;29850;Anzahl;ERWP06;Arbeitslose
13211;Arbeitsmarktstatistik der Bundesagentur für Arbeit;JAHR;Jahr;2022;DLAND;Bundesländer;04;Bremen;ERWAQ7;Arbeitslose nach ausgewählten Personengruppen;ARBEITSLOS12;15 bis unter 20 Jahre;634;Anzahl;ERWP06;Arbeitslose
13211;Arbeitsmarktstatistik der Bundesagentur für Arbeit;JAHR;Jahr;2017;DLAND;Bundesländer;12;Brandenburg;ERWAQ7;Arbeitslose nach ausgewählten Personengruppen;ARBEITSLOS13;15 bis unter 25 Jahre;6254;Anzahl;ERWP06;Arbeitslose
13211;Arbeitsmarktstatistik der Bundesagentur für Arbeit;JAHR;Jahr;2022;DLAND;Bundesländer;06;Hessen;ERWAQ7;Arbeitslose nach ausgewählten Personengruppen;ARBEITSLOS06;schwerbehindert;10829;Anzahl;ERWP06;Arbeitslose
13211;Arbeitsmarktstatistik der Bundesagentur für Arbeit;JAHR;Jahr;2019;DLAND;Bundesländer;11;Berlin;ERWAQ7;Arbeitslose nach ausgewählten Personengruppen;ARBEITSLOS08;ausländisch;50668;Anzahl;ERWP06;Arbeitslose
13211;Arbeitsmarktstatistik der Bundesagentur für Arbeit;JAHR;Jahr;2017;DLAND;Bundesländer;15;Sachsen-Anhalt;ERWAQ7;Arbeitslose nach ausgewählten Personengruppen;ARBEITSLOS12;15 bis unter 20 Jahre;1728;Anzahl;ERWP06;Arbeitslose
13211;Arbeitsmarktstatistik der Bundesagentur für Arbeit;JAHR;Jahr;2022;DLAND;Bundesländer;10;Saarland;ERWAQ7;Arbeitslose nach ausgewählten Personengruppen;ARBEITSLOS13;15 bis unter 25 Jahre;2211;Anzahl;ERWP06;Arbeitslose
13211;Arbeitsmarktstatistik der Bundesagentur für Arbeit;JAHR;Jahr;2024;DLAND;Bundesländer;11;Berlin;ERWAQ7;Arbeitslose nach ausgewählten Personengruppen;ARBEITSLOS08;ausländisch;86565;Anzahl;ERWP06;Arbeitslose
13211;Arbeitsmarktstatistik der Bundesagentur für Arbeit;JAHR;Jahr;2025;DLAND;Bundesländer;07;Rheinland-Pfalz;ERWAQ7;Arbeitslose nach ausgewählten Personengruppen;ARBEITSLOS12;15 bis unter 20 Jahre;3351;Anzahl;ERWP06;Arbeitslose
13211;Arbeitsmarktstatistik der Bundesagentur für Arbeit;JAHR;Jahr;2024;DLAND;Bundesländer;14;Sachsen;ERWAQ7;Arbeitslose nach ausgewählten Personengruppen;ARBEITSLOS13;15 bis unter 25 Jahre;13789;Anzahl;ERWP06;Arbeitslose
13211;Arbeitsmarktstatistik der Bundesagentur für Arbeit;JAHR;Jahr;2019;DLAND;Bundesländer;14;Sachsen;ERWAQ7;Arbeitslose nach ausgewählten Personengruppen;ARBEITSLOS13;15 bis unter 25 Jahre;9540;Anzahl;ERWP06;Arbeitslose
13211;Arbeitsmarktstatistik der Bundesagentur für Arbeit;JAHR;Jahr;2020;DLAND;Bundesländer;02;Hamburg;ERWAQ7;Arbeitslose nach ausgewählten Personengruppen;ARBEITSLOS12;15 bis unter 20 Jahre;1170;Anzahl;ERWP06;Arbeitslose
13211;Arbeitsmarktstatistik der Bundesagentur für Arbeit;JAHR;Jahr;2025;DLAND;Bundesländer;02;Hamburg;ERWAQ7;Arbeitslose nach ausgewählten Personengruppen;ARBEITSLOS13;15 bis unter 25 Jahre;7305;Anzahl;ERWP06;Arbeitslose
13211;Arbeitsmarktstatistik der Bundesagentur für Arbeit;JAHR;Jahr;2020;DLAND;Bundesländer;07;Rheinland-Pfalz;ERWAQ7;Arbeitslose nach ausgewählten Personengruppen;ARBEITSLOS05;langzeitarbeitslos;32314;Anzahl;ERWP06;Arbeitslose
13211;Arbeitsmarktstatistik der Bundesagentur für Arbeit;JAHR;Jahr;2023;DLAND;Bundesländer;13;Mecklenburg-Vorpommern;ERWAQ7;Arbeitslose nach ausgewählten Personengruppen;ARBEITSLOS13;15 bis unter 25 Jahre;6261;Anzahl;ERWP06;Arbeitslose
13211;Arbeitsmarktstatistik der Bundesagentur für Arbeit;JAHR;Jahr;2020;DLAND;Bundesländer;04;Bremen;ERWAQ7;Arbeitslose nach ausgewählten Personengruppen;ARBEITSLOS06;schwerbehindert;1608;Anzahl;ERWP06;Arbeitslose
13211;Arbeitsmarktstatistik der Bundesagentur für Arbeit;JAHR;Jahr;2017;DLAND;Bundesländer;01;Schleswig-Holstein;ERWAQ7;Arbeitslose nach ausgewählten Personengruppen;ARBEITSLOS13;15 bis unter 25 Jahre;9703;Anzahl;ERWP06;Arbeitslose
13211;Arbeitsmarktstatistik der Bundesagentur für Arbeit;JAHR;Jahr;2022;DLAND;Bundesländer;12;Brandenburg;ERWAQ7;Arbeitslose nach ausgewählten Personengruppen;ARBEITSLOS13;15 bis unter 25 Jahre;6029;Anzahl;ERWP06;Arbeitslose
13211;Arbeitsmarktstatistik der Bundesagentur für Arbeit;JAHR;Jahr;2024;DLAND;Bundesländer;03;Niedersachsen;ERWAQ7;Arbeitslose nach ausgewählten Personengruppen;ARBEITSLOS13;15 bis unter 25 Jahre;25886;Anzahl;ERWP06;Arbeitslose
13211;Arbeitsmarktstatistik der Bundesagentur für Arbeit;JAHR;Jahr;2019;DLAND;Bundesländer;08;Baden-Württemberg;ERWAQ7;Arbeitslose nach ausgewählten Personengruppen;ARBEITSLOS12;15 bis unter 20 Jahre;3067;Anzahl;ERWP06;Arbeitslose
13211;Arbeitsmarktstatistik der Bundesagentur für Arbeit;JAHR;Jahr;2019;DLAND;Bundesländer;01;Schleswig-Holstein;ERWAQ7;Arbeitslose nach ausgewählten Personengruppen;ARBEITSLOS13;15 bis unter 25 Jahre;7936;Anzahl;ERWP06;Arbeitslose
13211;Arbeitsmarktstatistik der Bundesagentur für Arbeit;JAHR;Jahr;2022;DLAND;Bundesländer;09;Bayern;ERWAQ7;Arbeitslose nach ausgewählten Personengruppen;ARBEITSLOS05;langzeitarbeitslos;62458;Anzahl;ERWP06;Arbeitslose
13211;Arbeitsmarktstatistik der Bundesagentur für Arbeit;JAHR;Jahr;2025;DLAND;Bundesländer;13;Mecklenburg-Vorpommern;ERWAQ7;Arbeitslose nach ausgewählten Personengruppen;ARBEITSLOS13;15 bis unter 25 Jahre;7170;Anzahl;ERWP06;Arbeitslose
13211;Arbeitsmarktstatistik der Bundesagentur für Arbeit;JAHR;Jahr;2023;DLAND;Bundesländer;02;Hamburg;ERWAQ7;Arbeitslose nach ausgewählten Personengruppen;ARBEITSLOS13;15 bis unter 25 Jahre;5895;Anzahl;ERWP06;Arbeitslose
13211;Arbeitsmarktstatistik der Bundesagentur für Arbeit;JAHR;Jahr;2018;DLAND;Bundesländer;07;Rheinland-Pfalz;ERWAQ7;Arbeitslose nach ausgewählten Personengruppen;ARBEITSLOS12;15 bis unter 20 Jahre;2170;Anzahl;ERWP06;Arbeitslose
13211;Arbeitsmarktstatistik der Bundesagentur für Arbeit;JAHR;Jahr;2019;DLAND;Bundesländer;08;Baden-Württemberg;ERWAQ7;Arbeitslose nach ausgewählten Personengruppen;ARBEITSLOS06;schwerbehindert;14095;Anzahl;ERWP06;Arbeitslose
13211;Arbeitsmarktstatistik der Bundesagentur für Arbeit;JAHR;Jahr;2018;DLAND;Bundesländer;11;Berlin;ERWAQ7;Arbeitslose nach ausgewählten Personengruppen;ARBEITSLOS13;15 bis unter 25 Jahre;12701;Anzahl;ERWP06;Arbeitslose
13211;Arbeitsmarktstatistik der Bundesagentur für Arbeit;JAHR;Jahr;2020;DLAND;Bundesländer;15;Sachsen-Anhalt;ERWAQ7;Arbeitslose nach ausgewählten Personengruppen;ARBEITSLOS06;schwerbehindert;3969;Anzahl;ERWP06;Arbeitslose
13211;Arbeitsmarktstatistik der Bundesagentur für Arbeit;JAHR;Jahr;2021;DLAND;Bundesländer;08;Baden-Württemberg;ERWAQ7;Arbeitslose nach ausgewählten Personengruppen;ARBEITSLOS05;langzeitarbeitslos;81954;Anzahl;ERWP06;Arbeitslose
13211;Arbeitsmarktstatistik der Bundesagentur für Arbeit;JAHR;Jahr;2021;DLAND;Bundesländer;01;Schleswig-Holstein;ERWAQ7;Arbeitslose nach ausgewählten Personengruppen;ARBEITSLOS12;15 bis unter 20 Jahre;1586;Anzahl;ERWP06;Arbeitslose
13211;Arbeitsmarktstatistik der Bundesagentur für Arbeit;JAHR;Jahr;2025;DLAND;Bundesländer;10;Saarland;ERWAQ7;Arbeitslose nach ausgewählten Personengruppen;ARBEITSLOS05;langzeitarbeitslos;13775;Anzahl;ERWP06;Arbeitslose
13211;Arbeitsmarktstatistik der Bundesagentur für Arbeit;JAHR;Jahr;2023;DLAND;Bundesländer;10;Saarland;ERWAQ7;Arbeitslose nach ausgewählten Personengruppen;ARBEITSLOS08;ausländisch;13259;Anzahl;ERWP06;Arbeitslose
13211;Arbeitsmarktstatistik der Bundesagentur für Arbeit;JAHR;Jahr;2023;DLAND;Bundesländer;16;Thüringen;ERWAQ7;Arbeitslose nach ausgewählten Personengruppen;ARBEITSLOS12;15 bis unter 20 Jahre;1754;Anzahl;ERWP06;Arbeitslose
13211;Arbeitsmarktstatistik der Bundesagentur für Arbeit;JAHR;Jahr;2021;DLAND;Bundesländer;05;Nordrhein-Westfalen;ERWAQ7;Arbeitslose nach ausgewählten Personengruppen;ARBEITSLOS06;schwerbehindert;52273;Anzahl;ERWP06;Arbeitslose
13211;Arbeitsmarktstatistik der Bundesagentur für Arbeit;JAHR;Jahr;2017;DLAND;Bundesländer;11;Berlin;ERWAQ7;Arbeitslose nach ausgewählten Personengruppen;ARBEITSLOS08;ausländisch;51150;Anzahl;ERWP06;Arbeitslose
13211;Arbeitsmarktstatistik der Bundesagentur für Arbeit;JAHR;Jahr;2021;DLAND;Bundesländer;08;Baden-Württemberg;ERWAQ7;Arbeitslose nach ausgewählten Personengruppen;ARBEITSLOS14;55 bis unter 65 Jahre;60120;Anzahl;ERWP06;Arbeitslose
13211;Arbeitsmarktstatistik der Bundesagentur für Arbeit;JAHR;Jahr;2025;DLAND;Bundesländer;07;Rheinland-Pfalz;ERWAQ7;Arbeitslose nach ausgewählten Personengruppen;ARBEITSLOS06;schwerbehindert;6804;Anzahl;ERWP06;Arbeitslose
13211;Arbeitsmarktstatistik der Bundesagentur für Arbeit;JAHR;Jahr;2024;DLAND;Bundesländer;08;Baden-Württemberg;ERWAQ7;Arbeitslose nach ausgewählten Personengruppen;ARBEITSLOS12;15 bis unter 20 Jahre;4959;Anzahl;ERWP06;Arbeitslose
13211;Arbeitsmarktstatistik der Bundesagentur für Arbeit;JAHR;Jahr;2017;DLAND;Bundesländer;08;Baden-Württemberg;ERWAQ7;Arbeitslose nach ausgewählten Personengruppen;ARBEITSLOS06;schwerbehindert;15048;Anzahl;ERWP06;Arbeitslose
13211;Arbeitsmarktstatistik der Bundesagentur für Arbeit;JAHR;Jahr;2025;DLAND;Bundesländer;12;Brandenburg;ERWAQ7;Arbeitslose nach ausgewählten Personengruppen;ARBEITSLOS14;55 bis unter 65 Jahre;22014;Anzahl;ERWP06;Arbeitslose
13211;Arbeitsmarktstatistik der Bundesagentur für Arbeit;JAHR;Jahr;2022;DLAND;Bundesländer;15;Sachsen-Anhalt;ERWAQ7;Arbeitslose nach ausgewählten Personengruppen;ARBEITSLOS06;schwerbehindert;3750;Anzahl;ERWP06;Arbeitslose
13211;Arbeitsmarktstatistik der Bundesagentur für Arbeit;JAHR;Jahr;2025;DLAND;Bundesländer;10;Saarland;ERWAQ7;Arbeitslose nach ausgewählten Personengruppen;ARBEITSLOS08;ausländisch;14492;Anzahl;ERWP06;Arbeitslose
13211;Arbeitsmarktstatistik der Bundesagentur für Arbeit;JAHR;Jahr;2023;DLAND;Bundesländer;03;Niedersachsen;ERWAQ7;Arbeitslose nach ausgewählten Personengruppen;ARBEITSLOS12;15 bis unter 20 Jahre;5162;Anzahl;ERWP06;Arbeitslose
13211;Arbeitsmarktstatistik der Bundesagentur für Arbeit;JAHR;Jahr;2018;DLAND;Bundesländer;12;Brandenburg;ERWAQ7;Arbeitslose nach ausgewählten Personengruppen;ARBEITSLOS08;ausländisch;8423;Anzahl;ERWP06;Arbeitslose
13211;Arbeitsmarktstatistik der Bundesagentur für Arbeit;JAHR;Jahr;2021;DLAND;Bundesländer;12;Brandenburg;ERWAQ7;Arbeitslose nach ausgewählten Personengruppen;ARBEITSLOS12;15 bis unter 20 Jahre;1348;Anzahl;ERWP06;Arbeitslose
13211;Arbeitsmarktstatistik der Bundesagentur für Arbeit;JAHR;Jahr;2018;DLAND;Bundesländer;05;Nordrhein-Westfalen;ERWAQ7;Arbeitslose nach ausgewählten Personengruppen;ARBEITSLOS06;schwerbehindert;47076;Anzahl;ERWP06;Arbeitslose
13211;Arbeitsmarktstatistik der Bundesagentur für Arbeit;JAHR;Jahr;2023;DLAND;Bundesländer;09;Bayern;ERWAQ7;Arbeitslose nach ausgewählten Personengruppen;ARBEITSLOS06;schwerbehindert;23497;Anzahl;ERWP06;Arbeitslose
13211;Arbeitsmarktstatistik der Bundesagentur für Arbeit;JAHR;Jahr;2020;DLAND;Bundesländer;11;Berlin;ERWAQ7;Arbeitslose nach ausgewählten Personengruppen;ARBEITSLOS12;15 bis unter 20 Jahre;4042;Anzahl;ERWP06;Arbeitslose
13211;Arbeitsmarktstatistik der Bundesagentur für Arbeit;JAHR;Jahr;2018;DLAND;Bundesländer;03;Niedersachsen;ERWAQ7;Arbeitslose nach ausgewählten Personengruppen;ARBEITSLOS12;15 bis unter 20 Jahre;4607;Anzahl;ERWP06;Arbeitslose
13211;Arbeitsmarktstatistik der Bundesagentur für Arbeit;JAHR;Jahr;2022;DLAND;Bundesländer;06;Hessen;ERWAQ7;Arbeitslose nach ausgewählten Personengruppen;ARBEITSLOS12;15 bis unter 20 Jahre;4106;Anzahl;ERWP06;Arbeitslose
13211;Arbeitsmarktstatistik der Bundesagentur für Arbeit;JAHR;Jahr;2017;DLAND;Bundesländer;10;Saarland;ERWAQ7;Arbeitslose nach ausgewählten Personengruppen;ARBEITSLOS13;15 bis unter 25 Jahre;2841;Anzahl;ERWP06;Arbeitslose
13211;Arbeitsmarktstatistik der Bundesagentur für Arbeit;JAHR;Jahr;2022;DLAND;Bundesländer;04;Bremen;ERWAQ7;Arbeitslose nach ausgewählten Personengruppen;ARBEITSLOS06;schwerbehindert;1481;Anzahl;ERWP06;Arbeitslose
13211;Arbeitsmarktstatistik der Bundesagentur für Arbeit;JAHR;Jahr;2025;DLAND;Bundesländer;01;Schleswig-Holstein;ERWAQ7;Arbeitslose nach ausgewählten Personengruppen;ARBEITSLOS14;55 bis unter 65 Jahre;21998;Anzahl;ERWP06;Arbeitslose
13211;Arbeitsmarktstatistik der Bundesagentur für Arbeit;JAHR;Jahr;2017;DLAND;Bundesländer;06;Hessen;ERWAQ7;Arbeitslose nach ausgewählten Personengruppen;ARBEITSLOS12;15 bis unter 20 Jahre;3617;Anzahl;ERWP06;Arbeitslose
13211;Arbeitsmarktstatistik der Bundesagentur für Arbeit;JAHR;Jahr;2020;DLAND;Bundesländer;09;Bayern;ERWAQ7;Arbeitslose nach ausgewählten Personengruppen;ARBEITSLOS05;langzeitarbeitslos;52005;Anzahl;ERWP06;Arbeitslose
13211;Arbeitsmarktstatistik der Bundesagentur für Arbeit;JAHR;Jahr;2024;DLAND;Bundesländer;13;Mecklenburg-Vorpommern;ERWAQ7;Arbeitslose nach ausgewählten Personengruppen;ARBEITSLOS08;ausländisch;11525;Anzahl;ERWP06;Arbeitslose
13211;Arbeitsmarktstatistik der Bundesagentur für Arbeit;JAHR;Jahr;2025;DLAND;Bundesländer;05;Nordrhein-Westfalen;ERWAQ7;Arbeitslose nach ausgewählten Personengruppen;ARBEITSLOS12;15 bis unter 20 Jahre;14877;Anzahl;ERWP06;Arbeitslose
13211;Arbeitsmarktstatistik der Bundesagentur für Arbeit;JAHR;Jahr;2019;DLAND;Bundesländer;16;Thüringen;ERWAQ7;Arbeitslose nach ausgewählten Personengruppen;ARBEITSLOS13;15 bis unter 25 Jahre;4920;Anzahl;ERWP06;Arbeitslose
13211;Arbeitsmarktstatistik der Bundesagentur für Arbeit;JAHR;Jahr;2023;DLAND;Bundesländer;15;Sachsen-Anhalt;ERWAQ7;Arbeitslose nach ausgewählten Personengruppen;ARBEITSLOS13;15 bis unter 25 Jahre;7629;Anzahl;ERWP06;Arbeitslose
13211;Arbeitsmarktstatistik der Bundesagentur für Arbeit;JAHR;Jahr;2020;DLAND;Bundesländer;02;Hamburg;ERWAQ7;Arbeitslose nach ausgewählten Personengruppen;ARBEITSLOS06;schwerbehindert;3439;Anzahl;ERWP06;Arbeitslose
13211;Arbeitsmarktstatistik der Bundesagentur für Arbeit;JAHR;Jahr;2017;DLAND;Bundesländer;09;Bayern;ERWAQ7;Arbeitslose nach ausgewählten Personengruppen;ARBEITSLOS14;55 bis unter 65 Jahre;54234;Anzahl;ERWP06;Arbeitslose
13211;Arbeitsmarktstatistik der Bundesagentur für Arbeit;JAHR;Jahr;2024;DLAND;Bundesländer;12;Brandenburg;ERWAQ7;Arbeitslose nach ausgewählten Personengruppen;ARBEITSLOS13;15 bis unter 25 Jahre;7591;Anzahl;ERWP06;Arbeitslose
13211;Arbeitsmarktstatistik der Bundesagentur für Arbeit;JAHR;Jahr;2024;DLAND;Bundesländer;02;Hamburg;ERWAQ7;Arbeitslose nach ausgewählten Personengruppen;ARBEITSLOS08;ausländisch;36404;Anzahl;ERWP06;Arbeitslose
13211;Arbeitsmarktstatistik der Bundesagentur für Arbeit;JAHR;Jahr;2025;DLAND;Bundesländer;11;Berlin;ERWAQ7;Arbeitslose nach ausgewählten Personengruppen;ARBEITSLOS13;15 bis unter 25 Jahre;17019;Anzahl;ERWP06;Arbeitslose
13211;Arbeitsmarktstatistik der Bundesagentur für Arbeit;JAHR;Jahr;2019;DLAND;Bundesländer;03;Niedersachsen;ERWAQ7;Arbeitslose nach ausgewählten Personengruppen;ARBEITSLOS13;15 bis unter 25 Jahre;22447;Anzahl;ERWP06;Arbeitslose
13211;Arbeitsmarktstatistik der Bundesagentur für Arbeit;JAHR;Jahr;2021;DLAND;Bundesländer;11;Berlin;ERWAQ7;Arbeitslose nach ausgewählten Personengruppen;ARBEITSLOS13;15 bis unter 25 Jahre;16682;Anzahl;ERWP06;Arbeitslose
13211;Arbeitsmarktstatistik der Bundesagentur für Arbeit;JAHR;Jahr;2022;DLAND;Bundesländer;11;Berlin;ERWAQ7;Arbeitslose nach ausgewählten Personengruppen;ARBEITSLOS08;ausländisch;71790;Anzahl;ERWP06;Arbeitslose
13211;Arbeitsmarktstatistik der Bundesagentur für Arbeit;JAHR;Jahr;2023;DLAND;Bundesländer;04;Bremen;ERWAQ7;Arbeitslose nach ausgewählten Personengruppen;ARBEITSLOS13;15 bis unter 25 Jahre;3341;Anzahl;ERWP06;Arbeitslose
13211;Arbeitsmarktstatistik der Bundesagentur für Arbeit;JAHR;Jahr;2020;DLAND;Bundesländer;13;Mecklenburg-Vorpommern;ERWAQ7;Arbeitslose nach ausgewählten Personengruppen;ARBEITSLOS06;schwerbehindert;4143;Anzahl;ERWP06;Arbeitslose
13211;Arbeitsmarktstatistik der Bundesagentur für Arbeit;JAHR;Jahr;2021;DLAND;Bundesländer;06;Hessen;ERWAQ7;Arbeitslose nach ausgewählten Personengruppen;ARBEITSLOS05;langzeitarbeitslos;66414;Anzahl;ERWP06;Arbeitslose
13211;Arbeitsmarktstatistik der Bundesagentur für Arbeit;JAHR;Jahr;2018;DLAND;Bundesländer;10;Saarland;ERWAQ7;Arbeitslose nach ausgewählten Personengruppen;ARBEITSLOS14;55 bis unter 65 Jahre;6764;Anzahl;ERWP06;Arbeitslose
13211;Arbeitsmarktstatistik der Bundesagentur für Arbeit;JAHR;Jahr;2019;DLAND;Bundesländer;09;Bayern;ERWAQ7;Arbeitslose nach ausgewählten Personengruppen;ARBEITSLOS05;langzeitarbeitslos;43954;Anzahl;ERWP06;Arbeitslose
13211;Arbeitsmarktstatistik der Bundesagentur für Arbeit;JAHR;Jahr;2024;DLAND;Bundesländer;01;Schleswig-Holstein;ERWAQ7;Arbeitslose nach ausgewählten Personengruppen;ARBEITSLOS13;15 bis unter 25 Jahre;9359;Anzahl;ERWP06;Arbeitslose
13211;Arbeitsmarktstatistik der Bundesagentur für Arbeit;JAHR;Jahr;2023;DLAND;Bundesländer;14;Sachsen;ERWAQ7;Arbeitslose nach ausgewählten Personengruppen;ARBEITSLOS12;15 bis unter 20 Jahre;2965;Anzahl;ERWP06;Arbeitslose
13211;Arbeitsmarktstatistik der Bundesagentur für Arbeit;JAHR;Jahr;2018;DLAND;Bundesländer;16;Thüringen;ERWAQ7;Arbeitslose nach ausgewählten Personengruppen;ARBEITSLOS06;schwerbehindert;4876;Anzahl;ERWP06;Arbeitslose
13211;Arbeitsmarktstatistik der Bundesagentur für Arbeit;JAHR;Jahr;2018;DLAND;Bundesländer;16;Thüringen;ERWAQ7;Arbeitslose nach ausgewählten Personengruppen;ARBEITSLOS12;15 bis unter 20 Jahre;1291;Anzahl;ERWP06;Arbeitslose
13211;Arbeitsmarktstatistik der Bundesagentur für Arbeit;JAHR;Jahr;2021;DLAND;Bundesländer;07;Rheinland-Pfalz;ERWAQ7;Arbeitslose nach ausgewählten Personengruppen;ARBEITSLOS06;schwerbehindert;6803;Anzahl;ERWP06;Arbeitslose
13211;Arbeitsmarktstatistik der Bundesagentur für Arbeit;JAHR;Jahr;2024;DLAND;Bundesländer;13;Mecklenburg-Vorpommern;ERWAQ7;Arbeitslose nach ausgewählten Personengruppen;ARBEITSLOS14;55 bis unter 65 Jahre;17222;Anzahl;ERWP06;Arbeitslose
13211;Arbeitsmarktstatistik der Bundesagentur für Arbeit;JAHR;Jahr;2022;DLAND;Bundesländer;11;Berlin;ERWAQ7;Arbeitslose nach ausgewählten Personengruppen;ARBEITSLOS12;15 bis unter 20 Jahre;3971;Anzahl;ERWP06;Arbeitslose
13211;Arbeitsmarktstatistik der Bundesagentur für Arbeit;JAHR;Jahr;2023;DLAND;Bundesländer;10;Saarland;ERWAQ7;Arbeitslose nach ausgewählten Personengruppen;ARBEITSLOS05;langzeitarbeitslos;12719;Anzahl;ERWP06;Arbeitslose
13211;Arbeitsmarktstatistik der Bundesagentur für Arbeit;JAHR;Jahr;2021;DLAND;Bundesländer;06;Hessen;ERWAQ7;Arbeitslose nach ausgewählten Personengruppen;ARBEITSLOS14;55 bis unter 65 Jahre;36116;Anzahl;ERWP06;Arbeitslose
13211;Arbeitsmarktstatistik der Bundesagentur für Arbeit;JAHR;Jahr;2021;DLAND;Bundesländer;08;Baden-Württemberg;ERWAQ7;Arbeitslose nach ausgewählten Personengruppen;ARBEITSLOS08;ausländisch;87137;Anzahl;ERWP06;Arbeitslose
13211;Arbeitsmarktstatistik der Bundesagentur für Arbeit;JAHR;Jahr;2020;DLAND;Bundesländer;05;Nordrhein-Westfalen;ERWAQ7;Arbeitslose nach ausgewählten Personengruppen;ARBEITSLOS14;55 bis unter 65 Jahre;143117;Anzahl;ERWP06;Arbeitslose
13211;Arbeitsmarktstatistik der Bundesagentur für Arbeit;JAHR;Jahr;2017;DLAND;Bundesländer;11;Berlin;ERWAQ7;Arbeitslose nach ausgewählten Personengruppen;ARBEITSLOS14;55 bis unter 65 Jahre;27754;Anzahl;ERWP06;Arbeitslose
13211;Arbeitsmarktstatistik der Bundesagentur für Arbeit;JAHR;Jahr;2023;DLAND;Bundesländer;01;Schleswig-Holstein;ERWAQ7;Arbeitslose nach ausgewählten Personengruppen;ARBEITSLOS12;15 bis unter 20 Jahre;1930;Anzahl;ERWP06;Arbeitslose
13211;Arbeitsmarktstatistik der Bundesagentur für Arbeit;JAHR;Jahr;2020;DLAND;Bundesländer;07;Rheinland-Pfalz;ERWAQ7;Arbeitslose nach ausgewählten Personengruppen;ARBEITSLOS08;ausländisch;33221;Anzahl;ERWP06;Arbeitslose
13211;Arbeitsmarktstatistik der Bundesagentur für Arbeit;JAHR;Jahr;2022;DLAND;Bundesländer;11;Berlin;ERWAQ7;Arbeitslose nach ausgewählten Personengruppen;ARBEITSLOS14;55 bis unter 65 Jahre;32042;Anzahl;ERWP06;Arbeitslose
13211;Arbeitsmarktstatistik der Bundesagentur für Arbeit;JAHR;Jahr;2022;DLAND;Bundesländer;03;Niedersachsen;ERWAQ7;Arbeitslose nach ausgewählten Personengruppen;ARBEITSLOS13;15 bis unter 25 Jahre;21716;Anzahl;ERWP06;Arbeitslose
13211;Arbeitsmarktstatistik der Bundesagentur für Arbeit;JAHR;Jahr;2020;DLAND;Bundesländer;16;Thüringen;ERWAQ7;Arbeitslose nach ausgewählten Personengruppen;ARBEITSLOS14;55 bis unter 65 Jahre;17521;Anzahl;ERWP06;Arbeitslose
13211;Arbeitsmarktstatistik der Bundesagentur für Arbeit;JAHR;Jahr;2017;DLAND;Bundesländer;08;Baden-Württemberg;ERWAQ7;Arbeitslose nach ausgewählten Personengruppen;ARBEITSLOS12;15 bis unter 20 Jahre;3390;Anzahl;ERWP06;Arbeitslose
13211;Arbeitsmarktstatistik der Bundesagentur für Arbeit;JAHR;Jahr;2022;DLAND;Bundesländer;13;Mecklenburg-Vorpommern;ERWAQ7;Arbeitslose nach ausgewählten Personengruppen;ARBEITSLOS06;schwerbehindert;4051;Anzahl;ERWP06;Arbeitslose
13211;Arbeitsmarktstatistik der Bundesagentur für Arbeit;JAHR;Jahr;2020;DLAND;Bundesländer;06;Hessen;ERWAQ7;Arbeitslose nach ausgewählten Personengruppen;ARBEITSLOS12;15 bis unter 20 Jahre;3781;Anzahl;ERWP06;Arbeitslose
13211;Arbeitsmarktstatistik der Bundesagentur für Arbeit;JAHR;Jahr;2020;DLAND;Bundesländer;03;Niedersachsen;ERWAQ7;Arbeitslose nach ausgewählten Personengruppen;ARBEITSLOS05;langzeitarbeitslos;80872;Anzahl;ERWP06;Arbeitslose
13211;Arbeitsmarktstatistik der Bundesagentur für Arbeit;JAHR;Jahr;2020;DLAND;Bundesländer;08;Baden-Württemberg;ERWAQ7;Arbeitslose nach ausgewählten Personengruppen;ARBEITSLOS13;15 bis unter 25 Jahre;25517;Anzahl;ERWP06;Arbeitslose
13211;Arbeitsmarktstatistik der Bundesagentur für Arbeit;JAHR;Jahr;2024;DLAND;Bundesländer;09;Bayern;ERWAQ7;Arbeitslose nach ausgewählten Personengruppen;ARBEITSLOS05;langzeitarbeitslos;67614;Anzahl;ERWP06;Arbeitslose
13211;Arbeitsmarktstatistik der Bundesagentur für Arbeit;JAHR;Jahr;2019;DLAND;Bundesländer;15;Sachsen-Anhalt;ERWAQ7;Arbeitslose nach ausgewählten Personengruppen;ARBEITSLOS06;schwerbehindert;3770;Anzahl;ERWP06;Arbeitslose
13211;Arbeitsmarktstatistik der Bundesagentur für Arbeit;JAHR;Jahr;2021;DLAND;Bundesländer;01;Schleswig-Holstein;ERWAQ7;Arbeitslose nach ausgewählten Personengruppen;ARBEITSLOS06;schwerbehindert;5290;Anzahl;ERWP06;Arbeitslose
13211;Arbeitsmarktstatistik der Bundesagentur für Arbeit;JAHR;Jahr;2019;DLAND;Bundesländer;15;Sachsen-Anhalt;ERWAQ7;Arbeitslose nach ausgewählten Personengruppen;ARBEITSLOS12;15 bis unter 20 Jahre;1677;Anzahl;ERWP06;Arbeitslose
13211;Arbeitsmarktstatistik der Bundesagentur für Arbeit;JAHR;Jahr;2023;DLAND;Bundesländer;03;Niedersachsen;ERWAQ7;Arbeitslose nach ausgewählten Personengruppen;ARBEITSLOS08;ausländisch;90651;Anzahl;ERWP06;Arbeitslose
13211;Arbeitsmarktstatistik der Bundesagentur für Arbeit;JAHR;Jahr;2022;DLAND;Bundesländer;16;Thüringen;ERWAQ7;Arbeitslose nach ausgewählten Personengruppen;ARBEITSLOS13;15 bis unter 25 Jahre;5097;Anzahl;ERWP06;Arbeitslose
13211;Arbeitsmarktstatistik der Bundesagentur für Arbeit;JAHR;Jahr;2020;DLAND;Bundesländer;08;Baden-Württemberg;ERWAQ7;Arbeitslose nach ausgewählten Personengruppen;ARBEITSLOS06;schwerbehindert;16228;Anzahl;ERWP06;Arbeitslose
13211;Arbeitsmarktstatistik der Bundesagentur für Arbeit;JAHR;Jahr;2021;DLAND;Bundesländer;15;Sachsen-Anhalt;ERWAQ7;Arbeitslose nach ausgewählten Personengruppen;ARBEITSLOS05;langzeitarbeitslos;33412;Anzahl;ERWP06;Arbeitslose
13211;Arbeitsmarktstatistik der Bundesagentur für Arbeit;JAHR;Jahr;2024;DLAND;Bundesländer;10;Saarland;ERWAQ7;Arbeitslose nach ausgewählten Personengruppen;ARBEITSLOS13;15 bis unter 25 Jahre;2979;Anzahl;ERWP06;Arbeitslose
13211;Arbeitsmarktstatistik der Bundesagentur für Arbeit;JAHR;Jahr;2017;DLAND;Bundesländer;07;Rheinland-Pfalz;ERWAQ7;Arbeitslose nach ausgewählten Personengruppen;ARBEITSLOS05;langzeitarbeitslos;33604;Anzahl;ERWP06;Arbeitslose
13211;Arbeitsmarktstatistik der Bundesagentur für Arbeit;JAHR;Jahr;2022;DLAND;Bundesländer;02;Hamburg;ERWAQ7;Arbeitslose nach ausgewählten Personengruppen;ARBEITSLOS06;schwerbehindert;3419;Anzahl;ERWP06;Arbeitslose
13211;Arbeitsmarktstatistik der Bundesagentur für Arbeit;JAHR;Jahr;2020;DLAND;Bundesländer;14;Sachsen;ERWAQ7;Arbeitslose nach ausgewählten Personengruppen;ARBEITSLOS05;langzeitarbeitslos;41303;Anzahl;ERWP06;Arbeitslose
13211;Arbeitsmarktstatistik der Bundesagentur für Arbeit;JAHR;Jahr;2022;DLAND;Bundesländer;13;Mecklenburg-Vorpommern;ERWAQ7;Arbeitslose nach ausgewählten Personengruppen;ARBEITSLOS08;ausländisch;8404;Anzahl;ERWP06;Arbeitslose
13211;Arbeitsmarktstatistik der Bundesagentur für Arbeit;JAHR;Jahr;2019;DLAND;Bundesländer;05;Nordrhein-Westfalen;ERWAQ7;Arbeitslose nach ausgewählten Personengruppen;ARBEITSLOS13;15 bis unter 25 Jahre;55119;Anzahl;ERWP06;Arbeitslose
13211;Arbeitsmarktstatistik der Bundesagentur für Arbeit;JAHR;Jahr;2018;DLAND;Bundesländer;06;Hessen;ERWAQ7;Arbeitslose nach ausgewählten Personengruppen;ARBEITSLOS05;langzeitarbeitslos;53568;Anzahl;ERWP06;Arbeitslose
13211;Arbeitsmarktstatistik der Bundesagentur für Arbeit;JAHR;Jahr;2021;DLAND;Bundesländer;13;Mecklenburg-Vorpommern;ERWAQ7;Arbeitslose nach ausgewählten Personengruppen;ARBEITSLOS13;15 bis unter 25 Jahre;5865;Anzahl;ERWP06;Arbeitslose
13211;Arbeitsmarktstatistik der Bundesagentur für Arbeit;JAHR;Jahr;2021;DLAND;Bundesländer;12;Brandenburg;ERWAQ7;Arbeitslose nach ausgewählten Personengruppen;ARBEITSLOS06;schwerbehindert;4343;Anzahl;ERWP06;Arbeitslose
13211;Arbeitsmarktstatistik der Bundesagentur für Arbeit;JAHR;Jahr;2019;DLAND;Bundesländer;04;Bremen;ERWAQ7;Arbeitslose nach ausgewählten Personengruppen;ARBEITSLOS06;schwerbehindert;1534;Anzahl;ERWP06;Arbeitslose
13211;Arbeitsmarktstatistik der Bundesagentur für Arbeit;JAHR;Jahr;2019;DLAND;Bundesländer;04;Bremen;ERWAQ7;Arbeitslose nach ausgewählten Personengruppen;ARBEITSLOS12;15 bis unter 20 Jahre;648;Anzahl;ERWP06;Arbeitslose
13211;Arbeitsmarktstatistik der Bundesagentur für Arbeit;JAHR;Jahr;2021;DLAND;Bundesländer;05;Nordrhein-Westfalen;ERWAQ7;Arbeitslose nach ausgewählten Personengruppen;ARBEITSLOS12;15 bis unter 20 Jahre;10675;Anzahl;ERWP06;Arbeitslose
13211;Arbeitsmarktstatistik der Bundesagentur für Arbeit;JAHR;Jahr;2023;DLAND;Bundesländer;14;Sachsen;ERWAQ7;Arbeitslose nach ausgewählten Personengruppen;ARBEITSLOS08;ausländisch;32084;Anzahl;ERWP06;Arbeitslose
13211;Arbeitsmarktstatistik der Bundesagentur für Arbeit;JAHR;Jahr;2019;DLAND;Bundesländer;07;Rheinland-Pfalz;ERWAQ7;Arbeitslose nach ausgewählten Personengruppen;ARBEITSLOS05;langzeitarbeitslos;27540;Anzahl;ERWP06;Arbeitslose
13211;Arbeitsmarktstatistik der Bundesagentur für Arbeit;JAHR;Jahr;2021;DLAND;Bundesländer;04;Bremen;ERWAQ7;Arbeitslose nach ausgewählten Personengruppen;ARBEITSLOS05;langzeitarbeitslos;18717;Anzahl;ERWP06;Arbeitslose
13211;Arbeitsmarktstatistik der Bundesagentur für Arbeit;JAHR;Jahr;2023;DLAND;Bundesländer;10;Saarland;ERWAQ7;Arbeitslose nach ausgewählten Personengruppen;ARBEITSLOS14;55 bis unter 65 Jahre;8594;Anzahl;ERWP06;Arbeitslose
13211;Arbeitsmarktstatistik der Bundesagentur für Arbeit;JAHR;Jahr;2023;DLAND;Bundesländer;12;Brandenburg;ERWAQ7;Arbeitslose nach ausgewählten Personengruppen;ARBEITSLOS12;15 bis unter 20 Jahre;1628;Anzahl;ERWP06;Arbeitslose
13211;Arbeitsmarktstatistik der Bundesagentur für Arbeit;JAHR;Jahr;2021;DLAND;Bundesländer;02;Hamburg;ERWAQ7;Arbeitslose nach ausgewählten Personengruppen;ARBEITSLOS13;15 bis unter 25 Jahre;6206;Anzahl;ERWP06;Arbeitslose
13211;Arbeitsmarktstatistik der Bundesagentur für Arbeit;JAHR;Jahr;2022;DLAND;Bundesländer;13;Mecklenburg-Vorpommern;ERWAQ7;Arbeitslose nach ausgewählten Personengruppen;ARBEITSLOS12;15 bis unter 20 Jahre;1463;Anzahl;ERWP06;Arbeitslose
13211;Arbeitsmarktstatistik der Bundesagentur für Arbeit;JAHR;Jahr;2024;DLAND;Bundesländer;11;Berlin;ERWAQ7;Arbeitslose nach ausgewählten Personengruppen;ARBEITSLOS14;55 bis unter 65 Jahre;35383;Anzahl;ERWP06;Arbeitslose
13211;Arbeitsmarktstatistik der Bundesagentur für Arbeit;JAHR;Jahr;2022;DLAND;Bundesländer;11;Berlin;ERWAQ7;Arbeitslose nach ausgewählten Personengruppen;ARBEITSLOS05;langzeitarbeitslos;65486;Anzahl;ERWP06;Arbeitslose
13211;Arbeitsmarktstatistik der Bundesagentur für Arbeit;JAHR;Jahr;2023;DLAND;Bundesländer;10;Saarland;ERWAQ7;Arbeitslose nach ausgewählten Personengruppen;ARBEITSLOS12;15 bis unter 20 Jahre;598;Anzahl;ERWP06;Arbeitslose
13211;Arbeitsmarktstatistik der Bundesagentur für Arbeit;JAHR;Jahr;2023;DLAND;Bundesländer;14;Sachsen;ERWAQ7;Arbeitslose nach ausgewählten Personengruppen;ARBEITSLOS14;55 bis unter 65 Jahre;34729;Anzahl;ERWP06;Arbeitslose
13211;Arbeitsmarktstatistik der Bundesagentur für Arbeit;JAHR;Jahr;2021;DLAND;Bundesländer;04;Bremen;ERWAQ7;Arbeitslose nach ausgewählten Personengruppen;ARBEITSLOS14;55 bis unter 65 Jahre;6621;Anzahl;ERWP06;Arbeitslose
13211;Arbeitsmarktstatistik der Bundesagentur für Arbeit;JAHR;Jahr;2021;DLAND;Bundesländer;06;Hessen;ERWAQ7;Arbeitslose nach ausgewählten Personengruppen;ARBEITSLOS08;ausländisch;70296;Anzahl;ERWP06;Arbeitslose
13211;Arbeitsmarktstatistik der Bundesagentur für Arbeit;JAHR;Jahr;2018;DLAND;Bundesländer;09;Bayern;ERWAQ7;Arbeitslose nach ausgewählten Personengruppen;ARBEITSLOS06;schwerbehindert;20690;Anzahl;ERWP06;Arbeitslose
13211;Arbeitsmarktstatistik der Bundesagentur für Arbeit;JAHR;Jahr;2021;DLAND;Bundesländer;16;Thüringen;ERWAQ7;Arbeitslose nach ausgewählten Personengruppen;ARBEITSLOS12;15 bis unter 20 Jahre;1160;Anzahl;ERWP06;Arbeitslose
13211;Arbeitsmarktstatistik der Bundesagentur für Arbeit;JAHR;Jahr;2020;DLAND;Bundesländer;15;Sachsen-Anhalt;ERWAQ7;Arbeitslose nach ausgewählten Personengruppen;ARBEITSLOS12;15 bis unter 20 Jahre;1703;Anzahl;ERWP06;Arbeitslose
13211;Arbeitsmarktstatistik der Bundesagentur für Arbeit;JAHR;Jahr;2022;DLAND;Bundesländer;13;Mecklenburg-Vorpommern;ERWAQ7;Arbeitslose nach ausgewählten Personengruppen;ARBEITSLOS14;55 bis unter 65 Jahre;15978;Anzahl;ERWP06;Arbeitslose
13211;Arbeitsmarktstatistik der Bundesagentur für Arbeit;JAHR;Jahr;2021;DLAND;Bundesländer;14;Sachsen;ERWAQ7;Arbeitslose nach ausgewählten Personengruppen;ARBEITSLOS06;schwerbehindert;8437;Anzahl;ERWP06;Arbeitslose
13211;Arbeitsmarktstatistik der Bundesagentur für Arbeit;JAHR;Jahr;2020;DLAND;Bundesländer;07;Rheinland-Pfalz;ERWAQ7;Arbeitslose nach ausgewählten Personengruppen;ARBEITSLOS14;55 bis unter 65 Jahre;26227;Anzahl;ERWP06;Arbeitslose
13211;Arbeitsmarktstatistik der Bundesagentur für Arbeit;JAHR;Jahr;2019;DLAND;Bundesländer;09;Bayern;ERWAQ7;Arbeitslose nach ausgewählten Personengruppen;ARBEITSLOS13;15 bis unter 25 Jahre;20788;Anzahl;ERWP06;Arbeitslose
13211;Arbeitsmarktstatistik der Bundesagentur für Arbeit;JAHR;Jahr;2022;DLAND;Bundesländer;02;Hamburg;ERWAQ7;Arbeitslose nach ausgewählten Personengruppen;ARBEITSLOS12;15 bis unter 20 Jahre;1059;Anzahl;ERWP06;Arbeitslose
13211;Arbeitsmarktstatistik der Bundesagentur für Arbeit;JAHR;Jahr;2020;DLAND;Bundesländer;09;Bayern;ERWAQ7;Arbeitslose nach ausgewählten Personengruppen;ARBEITSLOS08;ausländisch;85708;Anzahl;ERWP06;Arbeitslose
13211;Arbeitsmarktstatistik der Bundesagentur für Arbeit;JAHR;Jahr;2017;DLAND;Bundesländer;09;Bayern;ERWAQ7;Arbeitslose nach ausgewählten Personengruppen;ARBEITSLOS05;langzeitarbeitslos;55588;Anzahl;ERWP06;Arbeitslose
13211;Arbeitsmarktstatistik der Bundesagentur für Arbeit;JAHR;Jahr;2022;DLAND;Bundesländer;01;Schleswig-Holstein;ERWAQ7;Arbeitslose nach ausgewählten Personengruppen;ARBEITSLOS13;15 bis unter 25 Jahre;7379;Anzahl;ERWP06;Arbeitslose
13211;Arbeitsmarktstatistik der Bundesagentur für Arbeit;JAHR;Jahr;2025;DLAND;Bundesländer;09;Bayern;ERWAQ7;Arbeitslose nach ausgewählten Personengruppen;ARBEITSLOS12;15 bis unter 20 Jahre;7350;Anzahl;ERWP06;Arbeitslose
13211;Arbeitsmarktstatistik der Bundesagentur für Arbeit;JAHR;Jahr;2022;DLAND;Bundesländer;11;Berlin;ERWAQ7;Arbeitslose nach ausgewählten Personengruppen;ARBEITSLOS06;schwerbehindert;8054;Anzahl;ERWP06;Arbeitslose
13211;Arbeitsmarktstatistik der Bundesagentur für Arbeit;JAHR;Jahr;2025;DLAND;Bundesländer;08;Baden-Württemberg;ERWAQ7;Arbeitslose nach ausgewählten Personengruppen;ARBEITSLOS05;langzeitarbeitslos;88326;Anzahl;ERWP06;Arbeitslose
13211;Arbeitsmarktstatistik der Bundesagentur für Arbeit;JAHR;Jahr;2020;DLAND;Bundesländer;04;Bremen;ERWAQ7;Arbeitslose nach ausgewählten Personengruppen;ARBEITSLOS12;15 bis unter 20 Jahre;744;Anzahl;ERWP06;Arbeitslose
13211;Arbeitsmarktstatistik der Bundesagentur für Arbeit;JAHR;Jahr;2022;DLAND;Bundesländer;02;Hamburg;ERWAQ7;Arbeitslose nach ausgewählten Personengruppen;ARBEITSLOS08;ausländisch;28419;Anzahl;ERWP06;Arbeitslose
13211;Arbeitsmarktstatistik der Bundesagentur für Arbeit;JAHR;Jahr;2022;DLAND;Bundesländer;02;Hamburg;ERWAQ7;Arbeitslose nach ausgewählten Personengruppen;ARBEITSLOS14;55 bis unter 65 Jahre;13856;Anzahl;ERWP06;Arbeitslose
13211;Arbeitsmarktstatistik der Bundesagentur für Arbeit;JAHR;Jahr;2020;DLAND;Bundesländer;05;Nordrhein-Westfalen;ERWAQ7;Arbeitslose nach ausgewählten Personengruppen;ARBEITSLOS05;langzeitarbeitslos;272900;Anzahl;ERWP06;Arbeitslose
13211;Arbeitsmarktstatistik der Bundesagentur für Arbeit;JAHR;Jahr;2020;DLAND;Bundesländer;06;Hessen;ERWAQ7;Arbeitslose nach ausgewählten Personengruppen;ARBEITSLOS13;15 bis unter 25 Jahre;19033;Anzahl;ERWP06;Arbeitslose
13211;Arbeitsmarktstatistik der Bundesagentur für Arbeit;JAHR;Jahr;2019;DLAND;Bundesländer;09;Bayern;ERWAQ7;Arbeitslose nach ausgewählten Personengruppen;ARBEITSLOS08;ausländisch;63265;Anzahl;ERWP06;Arbeitslose
13211;Arbeitsmarktstatistik der Bundesagentur für Arbeit;JAHR;Jahr;2023;DLAND;Bundesländer;01;Schleswig-Holstein;ERWAQ7;Arbeitslose nach ausgewählten Personengruppen;ARBEITSLOS08;ausländisch;27690;Anzahl;ERWP06;Arbeitslose
13211;Arbeitsmarktstatistik der Bundesagentur für Arbeit;JAHR;Jahr;2020;DLAND;Bundesländer;06;Hessen;ERWAQ7;Arbeitslose nach ausgewählten Personengruppen;ARBEITSLOS06;schwerbehindert;12115;Anzahl;ERWP06;Arbeitslose
13211;Arbeitsmarktstatistik der Bundesagentur für Arbeit;JAHR;Jahr;2021;DLAND;Bundesländer;13;Mecklenburg-Vorpommern;ERWAQ7;Arbeitslose nach ausgewählten Personengruppen;ARBEITSLOS05;langzeitarbeitslos;25819;Anzahl;ERWP06;Arbeitslose
13211;Arbeitsmarktstatistik der Bundesagentur für Arbeit;JAHR;Jahr;2022;DLAND;Bundesländer;14;Sachsen;ERWAQ7;Arbeitslose nach ausgewählten Personengruppen;ARBEITSLOS13;15 bis unter 25 Jahre;9911;Anzahl;ERWP06;Arbeitslose
13211;Arbeitsmarktstatistik der Bundesagentur für Arbeit;JAHR;Jahr;2023;DLAND;Bundesländer;01;Schleswig-Holstein;ERWAQ7;Arbeitslose nach ausgewählten Personengruppen;ARBEITSLOS14;55 bis unter 65 Jahre;19884;Anzahl;ERWP06;Arbeitslose
13211;Arbeitsmarktstatistik der Bundesagentur für Arbeit;JAHR;Jahr;2021;DLAND;Bundesländer;15;Sachsen-Anhalt;ERWAQ7;Arbeitslose nach ausgewählten Personengruppen;ARBEITSLOS13;15 bis unter 25 Jahre;7125;Anzahl;ERWP06;Arbeitslose
13211;Arbeitsmarktstatistik der Bundesagentur für Arbeit;JAHR;Jahr;2022;DLAND;Bundesländer;15;Sachsen-Anhalt;ERWAQ7;Arbeitslose nach ausgewählten Personengruppen;ARBEITSLOS08;ausländisch;12455;Anzahl;ERWP06;Arbeitslose
13211;Arbeitsmarktstatistik der Bundesagentur für Arbeit;JAHR;Jahr;2019;DLAND;Bundesländer;07;Rheinland-Pfalz;ERWAQ7;Arbeitslose nach ausgewählten Personengruppen;ARBEITSLOS13;15 bis unter 25 Jahre;10041;Anzahl;ERWP06;Arbeitslose
13211;Arbeitsmarktstatistik der Bundesagentur für Arbeit;JAHR;Jahr;2018;DLAND;Bundesländer;08;Baden-Württemberg;ERWAQ7;Arbeitslose nach ausgewählten Personengruppen;ARBEITSLOS05;langzeitarbeitslos;55067;Anzahl;ERWP06;Arbeitslose
13211;Arbeitsmarktstatistik der Bundesagentur für Arbeit;JAHR;Jahr;2020;DLAND;Bundesländer;16;Thüringen;ERWAQ7;Arbeitslose nach ausgewählten Personengruppen;ARBEITSLOS05;langzeitarbeitslos;20225;Anzahl;ERWP06;Arbeitslose
13211;Arbeitsmarktstatistik der Bundesagentur für Arbeit;JAHR;Jahr;2018;DLAND;Bundesländer;09;Bayern;ERWAQ7;Arbeitslose nach ausgewählten Personengruppen;ARBEITSLOS12;15 bis unter 20 Jahre;4817;Anzahl;ERWP06;Arbeitslose
13211;Arbeitsmarktstatistik der Bundesagentur für Arbeit;JAHR;Jahr;2019;DLAND;Bundesländer;06;Hessen;ERWAQ7;Arbeitslose nach ausgewählten Personengruppen;ARBEITSLOS06;schwerbehindert;10975;Anzahl;ERWP06;Arbeitslose
13211;Arbeitsmarktstatistik der Bundesagentur für Arbeit;JAHR;Jahr;2019;DLAND;Bundesländer;05;Nordrhein-Westfalen;ERWAQ7;Arbeitslose nach ausgewählten Personengruppen;ARBEITSLOS05;langzeitarbeitslos;245814;Anzahl;ERWP06;Arbeitslose
13211;Arbeitsmarktstatistik der Bundesagentur für Arbeit;JAHR;Jahr;2019;DLAND;Bundesländer;06;Hessen;ERWAQ7;Arbeitslose nach ausgewählten Personengruppen;ARBEITSLOS12;15 bis unter 20 Jahre;3298;Anzahl;ERWP06;Arbeitslose
13211;Arbeitsmarktstatistik der Bundesagentur für Arbeit;JAHR;Jahr;2021;DLAND;Bundesländer;03;Niedersachsen;ERWAQ7;Arbeitslose nach ausgewählten Personengruppen;ARBEITSLOS12;15 bis unter 20 Jahre;4155;Anzahl;ERWP06;Arbeitslose
13211;Arbeitsmarktstatistik der Bundesagentur für Arbeit;JAHR;Jahr;2021;DLAND;Bundesländer;02;Hamburg;ERWAQ7;Arbeitslose nach ausgewählten Personengruppen;ARBEITSLOS05;langzeitarbeitslos;27916;Anzahl;ERWP06;Arbeitslose
13211;Arbeitsmarktstatistik der Bundesagentur für Arbeit;JAHR;Jahr;2023;DLAND;Bundesländer;12;Brandenburg;ERWAQ7;Arbeitslose nach ausgewählten Personengruppen;ARBEITSLOS08;ausländisch;16762;Anzahl;ERWP06;Arbeitslose
13211;Arbeitsmarktstatistik der Bundesagentur für Arbeit;JAHR;Jahr;2019;DLAND;Bundesländer;09;Bayern;ERWAQ7;Arbeitslose nach ausgewählten Personengruppen;ARBEITSLOS14;55 bis unter 65 Jahre;52098;Anzahl;ERWP06;Arbeitslose
13211;Arbeitsmarktstatistik der Bundesagentur für Arbeit;JAHR;Jahr;2023;DLAND;Bundesländer;12;Brandenburg;ERWAQ7;Arbeitslose nach ausgewählten Personengruppen;ARBEITSLOS14;55 bis unter 65 Jahre;21267;Anzahl;ERWP06;Arbeitslose
13211;Arbeitsmarktstatistik der Bundesagentur für Arbeit;JAHR;Jahr;2021;DLAND;Bundesländer;04;Bremen;ERWAQ7;Arbeitslose nach ausgewählten Personengruppen;ARBEITSLOS13;15 bis unter 25 Jahre;3677;Anzahl;ERWP06;Arbeitslose
13211;Arbeitsmarktstatistik der Bundesagentur für Arbeit;JAHR;Jahr;2021;DLAND;Bundesländer;03;Niedersachsen;ERWAQ7;Arbeitslose nach ausgewählten Personengruppen;ARBEITSLOS06;schwerbehindert;13310;Anzahl;ERWP06;Arbeitslose
13211;Arbeitsmarktstatistik der Bundesagentur für Arbeit;JAHR;Jahr;2023;DLAND;Bundesländer;11;Berlin;ERWAQ7;Arbeitslose nach ausgewählten Personengruppen;ARBEITSLOS13;15 bis unter 25 Jahre;14716;Anzahl;ERWP06;Arbeitslose
13211;Arbeitsmarktstatistik der Bundesagentur für Arbeit;JAHR;Jahr;2018;DLAND;Bundesländer;05;Nordrhein-Westfalen;ERWAQ7;Arbeitslose nach ausgewählten Personengruppen;ARBEITSLOS14;55 bis unter 65 Jahre;129472;Anzahl;ERWP06;Arbeitslose
13211;Arbeitsmarktstatistik der Bundesagentur für Arbeit;JAHR;Jahr;2019;DLAND;Bundesländer;08;Baden-Württemberg;ERWAQ7;Arbeitslose nach ausgewählten Personengruppen;ARBEITSLOS08;ausländisch;68338;Anzahl;ERWP06;Arbeitslose
13211;Arbeitsmarktstatistik der Bundesagentur für Arbeit;JAHR;Jahr;2019;DLAND;Bundesländer;16;Thüringen;ERWAQ7;Arbeitslose nach ausgewählten Personengruppen;ARBEITSLOS05;langzeitarbeitslos;18383;Anzahl;ERWP06;Arbeitslose
13211;Arbeitsmarktstatistik der Bundesagentur für Arbeit;JAHR;Jahr;2023;DLAND;Bundesländer;06;Hessen;ERWAQ7;Arbeitslose nach ausgewählten Personengruppen;ARBEITSLOS08;ausländisch;85858;Anzahl;ERWP06;Arbeitslose
13211;Arbeitsmarktstatistik der Bundesagentur für Arbeit;JAHR;Jahr;2025;DLAND;Bundesländer;05;Nordrhein-Westfalen;ERWAQ7;Arbeitslose nach ausgewählten Personengruppen;ARBEITSLOS05;langzeitarbeitslos;321353;Anzahl;ERWP06;Arbeitslose
13211;Arbeitsmarktstatistik der Bundesagentur für Arbeit;JAHR;Jahr;2021;DLAND;Bundesländer;02;Hamburg;ERWAQ7;Arbeitslose nach ausgewählten Personengruppen;ARBEITSLOS14;55 bis unter 65 Jahre;14386;Anzahl;ERWP06;Arbeitslose
13211;Arbeitsmarktstatistik der Bundesagentur für Arbeit;JAHR;Jahr;2019;DLAND;Bundesländer;10;Saarland;ERWAQ7;Arbeitslose nach ausgewählten Personengruppen;ARBEITSLOS12;15 bis unter 20 Jahre;581;Anzahl;ERWP06;Arbeitslose
13211;Arbeitsmarktstatistik der Bundesagentur für Arbeit;JAHR;Jahr;2020;DLAND;Bundesländer;05;Nordrhein-Westfalen;ERWAQ7;Arbeitslose nach ausgewählten Personengruppen;ARBEITSLOS13;15 bis unter 25 Jahre;65971;Anzahl;ERWP06;Arbeitslose
13211;Arbeitsmarktstatistik der Bundesagentur für Arbeit;JAHR;Jahr;2023;DLAND;Bundesländer;16;Thüringen;ERWAQ7;Arbeitslose nach ausgewählten Personengruppen;ARBEITSLOS14;55 bis unter 65 Jahre;17340;Anzahl;ERWP06;Arbeitslose
13211;Arbeitsmarktstatistik der Bundesagentur für Arbeit;JAHR;Jahr;2023;DLAND;Bundesländer;14;Sachsen;ERWAQ7;Arbeitslose nach ausgewählten Personengruppen;ARBEITSLOS05;langzeitarbeitslos;46181;Anzahl;ERWP06;Arbeitslose
13211;Arbeitsmarktstatistik der Bundesagentur für Arbeit;JAHR;Jahr;2025;DLAND;Bundesländer;07;Rheinland-Pfalz;ERWAQ7;Arbeitslose nach ausgewählten Personengruppen;ARBEITSLOS14;55 bis unter 65 Jahre;30206;Anzahl;ERWP06;Arbeitslose
13211;Arbeitsmarktstatistik der Bundesagentur für Arbeit;JAHR;Jahr;2024;DLAND;Bundesländer;11;Berlin;ERWAQ7;Arbeitslose nach ausgewählten Personengruppen;ARBEITSLOS06;schwerbehindert;8225;Anzahl;ERWP06;Arbeitslose
13211;Arbeitsmarktstatistik der Bundesagentur für Arbeit;JAHR;Jahr;2018;DLAND;Bundesländer;03;Niedersachsen;ERWAQ7;Arbeitslose nach ausgewählten Personengruppen;ARBEITSLOS05;langzeitarbeitslos;82740;Anzahl;ERWP06;Arbeitslose
13211;Arbeitsmarktstatistik der Bundesagentur für Arbeit;JAHR;Jahr;2024;DLAND;Bundesländer;16;Thüringen;ERWAQ7;Arbeitslose nach ausgewählten Personengruppen;ARBEITSLOS05;langzeitarbeitslos;23634;Anzahl;ERWP06;Arbeitslose
13211;Arbeitsmarktstatistik der Bundesagentur für Arbeit;JAHR;Jahr;2024;DLAND;Bundesländer;08;Baden-Württemberg;ERWAQ7;Arbeitslose nach ausgewählten Personengruppen;ARBEITSLOS08;ausländisch;117974;Anzahl;ERWP06;Arbeitslose
13211;Arbeitsmarktstatistik der Bundesagentur für Arbeit;JAHR;Jahr;2025;DLAND;Bundesländer;10;Saarland;ERWAQ7;Arbeitslose nach ausgewählten Personengruppen;ARBEITSLOS12;15 bis unter 20 Jahre;767;Anzahl;ERWP06;Arbeitslose
13211;Arbeitsmarktstatistik der Bundesagentur für Arbeit;JAHR;Jahr;2017;DLAND;Bundesländer;06;Hessen;ERWAQ7;Arbeitslose nach ausgewählten Personengruppen;ARBEITSLOS08;ausländisch;59739;Anzahl;ERWP06;Arbeitslose
13211;Arbeitsmarktstatistik der Bundesagentur für Arbeit;JAHR;Jahr;2021;DLAND;Bundesländer;16;Thüringen;ERWAQ7;Arbeitslose nach ausgewählten Personengruppen;ARBEITSLOS08;ausländisch;7950;Anzahl;ERWP06;Arbeitslose
13211;Arbeitsmarktstatistik der Bundesagentur für Arbeit;JAHR;Jahr;2017;DLAND;Bundesländer;14;Sachsen;ERWAQ7;Arbeitslose nach ausgewählten Personengruppen;ARBEITSLOS05;langzeitarbeitslos;52720;Anzahl;ERWP06;Arbeitslose
13211;Arbeitsmarktstatistik der Bundesagentur für Arbeit;JAHR;Jahr;2018;DLAND;Bundesländer;11;Berlin;ERWAQ7;Arbeitslose nach ausgewählten Personengruppen;ARBEITSLOS06;schwerbehindert;7817;Anzahl;ERWP06;Arbeitslose
13211;Arbeitsmarktstatistik der Bundesagentur für Arbeit;JAHR;Jahr;2018;DLAND;Bundesländer;14;Sachsen;ERWAQ7;Arbeitslose nach ausgewählten Personengruppen;ARBEITSLOS05;langzeitarbeitslos;46185;Anzahl;ERWP06;Arbeitslose
13211;Arbeitsmarktstatistik der Bundesagentur für Arbeit;JAHR;Jahr;2022;DLAND;Bundesländer;04;Bremen;ERWAQ7;Arbeitslose nach ausgewählten Personengruppen;ARBEITSLOS08;ausländisch;16472;Anzahl;ERWP06;Arbeitslose
13211;Arbeitsmarktstatistik der Bundesagentur für Arbeit;JAHR;Jahr;2020;DLAND;Bundesländer;14;Sachsen;ERWAQ7;Arbeitslose nach ausgewählten Personengruppen;ARBEITSLOS08;ausländisch;18715;Anzahl;ERWP06;Arbeitslose
13211;Arbeitsmarktstatistik der Bundesagentur für Arbeit;JAHR;Jahr;2022;DLAND;Bundesländer;14;Sachsen;ERWAQ7;Arbeitslose nach ausgewählten Personengruppen;ARBEITSLOS05;langzeitarbeitslos;45787;Anzahl;ERWP06;Arbeitslose
13211;Arbeitsmarktstatistik der Bundesagentur für Arbeit;JAHR;Jahr;2018;DLAND;Bundesländer;06;Hessen;ERWAQ7;Arbeitslose nach ausgewählten Personengruppen;ARBEITSLOS08;ausländisch;57440;Anzahl;ERWP06;Arbeitslose
13211;Arbeitsmarktstatistik der Bundesagentur für Arbeit;JAHR;Jahr;2022;DLAND;Bundesländer;12;Brandenburg;ERWAQ7;Arbeitslose nach ausgewählten Personengruppen;ARBEITSLOS05;langzeitarbeitslos;29943;Anzahl;ERWP06;Arbeitslose
13211;Arbeitsmarktstatistik der Bundesagentur für Arbeit;JAHR;Jahr;2024;DLAND;Bundesländer;05;Nordrhein-Westfalen;ERWAQ7;Arbeitslose nach ausgewählten Personengruppen;ARBEITSLOS05;langzeitarbeitslos;306125;Anzahl;ERWP06;Arbeitslose
13211;Arbeitsmarktstatistik der Bundesagentur für Arbeit;JAHR;Jahr;2022;DLAND;Bundesländer;06;Hessen;ERWAQ7;Arbeitslose nach ausgewählten Personengruppen;ARBEITSLOS08;ausländisch;71709;Anzahl;ERWP06;Arbeitslose
13211;Arbeitsmarktstatistik der Bundesagentur für Arbeit;JAHR;Jahr;2023;DLAND;Bundesländer;11;Berlin;ERWAQ7;Arbeitslose nach ausgewählten Personengruppen;ARBEITSLOS06;schwerbehindert;7804;Anzahl;ERWP06;Arbeitslose
13211;Arbeitsmarktstatistik der Bundesagentur für Arbeit;JAHR;Jahr;2019;DLAND;Bundesländer;11;Berlin;ERWAQ7;Arbeitslose nach ausgewählten Personengruppen;ARBEITSLOS06;schwerbehindert;7543;Anzahl;ERWP06;Arbeitslose
13211;Arbeitsmarktstatistik der Bundesagentur für Arbeit;JAHR;Jahr;2021;DLAND;Bundesländer;14;Sachsen;ERWAQ7;Arbeitslose nach ausgewählten Personengruppen;ARBEITSLOS08;ausländisch;18483;Anzahl;ERWP06;Arbeitslose
13211;Arbeitsmarktstatistik der Bundesagentur für Arbeit;JAHR;Jahr;2019;DLAND;Bundesländer;07;Rheinland-Pfalz;ERWAQ7;Arbeitslose nach ausgewählten Personengruppen;ARBEITSLOS14;55 bis unter 65 Jahre;22175;Anzahl;ERWP06;Arbeitslose
13211;Arbeitsmarktstatistik der Bundesagentur für Arbeit;JAHR;Jahr;2020;DLAND;Bundesländer;02;Hamburg;ERWAQ7;Arbeitslose nach ausgewählten Personengruppen;ARBEITSLOS14;55 bis unter 65 Jahre;12894;Anzahl;ERWP06;Arbeitslose
13211;Arbeitsmarktstatistik der Bundesagentur für Arbeit;JAHR;Jahr;2017;DLAND;Bundesländer;03;Niedersachsen;ERWAQ7;Arbeitslose nach ausgewählten Personengruppen;ARBEITSLOS05;langzeitarbeitslos;77185;Anzahl;ERWP06;Arbeitslose
13211;Arbeitsmarktstatistik der Bundesagentur für Arbeit;JAHR;Jahr;2017;DLAND;Bundesländer;14;Sachsen;ERWAQ7;Arbeitslose nach ausgewählten Personengruppen;ARBEITSLOS14;55 bis unter 65 Jahre;37109;Anzahl;ERWP06;Arbeitslose
13211;Arbeitsmarktstatistik der Bundesagentur für Arbeit;JAHR;Jahr;2025;DLAND;Bundesländer;11;Berlin;ERWAQ7;Arbeitslose nach ausgewählten Personengruppen;ARBEITSLOS06;schwerbehindert;8803;Anzahl;ERWP06;Arbeitslose
13211;Arbeitsmarktstatistik der Bundesagentur für Arbeit;JAHR;Jahr;2024;DLAND;Bundesländer;10;Saarland;ERWAQ7;Arbeitslose nach ausgewählten Personengruppen;ARBEITSLOS12;15 bis unter 20 Jahre;705;Anzahl;ERWP06;Arbeitslose
13211;Arbeitsmarktstatistik der Bundesagentur für Arbeit;JAHR;Jahr;2024;DLAND;Bundesländer;05;Nordrhein-Westfalen;ERWAQ7;Arbeitslose nach ausgewählten Personengruppen;ARBEITSLOS14;55 bis unter 65 Jahre;167117;Anzahl;ERWP06;Arbeitslose
13211;Arbeitsmarktstatistik der Bundesagentur für Arbeit;JAHR;Jahr;2020;DLAND;Bundesländer;01;Schleswig-Holstein;ERWAQ7;Arbeitslose nach ausgewählten Personengruppen;ARBEITSLOS08;ausländisch;21506;Anzahl;ERWP06;Arbeitslose
13211;Arbeitsmarktstatistik der Bundesagentur für Arbeit;JAHR;Jahr;2022;DLAND;Bundesländer;16;Thüringen;ERWAQ7;Arbeitslose nach ausgewählten Personengruppen;ARBEITSLOS14;55 bis unter 65 Jahre;16265;Anzahl;ERWP06;Arbeitslose
13211;Arbeitsmarktstatistik der Bundesagentur für Arbeit;JAHR;Jahr;2018;DLAND;Bundesländer;16;Thüringen;ERWAQ7;Arbeitslose nach ausgewählten Personengruppen;ARBEITSLOS14;55 bis unter 65 Jahre;17148;Anzahl;ERWP06;Arbeitslose
13211;Arbeitsmarktstatistik der Bundesagentur für Arbeit;JAHR;Jahr;2022;DLAND;Bundesländer;01;Schleswig-Holstein;ERWAQ7;Arbeitslose nach ausgewählten Personengruppen;ARBEITSLOS05;langzeitarbeitslos;29754;Anzahl;ERWP06;Arbeitslose
13211;Arbeitsmarktstatistik der Bundesagentur für Arbeit;JAHR;Jahr;2022;DLAND;Bundesländer;08;Baden-Württemberg;ERWAQ7;Arbeitslose nach ausgewählten Personengruppen;ARBEITSLOS13;15 bis unter 25 Jahre;17453;Anzahl;ERWP06;Arbeitslose
13211;Arbeitsmarktstatistik der Bundesagentur für Arbeit;JAHR;Jahr;2019;DLAND;Bundesländer;03;Niedersachsen;ERWAQ7;Arbeitslose nach ausgewählten Personengruppen;ARBEITSLOS05;langzeitarbeitslos;74089;Anzahl;ERWP06;Arbeitslose
13211;Arbeitsmarktstatistik der Bundesagentur für Arbeit;JAHR;Jahr;2023;DLAND;Bundesländer;03;Niedersachsen;ERWAQ7;Arbeitslose nach ausgewählten Personengruppen;ARBEITSLOS14;55 bis unter 65 Jahre;56198;Anzahl;ERWP06;Arbeitslose
13211;Arbeitsmarktstatistik der Bundesagentur für Arbeit;JAHR;Jahr;2020;DLAND;Bundesländer;16;Thüringen;ERWAQ7;Arbeitslose nach ausgewählten Personengruppen;ARBEITSLOS13;15 bis unter 25 Jahre;6078;Anzahl;ERWP06;Arbeitslose
13211;Arbeitsmarktstatistik der Bundesagentur für Arbeit;JAHR;Jahr;2021;DLAND;Bundesländer;15;Sachsen-Anhalt;ERWAQ7;Arbeitslose nach ausgewählten Personengruppen;ARBEITSLOS14;55 bis unter 65 Jahre;20626;Anzahl;ERWP06;Arbeitslose
13211;Arbeitsmarktstatistik der Bundesagentur für Arbeit;JAHR;Jahr;2021;DLAND;Bundesländer;03;Niedersachsen;ERWAQ7;Arbeitslose nach ausgewählten Personengruppen;ARBEITSLOS08;ausländisch;67402;Anzahl;ERWP06;Arbeitslose
13211;Arbeitsmarktstatistik der Bundesagentur für Arbeit;JAHR;Jahr;2018;DLAND;Bundesländer;08;Baden-Württemberg;ERWAQ7;Arbeitslose nach ausgewählten Personengruppen;ARBEITSLOS13;15 bis unter 25 Jahre;17537;Anzahl;ERWP06;Arbeitslose
13211;Arbeitsmarktstatistik der Bundesagentur für Arbeit;JAHR;Jahr;2023;DLAND;Bundesländer;03;Niedersachsen;ERWAQ7;Arbeitslose nach ausgewählten Personengruppen;ARBEITSLOS05;langzeitarbeitslos;91917;Anzahl;ERWP06;Arbeitslose
13211;Arbeitsmarktstatistik der Bundesagentur für Arbeit;JAHR;Jahr;2021;DLAND;Bundesländer;11;Berlin;ERWAQ7;Arbeitslose nach ausgewählten Personengruppen;ARBEITSLOS05;langzeitarbeitslos;74152;Anzahl;ERWP06;Arbeitslose
13211;Arbeitsmarktstatistik der Bundesagentur für Arbeit;JAHR;Jahr;2020;DLAND;Bundesländer;13;Mecklenburg-Vorpommern;ERWAQ7;Arbeitslose nach ausgewählten Personengruppen;ARBEITSLOS14;55 bis unter 65 Jahre;16207;Anzahl;ERWP06;Arbeitslose
13211;Arbeitsmarktstatistik der Bundesagentur für Arbeit;JAHR;Jahr;2025;DLAND;Bundesländer;07;Rheinland-Pfalz;ERWAQ7;Arbeitslose nach ausgewählten Personengruppen;ARBEITSLOS05;langzeitarbeitslos;42038;Anzahl;ERWP06;Arbeitslose
13211;Arbeitsmarktstatistik der Bundesagentur für Arbeit;JAHR;Jahr;2017;DLAND;Bundesländer;03;Niedersachsen;ERWAQ7;Arbeitslose nach ausgewählten Personengruppen;ARBEITSLOS14;55 bis unter 65 Jahre;48532;Anzahl;ERWP06;Arbeitslose
13211;Arbeitsmarktstatistik der Bundesagentur für Arbeit;JAHR;Jahr;2022;DLAND;Bundesländer;10;Saarland;ERWAQ7;Arbeitslose nach ausgewählten Personengruppen;ARBEITSLOS06;schwerbehindert;1990;Anzahl;ERWP06;Arbeitslose
13211;Arbeitsmarktstatistik der Bundesagentur für Arbeit;JAHR;Jahr;2018;DLAND;Bundesländer;10;Saarland;ERWAQ7;Arbeitslose nach ausgewählten Personengruppen;ARBEITSLOS12;15 bis unter 20 Jahre;565;Anzahl;ERWP06;Arbeitslose
13211;Arbeitsmarktstatistik der Bundesagentur für Arbeit;JAHR;Jahr;2021;DLAND;Bundesländer;09;Bayern;ERWAQ7;Arbeitslose nach ausgewählten Personengruppen;ARBEITSLOS12;15 bis unter 20 Jahre;4791;Anzahl;ERWP06;Arbeitslose
13211;Arbeitsmarktstatistik der Bundesagentur für Arbeit;JAHR;Jahr;2021;DLAND;Bundesländer;06;Hessen;ERWAQ7;Arbeitslose nach ausgewählten Personengruppen;ARBEITSLOS13;15 bis unter 25 Jahre;16838;Anzahl;ERWP06;Arbeitslose
13211;Arbeitsmarktstatistik der Bundesagentur für Arbeit;JAHR;Jahr;2024;DLAND;Bundesländer;16;Thüringen;ERWAQ7;Arbeitslose nach ausgewählten Personengruppen;ARBEITSLOS14;55 bis unter 65 Jahre;18316;Anzahl;ERWP06;Arbeitslose
13211;Arbeitsmarktstatistik der Bundesagentur für Arbeit;JAHR;Jahr;2022;DLAND;Bundesländer;05;Nordrhein-Westfalen;ERWAQ7;Arbeitslose nach ausgewählten Personengruppen;ARBEITSLOS14;55 bis unter 65 Jahre;145132;Anzahl;ERWP06;Arbeitslose
13211;Arbeitsmarktstatistik der Bundesagentur für Arbeit;JAHR;Jahr;2019;DLAND;Bundesländer;06;Hessen;ERWAQ7;Arbeitslose nach ausgewählten Personengruppen;ARBEITSLOS08;ausländisch;56808;Anzahl;ERWP06;Arbeitslose
13211;Arbeitsmarktstatistik der Bundesagentur für Arbeit;JAHR;Jahr;2020;DLAND;Bundesländer;16;Thüringen;ERWAQ7;Arbeitslose nach ausgewählten Personengruppen;ARBEITSLOS08;ausländisch;8644;Anzahl;ERWP06;Arbeitslose
13211;Arbeitsmarktstatistik der Bundesagentur für Arbeit;JAHR;Jahr;2018;DLAND;Bundesländer;07;Rheinland-Pfalz;ERWAQ7;Arbeitslose nach ausgewählten Personengruppen;ARBEITSLOS14;55 bis unter 65 Jahre;22417;Anzahl;ERWP06;Arbeitslose
13211;Arbeitsmarktstatistik der Bundesagentur für Arbeit;JAHR;Jahr;2025;DLAND;Bundesländer;03;Niedersachsen;ERWAQ7;Arbeitslose nach ausgewählten Personengruppen;ARBEITSLOS05;langzeitarbeitslos;102637;Anzahl;ERWP06;Arbeitslose
13211;Arbeitsmarktstatistik der Bundesagentur für Arbeit;JAHR;Jahr;2019;DLAND;Bundesländer;14;Sachsen;ERWAQ7;Arbeitslose nach ausgewählten Personengruppen;ARBEITSLOS05;langzeitarbeitslos;39231;Anzahl;ERWP06;Arbeitslose
13211;Arbeitsmarktstatistik der Bundesagentur für Arbeit;JAHR;Jahr;2023;DLAND;Bundesländer;04;Bremen;ERWAQ7;Arbeitslose nach ausgewählten Personengruppen;ARBEITSLOS08;ausländisch;17922;Anzahl;ERWP06;Arbeitslose
13211;Arbeitsmarktstatistik der Bundesagentur für Arbeit;JAHR;Jahr;2023;DLAND;Bundesländer;12;Brandenburg;ERWAQ7;Arbeitslose nach ausgewählten Personengruppen;ARBEITSLOS05;langzeitarbeitslos;30041;Anzahl;ERWP06;Arbeitslose
13211;Arbeitsmarktstatistik der Bundesagentur für Arbeit;JAHR;Jahr;2019;DLAND;Bundesländer;12;Brandenburg;ERWAQ7;Arbeitslose nach ausgewählten Personengruppen;ARBEITSLOS12;15 bis unter 20 Jahre;1363;Anzahl;ERWP06;Arbeitslose
13211;Arbeitsmarktstatistik der Bundesagentur für Arbeit;JAHR;Jahr;2020;DLAND;Bundesländer;03;Niedersachsen;ERWAQ7;Arbeitslose nach ausgewählten Personengruppen;ARBEITSLOS13;15 bis unter 25 Jahre;27165;Anzahl;ERWP06;Arbeitslose
13211;Arbeitsmarktstatistik der Bundesagentur für Arbeit;JAHR;Jahr;2024;DLAND;Bundesländer;13;Mecklenburg-Vorpommern;ERWAQ7;Arbeitslose nach ausgewählten Personengruppen;ARBEITSLOS06;schwerbehindert;4112;Anzahl;ERWP06;Arbeitslose
13211;Arbeitsmarktstatistik der Bundesagentur für Arbeit;JAHR;Jahr;2024;DLAND;Bundesländer;08;Baden-Württemberg;ERWAQ7;Arbeitslose nach ausgewählten Personengruppen;ARBEITSLOS13;15 bis unter 25 Jahre;23311;Anzahl;ERWP06;Arbeitslose
13211;Arbeitsmarktstatistik der Bundesagentur für Arbeit;JAHR;Jahr;2025;DLAND;Bundesländer;09;Bayern;ERWAQ7;Arbeitslose nach ausgewählten Personengruppen;ARBEITSLOS14;55 bis unter 65 Jahre;81402;Anzahl;ERWP06;Arbeitslose
13211;Arbeitsmarktstatistik der Bundesagentur für Arbeit;JAHR;Jahr;2020;DLAND;Bundesländer;13;Mecklenburg-Vorpommern;ERWAQ7;Arbeitslose nach ausgewählten Personengruppen;ARBEITSLOS05;langzeitarbeitslos;21188;Anzahl;ERWP06;Arbeitslose
13211;Arbeitsmarktstatistik der Bundesagentur für Arbeit;JAHR;Jahr;2018;DLAND;Bundesländer;05;Nordrhein-Westfalen;ERWAQ7;Arbeitslose nach ausgewählten Personengruppen;ARBEITSLOS05;langzeitarbeitslos;270582;Anzahl;ERWP06;Arbeitslose
13211;Arbeitsmarktstatistik der Bundesagentur für Arbeit;JAHR;Jahr;2020;DLAND;Bundesländer;05;Nordrhein-Westfalen;ERWAQ7;Arbeitslose nach ausgewählten Personengruppen;ARBEITSLOS08;ausländisch;245144;Anzahl;ERWP06;Arbeitslose
13211;Arbeitsmarktstatistik der Bundesagentur für Arbeit;JAHR;Jahr;2017;DLAND;Bundesländer;08;Baden-Württemberg;ERWAQ7;Arbeitslose nach ausgewählten Personengruppen;ARBEITSLOS08;ausländisch;70447;Anzahl;ERWP06;Arbeitslose
13211;Arbeitsmarktstatistik der Bundesagentur für Arbeit;JAHR;Jahr;2023;DLAND;Bundesländer;15;Sachsen-Anhalt;ERWAQ7;Arbeitslose nach ausgewählten Personengruppen;ARBEITSLOS08;ausländisch;16093;Anzahl;ERWP06;Arbeitslose
13211;Arbeitsmarktstatistik der Bundesagentur für Arbeit;JAHR;Jahr;2017;DLAND;Bundesländer;11;Berlin;ERWAQ7;Arbeitslose nach ausgewählten Personengruppen;ARBEITSLOS06;schwerbehindert;8417;Anzahl;ERWP06;Arbeitslose
13211;Arbeitsmarktstatistik der Bundesagentur für Arbeit;JAHR;Jahr;2019;DLAND;Bundesländer;01;Schleswig-Holstein;ERWAQ7;Arbeitslose nach ausgewählten Personengruppen;ARBEITSLOS12;15 bis unter 20 Jahre;1721;Anzahl;ERWP06;Arbeitslose
13211;Arbeitsmarktstatistik der Bundesagentur für Arbeit;JAHR;Jahr;2017;DLAND;Bundesländer;16;Thüringen;ERWAQ7;Arbeitslose nach ausgewählten Personengruppen;ARBEITSLOS05;langzeitarbeitslos;23871;Anzahl;ERWP06;Arbeitslose
13211;Arbeitsmarktstatistik der Bundesagentur für Arbeit;JAHR;Jahr;2018;DLAND;Bundesländer;16;Thüringen;ERWAQ7;Arbeitslose nach ausgewählten Personengruppen;ARBEITSLOS05;langzeitarbeitslos;20933;Anzahl;ERWP06;Arbeitslose
13211;Arbeitsmarktstatistik der Bundesagentur für Arbeit;JAHR;Jahr;2022;DLAND;Bundesländer;16;Thüringen;ERWAQ7;Arbeitslose nach ausgewählten Personengruppen;ARBEITSLOS05;langzeitarbeitslos;21003;Anzahl;ERWP06;Arbeitslose
13211;Arbeitsmarktstatistik der Bundesagentur für Arbeit;JAHR;Jahr;2018;DLAND;Bundesländer;08;Baden-Württemberg;ERWAQ7;Arbeitslose nach ausgewählten Personengruppen;ARBEITSLOS08;ausländisch;65682;Anzahl;ERWP06;Arbeitslose
13211;Arbeitsmarktstatistik der Bundesagentur für Arbeit;JAHR;Jahr;2024;DLAND;Bundesländer;07;Rheinland-Pfalz;ERWAQ7;Arbeitslose nach ausgewählten Personengruppen;ARBEITSLOS05;langzeitarbeitslos;38799;Anzahl;ERWP06;Arbeitslose
13211;Arbeitsmarktstatistik der Bundesagentur für Arbeit;JAHR;Jahr;2025;DLAND;Bundesländer;08;Baden-Württemberg;ERWAQ7;Arbeitslose nach ausgewählten Personengruppen;ARBEITSLOS13;15 bis unter 25 Jahre;25896;Anzahl;ERWP06;Arbeitslose
13211;Arbeitsmarktstatistik der Bundesagentur für Arbeit;JAHR;Jahr;2023;DLAND;Bundesländer;13;Mecklenburg-Vorpommern;ERWAQ7;Arbeitslose nach ausgewählten Personengruppen;ARBEITSLOS06;schwerbehindert;4121;Anzahl;ERWP06;Arbeitslose
13211;Arbeitsmarktstatistik der Bundesagentur für Arbeit;JAHR;Jahr;2024;DLAND;Bundesländer;01;Schleswig-Holstein;ERWAQ7;Arbeitslose nach ausgewählten Personengruppen;ARBEITSLOS12;15 bis unter 20 Jahre;2230;Anzahl;ERWP06;Arbeitslose
13211;Arbeitsmarktstatistik der Bundesagentur für Arbeit;JAHR;Jahr;2022;DLAND;Bundesländer;08;Baden-Württemberg;ERWAQ7;Arbeitslose nach ausgewählten Personengruppen;ARBEITSLOS08;ausländisch;87097;Anzahl;ERWP06;Arbeitslose
13211;Arbeitsmarktstatistik der Bundesagentur für Arbeit;JAHR;Jahr;2019;DLAND;Bundesländer;13;Mecklenburg-Vorpommern;ERWAQ7;Arbeitslose nach ausgewählten Personengruppen;ARBEITSLOS06;schwerbehindert;3958;Anzahl;ERWP06;Arbeitslose
13211;Arbeitsmarktstatistik der Bundesagentur für Arbeit;JAHR;Jahr;2021;DLAND;Bundesländer;12;Brandenburg;ERWAQ7;Arbeitslose nach ausgewählten Personengruppen;ARBEITSLOS08;ausländisch;10456;Anzahl;ERWP06;Arbeitslose
13211;Arbeitsmarktstatistik der Bundesagentur für Arbeit;JAHR;Jahr;2018;DLAND;Bundesländer;06;Hessen;ERWAQ7;Arbeitslose nach ausgewählten Personengruppen;ARBEITSLOS13;15 bis unter 25 Jahre;15494;Anzahl;ERWP06;Arbeitslose
13211;Arbeitsmarktstatistik der Bundesagentur für Arbeit;JAHR;Jahr;2017;DLAND;Bundesländer;12;Brandenburg;ERWAQ7;Arbeitslose nach ausgewählten Personengruppen;ARBEITSLOS14;55 bis unter 65 Jahre;23955;Anzahl;ERWP06;Arbeitslose
13211;Arbeitsmarktstatistik der Bundesagentur für Arbeit;JAHR;Jahr;2019;DLAND;Bundesländer;05;Nordrhein-Westfalen;ERWAQ7;Arbeitslose nach ausgewählten Personengruppen;ARBEITSLOS14;55 bis unter 65 Jahre;126095;Anzahl;ERWP06;Arbeitslose
13211;Arbeitsmarktstatistik der Bundesagentur für Arbeit;JAHR;Jahr;2020;DLAND;Bundesländer;04;Bremen;ERWAQ7;Arbeitslose nach ausgewählten Personengruppen;ARBEITSLOS14;55 bis unter 65 Jahre;6466;Anzahl;ERWP06;Arbeitslose
13211;Arbeitsmarktstatistik der Bundesagentur für Arbeit;JAHR;Jahr;2017;DLAND;Bundesländer;05;Nordrhein-Westfalen;ERWAQ7;Arbeitslose nach ausgewählten Personengruppen;ARBEITSLOS05;langzeitarbeitslos;287671;Anzahl;ERWP06;Arbeitslose
13211;Arbeitsmarktstatistik der Bundesagentur für Arbeit;JAHR;Jahr;2024;DLAND;Bundesländer;03;Niedersachsen;ERWAQ7;Arbeitslose nach ausgewählten Personengruppen;ARBEITSLOS14;55 bis unter 65 Jahre;59809;Anzahl;ERWP06;Arbeitslose
13211;Arbeitsmarktstatistik der Bundesagentur für Arbeit;JAHR;Jahr;2020;DLAND;Bundesländer;03;Niedersachsen;ERWAQ7;Arbeitslose nach ausgewählten Personengruppen;ARBEITSLOS08;ausländisch;67117;Anzahl;ERWP06;Arbeitslose
13211;Arbeitsmarktstatistik der Bundesagentur für Arbeit;JAHR;Jahr;2022;DLAND;Bundesländer;03;Niedersachsen;ERWAQ7;Arbeitslose nach ausgewählten Personengruppen;ARBEITSLOS05;langzeitarbeitslos;90122;Anzahl;ERWP06;Arbeitslose
13211;Arbeitsmarktstatistik der Bundesagentur für Arbeit;JAHR;Jahr;2023;DLAND;Bundesländer;02;Hamburg;ERWAQ7;Arbeitslose nach ausgewählten Personengruppen;ARBEITSLOS06;schwerbehindert;3471;Anzahl;ERWP06;Arbeitslose
13211;Arbeitsmarktstatistik der Bundesagentur für Arbeit;JAHR;Jahr;2020;DLAND;Bundesländer;11;Berlin;ERWAQ7;Arbeitslose nach ausgewählten Personengruppen;ARBEITSLOS05;langzeitarbeitslos;47345;Anzahl;ERWP06;Arbeitslose
13211;Arbeitsmarktstatistik der Bundesagentur für Arbeit;JAHR;Jahr;2019;DLAND;Bundesländer;01;Schleswig-Holstein;ERWAQ7;Arbeitslose nach ausgewählten Personengruppen;ARBEITSLOS05;langzeitarbeitslos;25000;Anzahl;ERWP06;Arbeitslose
13211;Arbeitsmarktstatistik der Bundesagentur für Arbeit;JAHR;Jahr;2024;DLAND;Bundesländer;12;Brandenburg;ERWAQ7;Arbeitslose nach ausgewählten Personengruppen;ARBEITSLOS12;15 bis unter 20 Jahre;1850;Anzahl;ERWP06;Arbeitslose
13211;Arbeitsmarktstatistik der Bundesagentur für Arbeit;JAHR;Jahr;2025;DLAND;Bundesländer;08;Baden-Württemberg;ERWAQ7;Arbeitslose nach ausgewählten Personengruppen;ARBEITSLOS08;ausländisch;125127;Anzahl;ERWP06;Arbeitslose
13211;Arbeitsmarktstatistik der Bundesagentur für Arbeit;JAHR;Jahr;2021;DLAND;Bundesländer;10;Saarland;ERWAQ7;Arbeitslose nach ausgewählten Personengruppen;ARBEITSLOS06;schwerbehindert;2140;Anzahl;ERWP06;Arbeitslose
13211;Arbeitsmarktstatistik der Bundesagentur für Arbeit;JAHR;Jahr;2019;DLAND;Bundesländer;02;Hamburg;ERWAQ7;Arbeitslose nach ausgewählten Personengruppen;ARBEITSLOS06;schwerbehindert;3009;Anzahl;ERWP06;Arbeitslose
13211;Arbeitsmarktstatistik der Bundesagentur für Arbeit;JAHR;Jahr;2022;DLAND;Bundesländer;06;Hessen;ERWAQ7;Arbeitslose nach ausgewählten Personengruppen;ARBEITSLOS13;15 bis unter 25 Jahre;15435;Anzahl;ERWP06;Arbeitslose
13211;Arbeitsmarktstatistik der Bundesagentur für Arbeit;JAHR;Jahr;2025;DLAND;Bundesländer;16;Thüringen;ERWAQ7;Arbeitslose nach ausgewählten Personengruppen;ARBEITSLOS05;langzeitarbeitslos;24867;Anzahl;ERWP06;Arbeitslose
13211;Arbeitsmarktstatistik der Bundesagentur für Arbeit;JAHR;Jahr;2017;DLAND;Bundesländer;10;Saarland;ERWAQ7;Arbeitslose nach ausgewählten Personengruppen;ARBEITSLOS12;15 bis unter 20 Jahre;597;Anzahl;ERWP06;Arbeitslose
13211;Arbeitsmarktstatistik der Bundesagentur für Arbeit;JAHR;Jahr;2021;DLAND;Bundesländer;13;Mecklenburg-Vorpommern;ERWAQ7;Arbeitslose nach ausgewählten Personengruppen;ARBEITSLOS14;55 bis unter 65 Jahre;16637;Anzahl;ERWP06;Arbeitslose
13211;Arbeitsmarktstatistik der Bundesagentur für Arbeit;JAHR;Jahr;2023;DLAND;Bundesländer;01;Schleswig-Holstein;ERWAQ7;Arbeitslose nach ausgewählten Personengruppen;ARBEITSLOS05;langzeitarbeitslos;29100;Anzahl;ERWP06;Arbeitslose
13211;Arbeitsmarktstatistik der Bundesagentur für Arbeit;JAHR;Jahr;2023;DLAND;Bundesländer;05;Nordrhein-Westfalen;ERWAQ7;Arbeitslose nach ausgewählten Personengruppen;ARBEITSLOS14;55 bis unter 65 Jahre;153944;Anzahl;ERWP06;Arbeitslose
13211;Arbeitsmarktstatistik der Bundesagentur für Arbeit;JAHR;Jahr;2020;DLAND;Bundesländer;14;Sachsen;ERWAQ7;Arbeitslose nach ausgewählten Personengruppen;ARBEITSLOS13;15 bis unter 25 Jahre;11536;Anzahl;ERWP06;Arbeitslose
13211;Arbeitsmarktstatistik der Bundesagentur für Arbeit;JAHR;Jahr;2021;DLAND;Bundesländer;01;Schleswig-Holstein;ERWAQ7;Arbeitslose nach ausgewählten Personengruppen;ARBEITSLOS08;ausländisch;21287;Anzahl;ERWP06;Arbeitslose
13211;Arbeitsmarktstatistik der Bundesagentur für Arbeit;JAHR;Jahr;2017;DLAND;Bundesländer;01;Schleswig-Holstein;ERWAQ7;Arbeitslose nach ausgewählten Personengruppen;ARBEITSLOS14;55 bis unter 65 Jahre;18788;Anzahl;ERWP06;Arbeitslose
13211;Arbeitsmarktstatistik der Bundesagentur für Arbeit;JAHR;Jahr;2019;DLAND;Bundesländer;16;Thüringen;ERWAQ7;Arbeitslose nach ausgewählten Personengruppen;ARBEITSLOS14;55 bis unter 65 Jahre;16291;Anzahl;ERWP06;Arbeitslose
13211;Arbeitsmarktstatistik der Bundesagentur für Arbeit;JAHR;Jahr;2020;DLAND;Bundesländer;09;Bayern;ERWAQ7;Arbeitslose nach ausgewählten Personengruppen;ARBEITSLOS12;15 bis unter 20 Jahre;5612;Anzahl;ERWP06;Arbeitslose
13211;Arbeitsmarktstatistik der Bundesagentur für Arbeit;JAHR;Jahr;2020;DLAND;Bundesländer;15;Sachsen-Anhalt;ERWAQ7;Arbeitslose nach ausgewählten Personengruppen;ARBEITSLOS14;55 bis unter 65 Jahre;20672;Anzahl;ERWP06;Arbeitslose
13211;Arbeitsmarktstatistik der Bundesagentur für Arbeit;JAHR;Jahr;2021;DLAND;Bundesländer;08;Baden-Württemberg;ERWAQ7;Arbeitslose nach ausgewählten Personengruppen;ARBEITSLOS13;15 bis unter 25 Jahre;20540;Anzahl;ERWP06;Arbeitslose
13211;Arbeitsmarktstatistik der Bundesagentur für Arbeit;JAHR;Jahr;2021;DLAND;Bundesländer;07;Rheinland-Pfalz;ERWAQ7;Arbeitslose nach ausgewählten Personengruppen;ARBEITSLOS12;15 bis unter 20 Jahre;2181;Anzahl;ERWP06;Arbeitslose
13211;Arbeitsmarktstatistik der Bundesagentur für Arbeit;JAHR;Jahr;2017;DLAND;Bundesländer;08;Baden-Württemberg;ERWAQ7;Arbeitslose nach ausgewählten Personengruppen;ARBEITSLOS13;15 bis unter 25 Jahre;19506;Anzahl;ERWP06;Arbeitslose
13211;Arbeitsmarktstatistik der Bundesagentur für Arbeit;JAHR;Jahr;2022;DLAND;Bundesländer;07;Rheinland-Pfalz;ERWAQ7;Arbeitslose nach ausgewählten Personengruppen;ARBEITSLOS14;55 bis unter 65 Jahre;25865;Anzahl;ERWP06;Arbeitslose
13211;Arbeitsmarktstatistik der Bundesagentur für Arbeit;JAHR;Jahr;2024;DLAND;Bundesländer;14;Sachsen;ERWAQ7;Arbeitslose nach ausgewählten Personengruppen;ARBEITSLOS14;55 bis unter 65 Jahre;36098;Anzahl;ERWP06;Arbeitslose
13211;Arbeitsmarktstatistik der Bundesagentur für Arbeit;JAHR;Jahr;2017;DLAND;Bundesländer;13;Mecklenburg-Vorpommern;ERWAQ7;Arbeitslose nach ausgewählten Personengruppen;ARBEITSLOS08;ausländisch;5478;Anzahl;ERWP06;Arbeitslose
13211;Arbeitsmarktstatistik der Bundesagentur für Arbeit;JAHR;Jahr;2017;DLAND;Bundesländer;02;Hamburg;ERWAQ7;Arbeitslose nach ausgewählten Personengruppen;ARBEITSLOS06;schwerbehindert;3184;Anzahl;ERWP06;Arbeitslose
13211;Arbeitsmarktstatistik der Bundesagentur für Arbeit;JAHR;Jahr;2017;DLAND;Bundesländer;04;Bremen;ERWAQ7;Arbeitslose nach ausgewählten Personengruppen;ARBEITSLOS13;15 bis unter 25 Jahre;3402;Anzahl;ERWP06;Arbeitslose
13211;Arbeitsmarktstatistik der Bundesagentur für Arbeit;JAHR;Jahr;2019;DLAND;Bundesländer;12;Brandenburg;ERWAQ7;Arbeitslose nach ausgewählten Personengruppen;ARBEITSLOS05;langzeitarbeitslos;28730;Anzahl;ERWP06;Arbeitslose
13211;Arbeitsmarktstatistik der Bundesagentur für Arbeit;JAHR;Jahr;2018;DLAND;Bundesländer;01;Schleswig-Holstein;ERWAQ7;Arbeitslose nach ausgewählten Personengruppen;ARBEITSLOS14;55 bis unter 65 Jahre;17810;Anzahl;ERWP06;Arbeitslose
13211;Arbeitsmarktstatistik der Bundesagentur für Arbeit;JAHR;Jahr;2020;DLAND;Bundesländer;01;Schleswig-Holstein;ERWAQ7;Arbeitslose nach ausgewählten Personengruppen;ARBEITSLOS13;15 bis unter 25 Jahre;9308;Anzahl;ERWP06;Arbeitslose
13211;Arbeitsmarktstatistik der Bundesagentur für Arbeit;JAHR;Jahr;2025;DLAND;Bundesländer;14;Sachsen;ERWAQ7;Arbeitslose nach ausgewählten Personengruppen;ARBEITSLOS14;55 bis unter 65 Jahre;36966;Anzahl;ERWP06;Arbeitslose
13211;Arbeitsmarktstatistik der Bundesagentur für Arbeit;JAHR;Jahr;2019;DLAND;Bundesländer;04;Bremen;ERWAQ7;Arbeitslose nach ausgewählten Personengruppen;ARBEITSLOS08;ausländisch;13696;Anzahl;ERWP06;Arbeitslose
13211;Arbeitsmarktstatistik der Bundesagentur für Arbeit;JAHR;Jahr;2025;DLAND;Bundesländer;01;Schleswig-Holstein;ERWAQ7;Arbeitslose nach ausgewählten Personengruppen;ARBEITSLOS05;langzeitarbeitslos;31786;Anzahl;ERWP06;Arbeitslose
13211;Arbeitsmarktstatistik der Bundesagentur für Arbeit;JAHR;Jahr;2024;DLAND;Bundesländer;15;Sachsen-Anhalt;ERWAQ7;Arbeitslose nach ausgewählten Personengruppen;ARBEITSLOS06;schwerbehindert;3759;Anzahl;ERWP06;Arbeitslose
13211;Arbeitsmarktstatistik der Bundesagentur für Arbeit;JAHR;Jahr;2023;DLAND;Bundesländer;07;Rheinland-Pfalz;ERWAQ7;Arbeitslose nach ausgewählten Personengruppen;ARBEITSLOS05;langzeitarbeitslos;34886;Anzahl;ERWP06;Arbeitslose
13211;Arbeitsmarktstatistik der Bundesagentur für Arbeit;JAHR;Jahr;2020;DLAND;Bundesländer;10;Saarland;ERWAQ7;Arbeitslose nach ausgewählten Personengruppen;ARBEITSLOS06;schwerbehindert;2131;Anzahl;ERWP06;Arbeitslose
13211;Arbeitsmarktstatistik der Bundesagentur für Arbeit;JAHR;Jahr;2024;DLAND;Bundesländer;06;Hessen;ERWAQ7;Arbeitslose nach ausgewählten Personengruppen;ARBEITSLOS13;15 bis unter 25 Jahre;19364;Anzahl;ERWP06;Arbeitslose
13211;Arbeitsmarktstatistik der Bundesagentur für Arbeit;JAHR;Jahr;2018;DLAND;Bundesländer;01;Schleswig-Holstein;ERWAQ7;Arbeitslose nach ausgewählten Personengruppen;ARBEITSLOS12;15 bis unter 20 Jahre;1756;Anzahl;ERWP06;Arbeitslose
13211;Arbeitsmarktstatistik der Bundesagentur für Arbeit;JAHR;Jahr;2023;DLAND;Bundesländer;09;Bayern;ERWAQ7;Arbeitslose nach ausgewählten Personengruppen;ARBEITSLOS12;15 bis unter 20 Jahre;5545;Anzahl;ERWP06;Arbeitslose
13211;Arbeitsmarktstatistik der Bundesagentur für Arbeit;JAHR;Jahr;2017;DLAND;Bundesländer;02;Hamburg;ERWAQ7;Arbeitslose nach ausgewählten Personengruppen;ARBEITSLOS08;ausländisch;21863;Anzahl;ERWP06;Arbeitslose
13211;Arbeitsmarktstatistik der Bundesagentur für Arbeit;JAHR;Jahr;2017;DLAND;Bundesländer;13;Mecklenburg-Vorpommern;ERWAQ7;Arbeitslose nach ausgewählten Personengruppen;ARBEITSLOS06;schwerbehindert;4441;Anzahl;ERWP06;Arbeitslose
13211;Arbeitsmarktstatistik der Bundesagentur für Arbeit;JAHR;Jahr;2019;DLAND;Bundesländer;15;Sachsen-Anhalt;ERWAQ7;Arbeitslose nach ausgewählten Personengruppen;ARBEITSLOS08;ausländisch;9280;Anzahl;ERWP06;Arbeitslose
13211;Arbeitsmarktstatistik der Bundesagentur für Arbeit;JAHR;Jahr;2025;DLAND;Bundesländer;03;Niedersachsen;ERWAQ7;Arbeitslose nach ausgewählten Personengruppen;ARBEITSLOS14;55 bis unter 65 Jahre;62558;Anzahl;ERWP06;Arbeitslose
13211;Arbeitsmarktstatistik der Bundesagentur für Arbeit;JAHR;Jahr;2018;DLAND;Bundesländer;02;Hamburg;ERWAQ7;Arbeitslose nach ausgewählten Personengruppen;ARBEITSLOS08;ausländisch;21540;Anzahl;ERWP06;Arbeitslose
13211;Arbeitsmarktstatistik der Bundesagentur für Arbeit;JAHR;Jahr;2018;DLAND;Bundesländer;15;Sachsen-Anhalt;ERWAQ7;Arbeitslose nach ausgewählten Personengruppen;ARBEITSLOS06;schwerbehindert;3870;Anzahl;ERWP06;Arbeitslose
13211;Arbeitsmarktstatistik der Bundesagentur für Arbeit;JAHR;Jahr;2018;DLAND;Bundesländer;10;Saarland;ERWAQ7;Arbeitslose nach ausgewählten Personengruppen;ARBEITSLOS05;langzeitarbeitslos;11141;Anzahl;ERWP06;Arbeitslose
13211;Arbeitsmarktstatistik der Bundesagentur für Arbeit;JAHR;Jahr;2024;DLAND;Bundesländer;15;Sachsen-Anhalt;ERWAQ7;Arbeitslose nach ausgewählten Personengruppen;ARBEITSLOS08;ausländisch;17337;Anzahl;ERWP06;Arbeitslose
13211;Arbeitsmarktstatistik der Bundesagentur für Arbeit;JAHR;Jahr;2025;DLAND;Bundesländer;03;Niedersachsen;ERWAQ7;Arbeitslose nach ausgewählten Personengruppen;ARBEITSLOS12;15 bis unter 20 Jahre;6047;Anzahl;ERWP06;Arbeitslose
13211;Arbeitsmarktstatistik der Bundesagentur für Arbeit;JAHR;Jahr;2017;DLAND;Bundesländer;10;Saarland;ERWAQ7;Arbeitslose nach ausgewählten Personengruppen;ARBEITSLOS05;langzeitarbeitslos;8526;Anzahl;ERWP06;Arbeitslose
13211;Arbeitsmarktstatistik der Bundesagentur für Arbeit;JAHR;Jahr;2020;DLAND;Bundesländer;10;Saarland;ERWAQ7;Arbeitslose nach ausgewählten Personengruppen;ARBEITSLOS08;ausländisch;11350;Anzahl;ERWP06;Arbeitslose
13211;Arbeitsmarktstatistik der Bundesagentur für Arbeit;JAHR;Jahr;2021;DLAND;Bundesländer;08;Baden-Württemberg;ERWAQ7;Arbeitslose nach ausgewählten Personengruppen;ARBEITSLOS06;schwerbehindert;16212;Anzahl;ERWP06;Arbeitslose
13211;Arbeitsmarktstatistik der Bundesagentur für Arbeit;JAHR;Jahr;2023;DLAND;Bundesländer;15;Sachsen-Anhalt;ERWAQ7;Arbeitslose nach ausgewählten Personengruppen;ARBEITSLOS06;schwerbehindert;3800;Anzahl;ERWP06;Arbeitslose
13211;Arbeitsmarktstatistik der Bundesagentur für Arbeit;JAHR;Jahr;2024;DLAND;Bundesländer;03;Niedersachsen;ERWAQ7;Arbeitslose nach ausgewählten Personengruppen;ARBEITSLOS12;15 bis unter 20 Jahre;5575;Anzahl;ERWP06;Arbeitslose
13211;Arbeitsmarktstatistik der Bundesagentur für Arbeit;JAHR;Jahr;2025;DLAND;Bundesländer;06;Hessen;ERWAQ7;Arbeitslose nach ausgewählten Personengruppen;ARBEITSLOS13;15 bis unter 25 Jahre;21175;Anzahl;ERWP06;Arbeitslose
13211;Arbeitsmarktstatistik der Bundesagentur für Arbeit;JAHR;Jahr;2021;DLAND;Bundesländer;10;Saarland;ERWAQ7;Arbeitslose nach ausgewählten Personengruppen;ARBEITSLOS08;ausländisch;10888;Anzahl;ERWP06;Arbeitslose
13211;Arbeitsmarktstatistik der Bundesagentur für Arbeit;JAHR;Jahr;2017;DLAND;Bundesländer;07;Rheinland-Pfalz;ERWAQ7;Arbeitslose nach ausgewählten Personengruppen;ARBEITSLOS14;55 bis unter 65 Jahre;22858;Anzahl;ERWP06;Arbeitslose
13211;Arbeitsmarktstatistik der Bundesagentur für Arbeit;JAHR;Jahr;2017;DLAND;Bundesländer;01;Schleswig-Holstein;ERWAQ7;Arbeitslose nach ausgewählten Personengruppen;ARBEITSLOS12;15 bis unter 20 Jahre;2072;Anzahl;ERWP06;Arbeitslose
13211;Arbeitsmarktstatistik der Bundesagentur für Arbeit;JAHR;Jahr;2018;DLAND;Bundesländer;04;Bremen;ERWAQ7;Arbeitslose nach ausgewählten Personengruppen;ARBEITSLOS13;15 bis unter 25 Jahre;3246;Anzahl;ERWP06;Arbeitslose
13211;Arbeitsmarktstatistik der Bundesagentur für Arbeit;JAHR;Jahr;2018;DLAND;Bundesländer;13;Mecklenburg-Vorpommern;ERWAQ7;Arbeitslose nach ausgewählten Personengruppen;ARBEITSLOS08;ausländisch;5782;Anzahl;ERWP06;Arbeitslose
13211;Arbeitsmarktstatistik der Bundesagentur für Arbeit;JAHR;Jahr;2019;DLAND;Bundesländer;03;Niedersachsen;ERWAQ7;Arbeitslose nach ausgewählten Personengruppen;ARBEITSLOS14;55 bis unter 65 Jahre;44562;Anzahl;ERWP06;Arbeitslose
13211;Arbeitsmarktstatistik der Bundesagentur für Arbeit;JAHR;Jahr;2024;DLAND;Bundesländer;04;Bremen;ERWAQ7;Arbeitslose nach ausgewählten Personengruppen;ARBEITSLOS08;ausländisch;18725;Anzahl;ERWP06;Arbeitslose
13211;Arbeitsmarktstatistik der Bundesagentur für Arbeit;JAHR;Jahr;2025;DLAND;Bundesländer;16;Thüringen;ERWAQ7;Arbeitslose nach ausgewählten Personengruppen;ARBEITSLOS12;15 bis unter 20 Jahre;2049;Anzahl;ERWP06;Arbeitslose
13211;Arbeitsmarktstatistik der Bundesagentur für Arbeit;JAHR;Jahr;2024;DLAND;Bundesländer;09;Bayern;ERWAQ7;Arbeitslose nach ausgewählten Personengruppen;ARBEITSLOS14;55 bis unter 65 Jahre;74750;Anzahl;ERWP06;Arbeitslose
13211;Arbeitsmarktstatistik der Bundesagentur für Arbeit;JAHR;Jahr;2018;DLAND;Bundesländer;02;Hamburg;ERWAQ7;Arbeitslose nach ausgewählten Personengruppen;ARBEITSLOS06;schwerbehindert;3006;Anzahl;ERWP06;Arbeitslose
13211;Arbeitsmarktstatistik der Bundesagentur für Arbeit;JAHR;Jahr;2025;DLAND;Bundesländer;15;Sachsen-Anhalt;ERWAQ7;Arbeitslose nach ausgewählten Personengruppen;ARBEITSLOS06;schwerbehindert;3955;Anzahl;ERWP06;Arbeitslose
13211;Arbeitsmarktstatistik der Bundesagentur für Arbeit;JAHR;Jahr;2022;DLAND;Bundesländer;05;Nordrhein-Westfalen;ERWAQ7;Arbeitslose nach ausgewählten Personengruppen;ARBEITSLOS05;langzeitarbeitslos;298932;Anzahl;ERWP06;Arbeitslose
13211;Arbeitsmarktstatistik der Bundesagentur für Arbeit;JAHR;Jahr;2024;DLAND;Bundesländer;12;Brandenburg;ERWAQ7;Arbeitslose nach ausgewählten Personengruppen;ARBEITSLOS05;langzeitarbeitslos;32001;Anzahl;ERWP06;Arbeitslose
13211;Arbeitsmarktstatistik der Bundesagentur für Arbeit;JAHR;Jahr;2023;DLAND;Bundesländer;04;Bremen;ERWAQ7;Arbeitslose nach ausgewählten Personengruppen;ARBEITSLOS06;schwerbehindert;1505;Anzahl;ERWP06;Arbeitslose
13211;Arbeitsmarktstatistik der Bundesagentur für Arbeit;JAHR;Jahr;2024;DLAND;Bundesländer;14;Sachsen;ERWAQ7;Arbeitslose nach ausgewählten Personengruppen;ARBEITSLOS12;15 bis unter 20 Jahre;3389;Anzahl;ERWP06;Arbeitslose
13211;Arbeitsmarktstatistik der Bundesagentur für Arbeit;JAHR;Jahr;2018;DLAND;Bundesländer;12;Brandenburg;ERWAQ7;Arbeitslose nach ausgewählten Personengruppen;ARBEITSLOS14;55 bis unter 65 Jahre;22492;Anzahl;ERWP06;Arbeitslose
13211;Arbeitsmarktstatistik der Bundesagentur für Arbeit;JAHR;Jahr;2023;DLAND;Bundesländer;06;Hessen;ERWAQ7;Arbeitslose nach ausgewählten Personengruppen;ARBEITSLOS13;15 bis unter 25 Jahre;17601;Anzahl;ERWP06;Arbeitslose
13211;Arbeitsmarktstatistik der Bundesagentur für Arbeit;JAHR;Jahr;2025;DLAND;Bundesländer;06;Hessen;ERWAQ7;Arbeitslose nach ausgewählten Personengruppen;ARBEITSLOS08;ausländisch;95648;Anzahl;ERWP06;Arbeitslose
13211;Arbeitsmarktstatistik der Bundesagentur für Arbeit;JAHR;Jahr;2023;DLAND;Bundesländer;07;Rheinland-Pfalz;ERWAQ7;Arbeitslose nach ausgewählten Personengruppen;ARBEITSLOS14;55 bis unter 65 Jahre;27251;Anzahl;ERWP06;Arbeitslose
13211;Arbeitsmarktstatistik der Bundesagentur für Arbeit;JAHR;Jahr;2025;DLAND;Bundesländer;14;Sachsen;ERWAQ7;Arbeitslose nach ausgewählten Personengruppen;ARBEITSLOS05;langzeitarbeitslos;53539;Anzahl;ERWP06;Arbeitslose
13211;Arbeitsmarktstatistik der Bundesagentur für Arbeit;JAHR;Jahr;2020;DLAND;Bundesländer;12;Brandenburg;ERWAQ7;Arbeitslose nach ausgewählten Personengruppen;ARBEITSLOS13;15 bis unter 25 Jahre;6833;Anzahl;ERWP06;Arbeitslose
13211;Arbeitsmarktstatistik der Bundesagentur für Arbeit;JAHR;Jahr;2022;DLAND;Bundesländer;07;Rheinland-Pfalz;ERWAQ7;Arbeitslose nach ausgewählten Personengruppen;ARBEITSLOS12;15 bis unter 20 Jahre;2190;Anzahl;ERWP06;Arbeitslose
13211;Arbeitsmarktstatistik der Bundesagentur für Arbeit;JAHR;Jahr;2021;DLAND;Bundesländer;11;Berlin;ERWAQ7;Arbeitslose nach ausgewählten Personengruppen;ARBEITSLOS14;55 bis unter 65 Jahre;34070;Anzahl;ERWP06;Arbeitslose
13211;Arbeitsmarktstatistik der Bundesagentur für Arbeit;JAHR;Jahr;2017;DLAND;Bundesländer;12;Brandenburg;ERWAQ7;Arbeitslose nach ausgewählten Personengruppen;ARBEITSLOS12;15 bis unter 20 Jahre;1463;Anzahl;ERWP06;Arbeitslose
13211;Arbeitsmarktstatistik der Bundesagentur für Arbeit;JAHR;Jahr;2018;DLAND;Bundesländer;15;Sachsen-Anhalt;ERWAQ7;Arbeitslose nach ausgewählten Personengruppen;ARBEITSLOS13;15 bis unter 25 Jahre;7068;Anzahl;ERWP06;Arbeitslose
13211;Arbeitsmarktstatistik der Bundesagentur für Arbeit;JAHR;Jahr;2022;DLAND;Bundesländer;09;Bayern;ERWAQ7;Arbeitslose nach ausgewählten Personengruppen;ARBEITSLOS14;55 bis unter 65 Jahre;65778;Anzahl;ERWP06;Arbeitslose
13211;Arbeitsmarktstatistik der Bundesagentur für Arbeit;JAHR;Jahr;2024;DLAND;Bundesländer;02;Hamburg;ERWAQ7;Arbeitslose nach ausgewählten Personengruppen;ARBEITSLOS06;schwerbehindert;3713;Anzahl;ERWP06;Arbeitslose
13211;Arbeitsmarktstatistik der Bundesagentur für Arbeit;JAHR;Jahr;2019;DLAND;Bundesländer;14;Sachsen;ERWAQ7;Arbeitslose nach ausgewählten Personengruppen;ARBEITSLOS14;55 bis unter 65 Jahre;31958;Anzahl;ERWP06;Arbeitslose
13211;Arbeitsmarktstatistik der Bundesagentur für Arbeit;JAHR;Jahr;2025;DLAND;Bundesländer;04;Bremen;ERWAQ7;Arbeitslose nach ausgewählten Personengruppen;ARBEITSLOS06;schwerbehindert;1734;Anzahl;ERWP06;Arbeitslose
13211;Arbeitsmarktstatistik der Bundesagentur für Arbeit;JAHR;Jahr;2017;DLAND;Bundesländer;06;Hessen;ERWAQ7;Arbeitslose nach ausgewählten Personengruppen;ARBEITSLOS13;15 bis unter 25 Jahre;16796;Anzahl;ERWP06;Arbeitslose
13211;Arbeitsmarktstatistik der Bundesagentur für Arbeit;JAHR;Jahr;2018;DLAND;Bundesländer;14;Sachsen;ERWAQ7;Arbeitslose nach ausgewählten Personengruppen;ARBEITSLOS12;15 bis unter 20 Jahre;2449;Anzahl;ERWP06;Arbeitslose
13211;Arbeitsmarktstatistik der Bundesagentur für Arbeit;JAHR;Jahr;2024;DLAND;Bundesländer;01;Schleswig-Holstein;ERWAQ7;Arbeitslose nach ausgewählten Personengruppen;ARBEITSLOS05;langzeitarbeitslos;30610;Anzahl;ERWP06;Arbeitslose
13211;Arbeitsmarktstatistik der Bundesagentur für Arbeit;JAHR;Jahr;2017;DLAND;Bundesländer;04;Bremen;ERWAQ7;Arbeitslose nach ausgewählten Personengruppen;ARBEITSLOS06;schwerbehindert;1536;Anzahl;ERWP06;Arbeitslose
13211;Arbeitsmarktstatistik der Bundesagentur für Arbeit;JAHR;Jahr;2017;DLAND;Bundesländer;02;Hamburg;ERWAQ7;Arbeitslose nach ausgewählten Personengruppen;ARBEITSLOS13;15 bis unter 25 Jahre;5408;Anzahl;ERWP06;Arbeitslose
13211;Arbeitsmarktstatistik der Bundesagentur für Arbeit;JAHR;Jahr;2019;DLAND;Bundesländer;10;Saarland;ERWAQ7;Arbeitslose nach ausgewählten Personengruppen;ARBEITSLOS05;langzeitarbeitslos;10275;Anzahl;ERWP06;Arbeitslose
13211;Arbeitsmarktstatistik der Bundesagentur für Arbeit;JAHR;Jahr;2018;DLAND;Bundesländer;03;Niedersachsen;ERWAQ7;Arbeitslose nach ausgewählten Personengruppen;ARBEITSLOS14;55 bis unter 65 Jahre;46859;Anzahl;ERWP06;Arbeitslose
13211;Arbeitsmarktstatistik der Bundesagentur für Arbeit;JAHR;Jahr;2025;DLAND;Bundesländer;01;Schleswig-Holstein;ERWAQ7;Arbeitslose nach ausgewählten Personengruppen;ARBEITSLOS12;15 bis unter 20 Jahre;2467;Anzahl;ERWP06;Arbeitslose
13211;Arbeitsmarktstatistik der Bundesagentur für Arbeit;JAHR;Jahr;2019;DLAND;Bundesländer;02;Hamburg;ERWAQ7;Arbeitslose nach ausgewählten Personengruppen;ARBEITSLOS08;ausländisch;21994;Anzahl;ERWP06;Arbeitslose
13211;Arbeitsmarktstatistik der Bundesagentur für Arbeit;JAHR;Jahr;2017;DLAND;Bundesländer;15;Sachsen-Anhalt;ERWAQ7;Arbeitslose nach ausgewählten Personengruppen;ARBEITSLOS08;ausländisch;9078;Anzahl;ERWP06;Arbeitslose
13211;Arbeitsmarktstatistik der Bundesagentur für Arbeit;JAHR;Jahr;2024;DLAND;Bundesländer;06;Hessen;ERWAQ7;Arbeitslose nach ausgewählten Personengruppen;ARBEITSLOS06;schwerbehindert;11585;Anzahl;ERWP06;Arbeitslose
13211;Arbeitsmarktstatistik der Bundesagentur für Arbeit;JAHR;Jahr;2024;DLAND;Bundesländer;04;Bremen;ERWAQ7;Arbeitslose nach ausgewählten Personengruppen;ARBEITSLOS13;15 bis unter 25 Jahre;3611;Anzahl;ERWP06;Arbeitslose
13211;Arbeitsmarktstatistik der Bundesagentur für Arbeit;JAHR;Jahr;2025;DLAND;Bundesländer;05;Nordrhein-Westfalen;ERWAQ7;Arbeitslose nach ausgewählten Personengruppen;ARBEITSLOS14;55 bis unter 65 Jahre;178592;Anzahl;ERWP06;Arbeitslose
13211;Arbeitsmarktstatistik der Bundesagentur für Arbeit;JAHR;Jahr;2023;DLAND;Bundesländer;05;Nordrhein-Westfalen;ERWAQ7;Arbeitslose nach ausgewählten Personengruppen;ARBEITSLOS05;langzeitarbeitslos;292134;Anzahl;ERWP06;Arbeitslose
13211;Arbeitsmarktstatistik der Bundesagentur für Arbeit;JAHR;Jahr;2023;DLAND;Bundesländer;07;Rheinland-Pfalz;ERWAQ7;Arbeitslose nach ausgewählten Personengruppen;ARBEITSLOS12;15 bis unter 20 Jahre;2633;Anzahl;ERWP06;Arbeitslose
13211;Arbeitsmarktstatistik der Bundesagentur für Arbeit;JAHR;Jahr;2018;DLAND;Bundesländer;01;Schleswig-Holstein;ERWAQ7;Arbeitslose nach ausgewählten Personengruppen;ARBEITSLOS05;langzeitarbeitslos;29345;Anzahl;ERWP06;Arbeitslose
13211;Arbeitsmarktstatistik der Bundesagentur für Arbeit;JAHR;Jahr;2017;DLAND;Bundesländer;15;Sachsen-Anhalt;ERWAQ7;Arbeitslose nach ausgewählten Personengruppen;ARBEITSLOS06;schwerbehindert;4037;Anzahl;ERWP06;Arbeitslose
13211;Arbeitsmarktstatistik der Bundesagentur für Arbeit;JAHR;Jahr;2025;DLAND;Bundesländer;12;Brandenburg;ERWAQ7;Arbeitslose nach ausgewählten Personengruppen;ARBEITSLOS12;15 bis unter 20 Jahre;1961;Anzahl;ERWP06;Arbeitslose
13211;Arbeitsmarktstatistik der Bundesagentur für Arbeit;JAHR;Jahr;2017;DLAND;Bundesländer;04;Bremen;ERWAQ7;Arbeitslose nach ausgewählten Personengruppen;ARBEITSLOS08;ausländisch;12442;Anzahl;ERWP06;Arbeitslose
13211;Arbeitsmarktstatistik der Bundesagentur für Arbeit;JAHR;Jahr;2019;DLAND;Bundesländer;13;Mecklenburg-Vorpommern;ERWAQ7;Arbeitslose nach ausgewählten Personengruppen;ARBEITSLOS08;ausländisch;5490;Anzahl;ERWP06;Arbeitslose
13211;Arbeitsmarktstatistik der Bundesagentur für Arbeit;JAHR;Jahr;2022;DLAND;Bundesländer;08;Baden-Württemberg;ERWAQ7;Arbeitslose nach ausgewählten Personengruppen;ARBEITSLOS06;schwerbehindert;15205;Anzahl;ERWP06;Arbeitslose
13211;Arbeitsmarktstatistik der Bundesagentur für Arbeit;JAHR;Jahr;2023;DLAND;Bundesländer;16;Thüringen;ERWAQ7;Arbeitslose nach ausgewählten Personengruppen;ARBEITSLOS05;langzeitarbeitslos;21252;Anzahl;ERWP06;Arbeitslose
13211;Arbeitsmarktstatistik der Bundesagentur für Arbeit;JAHR;Jahr;2018;DLAND;Bundesländer;04;Bremen;ERWAQ7;Arbeitslose nach ausgewählten Personengruppen;ARBEITSLOS08;ausländisch;12547;Anzahl;ERWP06;Arbeitslose
13211;Arbeitsmarktstatistik der Bundesagentur für Arbeit;JAHR;Jahr;2017;DLAND;Bundesländer;12;Brandenburg;ERWAQ7;Arbeitslose nach ausgewählten Personengruppen;ARBEITSLOS05;langzeitarbeitslos;38576;Anzahl;ERWP06;Arbeitslose
13211;Arbeitsmarktstatistik der Bundesagentur für Arbeit;JAHR;Jahr;2023;DLAND;Bundesländer;08;Baden-Württemberg;ERWAQ7;Arbeitslose nach ausgewählten Personengruppen;ARBEITSLOS08;ausländisch;106119;Anzahl;ERWP06;Arbeitslose
13211;Arbeitsmarktstatistik der Bundesagentur für Arbeit;JAHR;Jahr;2018;DLAND;Bundesländer;12;Brandenburg;ERWAQ7;Arbeitslose nach ausgewählten Personengruppen;ARBEITSLOS05;langzeitarbeitslos;33076;Anzahl;ERWP06;Arbeitslose
13211;Arbeitsmarktstatistik der Bundesagentur für Arbeit;JAHR;Jahr;2018;DLAND;Bundesländer;13;Mecklenburg-Vorpommern;ERWAQ7;Arbeitslose nach ausgewählten Personengruppen;ARBEITSLOS06;schwerbehindert;4198;Anzahl;ERWP06;Arbeitslose
13211;Arbeitsmarktstatistik der Bundesagentur für Arbeit;JAHR;Jahr;2020;DLAND;Bundesländer;12;Brandenburg;ERWAQ7;Arbeitslose nach ausgewählten Personengruppen;ARBEITSLOS08;ausländisch;10582;Anzahl;ERWP06;Arbeitslose
13211;Arbeitsmarktstatistik der Bundesagentur für Arbeit;JAHR;Jahr;2025;DLAND;Bundesländer;15;Sachsen-Anhalt;ERWAQ7;Arbeitslose nach ausgewählten Personengruppen;ARBEITSLOS08;ausländisch;18187;Anzahl;ERWP06;Arbeitslose
13211;Arbeitsmarktstatistik der Bundesagentur für Arbeit;JAHR;Jahr;2024;DLAND;Bundesländer;05;Nordrhein-Westfalen;ERWAQ7;Arbeitslose nach ausgewählten Personengruppen;ARBEITSLOS12;15 bis unter 20 Jahre;13958;Anzahl;ERWP06;Arbeitslose
13211;Arbeitsmarktstatistik der Bundesagentur für Arbeit;JAHR;Jahr;2025;DLAND;Bundesländer;04;Bremen;ERWAQ7;Arbeitslose nach ausgewählten Personengruppen;ARBEITSLOS13;15 bis unter 25 Jahre;3804;Anzahl;ERWP06;Arbeitslose
13211;Arbeitsmarktstatistik der Bundesagentur für Arbeit;JAHR;Jahr;2017;DLAND;Bundesländer;03;Niedersachsen;ERWAQ7;Arbeitslose nach ausgewählten Personengruppen;ARBEITSLOS12;15 bis unter 20 Jahre;4940;Anzahl;ERWP06;Arbeitslose
13211;Arbeitsmarktstatistik der Bundesagentur für Arbeit;JAHR;Jahr;2018;DLAND;Bundesländer;15;Sachsen-Anhalt;ERWAQ7;Arbeitslose nach ausgewählten Personengruppen;ARBEITSLOS08;ausländisch;9000;Anzahl;ERWP06;Arbeitslose
13211;Arbeitsmarktstatistik der Bundesagentur für Arbeit;JAHR;Jahr;2018;DLAND;Bundesländer;02;Hamburg;ERWAQ7;Arbeitslose nach ausgewählten Personengruppen;ARBEITSLOS13;15 bis unter 25 Jahre;5285;Anzahl;ERWP06;Arbeitslose
13211;Arbeitsmarktstatistik der Bundesagentur für Arbeit;JAHR;Jahr;2017;DLAND;Bundesländer;16;Thüringen;ERWAQ7;Arbeitslose nach ausgewählten Personengruppen;ARBEITSLOS14;55 bis unter 65 Jahre;18821;Anzahl;ERWP06;Arbeitslose
13211;Arbeitsmarktstatistik der Bundesagentur für Arbeit;JAHR;Jahr;2019;DLAND;Bundesländer;01;Schleswig-Holstein;ERWAQ7;Arbeitslose nach ausgewählten Personengruppen;ARBEITSLOS14;55 bis unter 65 Jahre;16571;Anzahl;ERWP06;Arbeitslose
13211;Arbeitsmarktstatistik der Bundesagentur für Arbeit;JAHR;Jahr;2024;DLAND;Bundesländer;06;Hessen;ERWAQ7;Arbeitslose nach ausgewählten Personengruppen;ARBEITSLOS08;ausländisch;92055;Anzahl;ERWP06;Arbeitslose
13211;Arbeitsmarktstatistik der Bundesagentur für Arbeit;JAHR;Jahr;2025;DLAND;Bundesländer;14;Sachsen;ERWAQ7;Arbeitslose nach ausgewählten Personengruppen;ARBEITSLOS12;15 bis unter 20 Jahre;3623;Anzahl;ERWP06;Arbeitslose
13211;Arbeitsmarktstatistik der Bundesagentur für Arbeit;JAHR;Jahr;2017;DLAND;Bundesländer;01;Schleswig-Holstein;ERWAQ7;Arbeitslose nach ausgewählten Personengruppen;ARBEITSLOS05;langzeitarbeitslos;32362;Anzahl;ERWP06;Arbeitslose
13211;Arbeitsmarktstatistik der Bundesagentur für Arbeit;JAHR;Jahr;2024;DLAND;Bundesländer;07;Rheinland-Pfalz;ERWAQ7;Arbeitslose nach ausgewählten Personengruppen;ARBEITSLOS14;55 bis unter 65 Jahre;29299;Anzahl;ERWP06;Arbeitslose
13211;Arbeitsmarktstatistik der Bundesagentur für Arbeit;JAHR;Jahr;2025;DLAND;Bundesländer;13;Mecklenburg-Vorpommern;ERWAQ7;Arbeitslose nach ausgewählten Personengruppen;ARBEITSLOS06;schwerbehindert;4131;Anzahl;ERWP06;Arbeitslose
13211;Arbeitsmarktstatistik der Bundesagentur für Arbeit;JAHR;Jahr;2022;DLAND;Bundesländer;07;Rheinland-Pfalz;ERWAQ7;Arbeitslose nach ausgewählten Personengruppen;ARBEITSLOS05;langzeitarbeitslos;35707;Anzahl;ERWP06;Arbeitslose
13211;Arbeitsmarktstatistik der Bundesagentur für Arbeit;JAHR;Jahr;2023;DLAND;Bundesländer;06;Hessen;ERWAQ7;Arbeitslose nach ausgewählten Personengruppen;ARBEITSLOS06;schwerbehindert;10979;Anzahl;ERWP06;Arbeitslose
13211;Arbeitsmarktstatistik der Bundesagentur für Arbeit;JAHR;Jahr;2024;DLAND;Bundesländer;14;Sachsen;ERWAQ7;Arbeitslose nach ausgewählten Personengruppen;ARBEITSLOS05;langzeitarbeitslos;50455;Anzahl;ERWP06;Arbeitslose
13211;Arbeitsmarktstatistik der Bundesagentur für Arbeit;JAHR;Jahr;2017;DLAND;Bundesländer;15;Sachsen-Anhalt;ERWAQ7;Arbeitslose nach ausgewählten Personengruppen;ARBEITSLOS13;15 bis unter 25 Jahre;7298;Anzahl;ERWP06;Arbeitslose
13211;Arbeitsmarktstatistik der Bundesagentur für Arbeit;JAHR;Jahr;2025;DLAND;Bundesländer;04;Bremen;ERWAQ7;Arbeitslose nach ausgewählten Personengruppen;ARBEITSLOS08;ausländisch;19430;Anzahl;ERWP06;Arbeitslose
13211;Arbeitsmarktstatistik der Bundesagentur für Arbeit;JAHR;Jahr;2024;DLAND;Bundesländer;16;Thüringen;ERWAQ7;Arbeitslose nach ausgewählten Personengruppen;ARBEITSLOS12;15 bis unter 20 Jahre;1955;Anzahl;ERWP06;Arbeitslose
13211;Arbeitsmarktstatistik der Bundesagentur für Arbeit;JAHR;Jahr;2025;DLAND;Bundesländer;15;Sachsen-Anhalt;ERWAQ7;Arbeitslose nach ausgewählten Personengruppen;ARBEITSLOS13;15 bis unter 25 Jahre;9046;Anzahl;ERWP06;Arbeitslose
13211;Arbeitsmarktstatistik der Bundesagentur für Arbeit;JAHR;Jahr;2018;DLAND;Bundesländer;14;Sachsen;ERWAQ7;Arbeitslose nach ausgewählten Personengruppen;ARBEITSLOS14;55 bis unter 65 Jahre;34818;Anzahl;ERWP06;Arbeitslose
13211;Arbeitsmarktstatistik der Bundesagentur für Arbeit;JAHR;Jahr;2023;DLAND;Bundesländer;08;Baden-Württemberg;ERWAQ7;Arbeitslose nach ausgewählten Personengruppen;ARBEITSLOS13;15 bis unter 25 Jahre;20219;Anzahl;ERWP06;Arbeitslose
13211;Arbeitsmarktstatistik der Bundesagentur für Arbeit;JAHR;Jahr;2023;DLAND;Bundesländer;09;Bayern;ERWAQ7;Arbeitslose nach ausgewählten Personengruppen;ARBEITSLOS14;55 bis unter 65 Jahre;68919;Anzahl;ERWP06;Arbeitslose
13211;Arbeitsmarktstatistik der Bundesagentur für Arbeit;JAHR;Jahr;2020;DLAND;Bundesländer;10;Saarland;ERWAQ7;Arbeitslose nach ausgewählten Personengruppen;ARBEITSLOS13;15 bis unter 25 Jahre;3314;Anzahl;ERWP06;Arbeitslose
13211;Arbeitsmarktstatistik der Bundesagentur für Arbeit;JAHR;Jahr;2022;DLAND;Bundesländer;09;Bayern;ERWAQ7;Arbeitslose nach ausgewählten Personengruppen;ARBEITSLOS12;15 bis unter 20 Jahre;5166;Anzahl;ERWP06;Arbeitslose
13211;Arbeitsmarktstatistik der Bundesagentur für Arbeit;JAHR;Jahr;2018;DLAND;Bundesländer;13;Mecklenburg-Vorpommern;ERWAQ7;Arbeitslose nach ausgewählten Personengruppen;ARBEITSLOS13;15 bis unter 25 Jahre;5613;Anzahl;ERWP06;Arbeitslose
13211;Arbeitsmarktstatistik der Bundesagentur für Arbeit;JAHR;Jahr;2025;DLAND;Bundesländer;12;Brandenburg;ERWAQ7;Arbeitslose nach ausgewählten Personengruppen;ARBEITSLOS05;langzeitarbeitslos;33503;Anzahl;ERWP06;Arbeitslose
13211;Arbeitsmarktstatistik der Bundesagentur für Arbeit;JAHR;Jahr;2017;DLAND;Bundesländer;14;Sachsen;ERWAQ7;Arbeitslose nach ausgewählten Personengruppen;ARBEITSLOS12;15 bis unter 20 Jahre;2440;Anzahl;ERWP06;Arbeitslose
13211;Arbeitsmarktstatistik der Bundesagentur für Arbeit;JAHR;Jahr;2025;DLAND;Bundesländer;16;Thüringen;ERWAQ7;Arbeitslose nach ausgewählten Personengruppen;ARBEITSLOS14;55 bis unter 65 Jahre;18547;Anzahl;ERWP06;Arbeitslose
13211;Arbeitsmarktstatistik der Bundesagentur für Arbeit;JAHR;Jahr;2024;DLAND;Bundesländer;04;Bremen;ERWAQ7;Arbeitslose nach ausgewählten Personengruppen;ARBEITSLOS06;schwerbehindert;1602;Anzahl;ERWP06;Arbeitslose
13211;Arbeitsmarktstatistik der Bundesagentur für Arbeit;JAHR;Jahr;2017;DLAND;Bundesländer;05;Nordrhein-Westfalen;ERWAQ7;Arbeitslose nach ausgewählten Personengruppen;ARBEITSLOS14;55 bis unter 65 Jahre;134040;Anzahl;ERWP06;Arbeitslose
13211;Arbeitsmarktstatistik der Bundesagentur für Arbeit;JAHR;Jahr;2019;DLAND;Bundesländer;12;Brandenburg;ERWAQ7;Arbeitslose nach ausgewählten Personengruppen;ARBEITSLOS14;55 bis unter 65 Jahre;20951;Anzahl;ERWP06;Arbeitslose
13211;Arbeitsmarktstatistik der Bundesagentur für Arbeit;JAHR;Jahr;2020;DLAND;Bundesländer;11;Berlin;ERWAQ7;Arbeitslose nach ausgewählten Personengruppen;ARBEITSLOS14;55 bis unter 65 Jahre;30771;Anzahl;ERWP06;Arbeitslose
13211;Arbeitsmarktstatistik der Bundesagentur für Arbeit;JAHR;Jahr;2018;DLAND;Bundesländer;12;Brandenburg;ERWAQ7;Arbeitslose nach ausgewählten Personengruppen;ARBEITSLOS12;15 bis unter 20 Jahre;1361;Anzahl;ERWP06;Arbeitslose
13211;Arbeitsmarktstatistik der Bundesagentur für Arbeit;JAHR;Jahr;2019;DLAND;Bundesländer;11;Berlin;ERWAQ7;Arbeitslose nach ausgewählten Personengruppen;ARBEITSLOS13;15 bis unter 25 Jahre;12468;Anzahl;ERWP06;Arbeitslose
13211;Arbeitsmarktstatistik der Bundesagentur für Arbeit;JAHR;Jahr;2025;DLAND;Bundesländer;02;Hamburg;ERWAQ7;Arbeitslose nach ausgewählten Personengruppen;ARBEITSLOS06;schwerbehindert;3849;Anzahl;ERWP06;Arbeitslose
13211;Arbeitsmarktstatistik der Bundesagentur für Arbeit;JAHR;Jahr;2024;DLAND;Bundesländer;03;Niedersachsen;ERWAQ7;Arbeitslose nach ausgewählten Personengruppen;ARBEITSLOS05;langzeitarbeitslos;99063;Anzahl;ERWP06;Arbeitslose
13211;Arbeitsmarktstatistik der Bundesagentur für Arbeit;JAHR;Jahr;2020;DLAND;Bundesländer;08;Baden-Württemberg;;;;;259940;Anzahl;ERWP06;Arbeitslose
13211;Arbeitsmarktstatistik der Bundesagentur für Arbeit;JAHR;Jahr;2020;DLAND;Bundesländer;08;Baden-Württemberg;;;;;4,5;Prozent;ERWP09;Arbeitslosenquote bez. abh. zivile Erwerbspers.
13211;Arbeitsmarktstatistik der Bundesagentur für Arbeit;JAHR;Jahr;2020;DLAND;Bundesländer;08;Baden-Württemberg;;;;;4,1;Prozent;ERWP10;Arbeitslosenquote bez. auf alle zivile Erwerbsp.
13211;Arbeitsmarktstatistik der Bundesagentur für Arbeit;JAHR;Jahr;2017;DLAND;Bundesländer;03;Niedersachsen;;;;;244260;Anzahl;ERWP06;Arbeitslose
13211;Arbeitsmarktstatistik der Bundesagentur für Arbeit;JAHR;Jahr;2017;DLAND;Bundesländer;03;Niedersachsen;;;;;6,3;Prozent;ERWP09;Arbeitslosenquote bez. abh. zivile Erwerbspers.
13211;Arbeitsmarktstatistik der Bundesagentur für Arbeit;JAHR;Jahr;2017;DLAND;Bundesländer;03;Niedersachsen;;;;;5,8;Prozent;ERWP10;Arbeitslosenquote bez. auf alle zivile Erwerbsp.
13211;Arbeitsmarktstatistik der Bundesagentur für Arbeit;JAHR;Jahr;2023;DLAND;Bundesländer;15;Sachsen-Anhalt;;;;;82627;Anzahl;ERWP06;Arbeitslose
13211;Arbeitsmarktstatistik der Bundesagentur für Arbeit;JAHR;Jahr;2023;DLAND;Bundesländer;15;Sachsen-Anhalt;;;;;8,0;Prozent;ERWP09;Arbeitslosenquote bez. abh. zivile Erwerbspers.
13211;Arbeitsmarktstatistik der Bundesagentur für Arbeit;JAHR;Jahr;2023;DLAND;Bundesländer;15;Sachsen-Anhalt;;;;;7,5;Prozent;ERWP10;Arbeitslosenquote bez. auf alle zivile Erwerbsp.
13211;Arbeitsmarktstatistik der Bundesagentur für Arbeit;JAHR;Jahr;2025;DLAND;Bundesländer;06;Hessen;;;;;205944;Anzahl;ERWP06;Arbeitslose
13211;Arbeitsmarktstatistik der Bundesagentur für Arbeit;JAHR;Jahr;2025;DLAND;Bundesländer;06;Hessen;;;;;6,3;Prozent;ERWP09;Arbeitslosenquote bez. abh. zivile Erwerbspers.
13211;Arbeitsmarktstatistik der Bundesagentur für Arbeit;JAHR;Jahr;2025;DLAND;Bundesländer;06;Hessen;;;;;5,8;Prozent;ERWP10;Arbeitslosenquote bez. auf alle zivile Erwerbsp.
13211;Arbeitsmarktstatistik der Bundesagentur für Arbeit;JAHR;Jahr;2018;DLAND;Bundesländer;04;Bremen;;;;;34904;Anzahl;ERWP06;Arbeitslose
13211;Arbeitsmarktstatistik der Bundesagentur für Arbeit;JAHR;Jahr;2018;DLAND;Bundesländer;04;Bremen;;;;;10,8;Prozent;ERWP09;Arbeitslosenquote bez. abh. zivile Erwerbspers.
13211;Arbeitsmarktstatistik der Bundesagentur für Arbeit;JAHR;Jahr;2018;DLAND;Bundesländer;04;Bremen;;;;;9,8;Prozent;ERWP10;Arbeitslosenquote bez. auf alle zivile Erwerbsp.
13211;Arbeitsmarktstatistik der Bundesagentur für Arbeit;JAHR;Jahr;2024;DLAND;Bundesländer;12;Brandenburg;;;;;82795;Anzahl;ERWP06;Arbeitslose
13211;Arbeitsmarktstatistik der Bundesagentur für Arbeit;JAHR;Jahr;2024;DLAND;Bundesländer;12;Brandenburg;;;;;6,7;Prozent;ERWP09;Arbeitslosenquote bez. abh. zivile Erwerbspers.
13211;Arbeitsmarktstatistik der Bundesagentur für Arbeit;JAHR;Jahr;2024;DLAND;Bundesländer;12;Brandenburg;;;;;6,1;Prozent;ERWP10;Arbeitslosenquote bez. auf alle zivile Erwerbsp.
13211;Arbeitsmarktstatistik der Bundesagentur für Arbeit;JAHR;Jahr;2022;DLAND;Bundesländer;14;Sachsen;;;;;118216;Anzahl;ERWP06;Arbeitslose
13211;Arbeitsmarktstatistik der Bundesagentur für Arbeit;JAHR;Jahr;2022;DLAND;Bundesländer;14;Sachsen;;;;;6,1;Prozent;ERWP09;Arbeitslosenquote bez. abh. zivile Erwerbspers.
13211;Arbeitsmarktstatistik der Bundesagentur für Arbeit;JAHR;Jahr;2022;DLAND;Bundesländer;14;Sachsen;;;;;5,6;Prozent;ERWP10;Arbeitslosenquote bez. auf alle zivile Erwerbsp.
13211;Arbeitsmarktstatistik der Bundesagentur für Arbeit;JAHR;Jahr;2020;DLAND;Bundesländer;04;Bremen;;;;;40822;Anzahl;ERWP06;Arbeitslose
13211;Arbeitsmarktstatistik der Bundesagentur für Arbeit;JAHR;Jahr;2020;DLAND;Bundesländer;04;Bremen;;;;;12,2;Prozent;ERWP09;Arbeitslosenquote bez. abh. zivile Erwerbspers.
13211;Arbeitsmarktstatistik der Bundesagentur für Arbeit;JAHR;Jahr;2020;DLAND;Bundesländer;04;Bremen;;;;;11,2;Prozent;ERWP10;Arbeitslosenquote bez. auf alle zivile Erwerbsp.
13211;Arbeitsmarktstatistik der Bundesagentur für Arbeit;JAHR;Jahr;2024;DLAND;Bundesländer;05;Nordrhein-Westfalen;;;;;749712;Anzahl;ERWP06;Arbeitslose
13211;Arbeitsmarktstatistik der Bundesagentur für Arbeit;JAHR;Jahr;2024;DLAND;Bundesländer;05;Nordrhein-Westfalen;;;;;8,1;Prozent;ERWP09;Arbeitslosenquote bez. abh. zivile Erwerbspers.
13211;Arbeitsmarktstatistik der Bundesagentur für Arbeit;JAHR;Jahr;2024;DLAND;Bundesländer;05;Nordrhein-Westfalen;;;;;7,5;Prozent;ERWP10;Arbeitslosenquote bez. auf alle zivile Erwerbsp.
13211;Arbeitsmarktstatistik der Bundesagentur für Arbeit;JAHR;Jahr;2024;DLAND;Bundesländer;09;Bayern;;;;;285234;Anzahl;ERWP06;Arbeitslose
13211;Arbeitsmarktstatistik der Bundesagentur für Arbeit;JAHR;Jahr;2024;DLAND;Bundesländer;09;Bayern;;;;;4,0;Prozent;ERWP09;Arbeitslosenquote bez. abh. zivile Erwerbspers.
13211;Arbeitsmarktstatistik der Bundesagentur für Arbeit;JAHR;Jahr;2024;DLAND;Bundesländer;09;Bayern;;;;;3,7;Prozent;ERWP10;Arbeitslosenquote bez. auf alle zivile Erwerbsp.
13211;Arbeitsmarktstatistik der Bundesagentur für Arbeit;JAHR;Jahr;2019;DLAND;Bundesländer;01;Schleswig-Holstein;;;;;79678;Anzahl;ERWP06;Arbeitslose
13211;Arbeitsmarktstatistik der Bundesagentur für Arbeit;JAHR;Jahr;2019;DLAND;Bundesländer;01;Schleswig-Holstein;;;;;5,6;Prozent;ERWP09;Arbeitslosenquote bez. abh. zivile Erwerbspers.
13211;Arbeitsmarktstatistik der Bundesagentur für Arbeit;JAHR;Jahr;2019;DLAND;Bundesländer;01;Schleswig-Holstein;;;;;5,1;Prozent;ERWP10;Arbeitslosenquote bez. auf alle zivile Erwerbsp.
13211;Arbeitsmarktstatistik der Bundesagentur für Arbeit;JAHR;Jahr;2025;DLAND;Bundesländer;13;Mecklenburg-Vorpommern;;;;;65605;Anzahl;ERWP06;Arbeitslose
13211;Arbeitsmarktstatistik der Bundesagentur für Arbeit;JAHR;Jahr;2025;DLAND;Bundesländer;13;Mecklenburg-Vorpommern;;;;;8,6;Prozent;ERWP09;Arbeitslosenquote bez. abh. zivile Erwerbspers.
13211;Arbeitsmarktstatistik der Bundesagentur für Arbeit;JAHR;Jahr;2025;DLAND;Bundesländer;13;Mecklenburg-Vorpommern;;;;;8,0;Prozent;ERWP10;Arbeitslosenquote bez. auf alle zivile Erwerbsp.
13211;Arbeitsmarktstatistik der Bundesagentur für Arbeit;JAHR;Jahr;2019;DLAND;Bundesländer;05;Nordrhein-Westfalen;;;;;635486;Anzahl;ERWP06;Arbeitslose
13211;Arbeitsmarktstatistik der Bundesagentur für Arbeit;JAHR;Jahr;2019;DLAND;Bundesländer;05;Nordrhein-Westfalen;;;;;7,2;Prozent;ERWP09;Arbeitslosenquote bez. abh. zivile Erwerbspers.
13211;Arbeitsmarktstatistik der Bundesagentur für Arbeit;JAHR;Jahr;2019;DLAND;Bundesländer;05;Nordrhein-Westfalen;;;;;6,5;Prozent;ERWP10;Arbeitslosenquote bez. auf alle zivile Erwerbsp.
13211;Arbeitsmarktstatistik der Bundesagentur für Arbeit;JAHR;Jahr;2021;DLAND;Bundesländer;13;Mecklenburg-Vorpommern;;;;;62410;Anzahl;ERWP06;Arbeitslose
13211;Arbeitsmarktstatistik der Bundesagentur für Arbeit;JAHR;Jahr;2021;DLAND;Bundesländer;13;Mecklenburg-Vorpommern;;;;;8,3;Prozent;ERWP09;Arbeitslosenquote bez. abh. zivile Erwerbspers.
13211;Arbeitsmarktstatistik der Bundesagentur für Arbeit;JAHR;Jahr;2021;DLAND;Bundesländer;13;Mecklenburg-Vorpommern;;;;;7,6;Prozent;ERWP10;Arbeitslosenquote bez. auf alle zivile Erwerbsp.
13211;Arbeitsmarktstatistik der Bundesagentur für Arbeit;JAHR;Jahr;2023;DLAND;Bundesländer;04;Bremen;;;;;39050;Anzahl;ERWP06;Arbeitslose
13211;Arbeitsmarktstatistik der Bundesagentur für Arbeit;JAHR;Jahr;2023;DLAND;Bundesländer;04;Bremen;;;;;11,5;Prozent;ERWP09;Arbeitslosenquote bez. abh. zivile Erwerbspers.
13211;Arbeitsmarktstatistik der Bundesagentur für Arbeit;JAHR;Jahr;2023;DLAND;Bundesländer;04;Bremen;;;;;10,6;Prozent;ERWP10;Arbeitslosenquote bez. auf alle zivile Erwerbsp.
13211;Arbeitsmarktstatistik der Bundesagentur für Arbeit;JAHR;Jahr;2017;DLAND;Bundesländer;15;Sachsen-Anhalt;;;;;96960;Anzahl;ERWP06;Arbeitslose
13211;Arbeitsmarktstatistik der Bundesagentur für Arbeit;JAHR;Jahr;2017;DLAND;Bundesländer;15;Sachsen-Anhalt;;;;;9,2;Prozent;ERWP09;Arbeitslosenquote bez. abh. zivile Erwerbspers.
13211;Arbeitsmarktstatistik der Bundesagentur für Arbeit;JAHR;Jahr;2017;DLAND;Bundesländer;15;Sachsen-Anhalt;;;;;8,4;Prozent;ERWP10;Arbeitslosenquote bez. auf alle zivile Erwerbsp.
13211;Arbeitsmarktstatistik der Bundesagentur für Arbeit;JAHR;Jahr;2023;DLAND;Bundesländer;08;Baden-Württemberg;;;;;245466;Anzahl;ERWP06;Arbeitslose
13211;Arbeitsmarktstatistik der Bundesagentur für Arbeit;JAHR;Jahr;2023;DLAND;Bundesländer;08;Baden-Württemberg;;;;;4,2;Prozent;ERWP09;Arbeitslosenquote bez. abh. zivile Erwerbspers.
13211;Arbeitsmarktstatistik der Bundesagentur für Arbeit;JAHR;Jahr;2023;DLAND;Bundesländer;08;Baden-Württemberg;;;;;3,9;Prozent;ERWP10;Arbeitslosenquote bez. auf alle zivile Erwerbsp.
13211;Arbeitsmarktstatistik der Bundesagentur für Arbeit;JAHR;Jahr;2017;DLAND;Bundesländer;11;Berlin;;;;;168991;Anzahl;ERWP06;Arbeitslose
13211;Arbeitsmarktstatistik der Bundesagentur für Arbeit;JAHR;Jahr;2017;DLAND;Bundesländer;11;Berlin;;;;;10,5;Prozent;ERWP09;Arbeitslosenquote bez. abh. zivile Erwerbspers.
13211;Arbeitsmarktstatistik der Bundesagentur für Arbeit;JAHR;Jahr;2017;DLAND;Bundesländer;11;Berlin;;;;;9,0;Prozent;ERWP10;Arbeitslosenquote bez. auf alle zivile Erwerbsp.
13211;Arbeitsmarktstatistik der Bundesagentur für Arbeit;JAHR;Jahr;2018;DLAND;Bundesländer;11;Berlin;;;;;156230;Anzahl;ERWP06;Arbeitslose
13211;Arbeitsmarktstatistik der Bundesagentur für Arbeit;JAHR;Jahr;2018;DLAND;Bundesländer;11;Berlin;;;;;9,5;Prozent;ERWP09;Arbeitslosenquote bez. abh. zivile Erwerbspers.
13211;Arbeitsmarktstatistik der Bundesagentur für Arbeit;JAHR;Jahr;2018;DLAND;Bundesländer;11;Berlin;;;;;8,1;Prozent;ERWP10;Arbeitslosenquote bez. auf alle zivile Erwerbsp.
13211;Arbeitsmarktstatistik der Bundesagentur für Arbeit;JAHR;Jahr;2020;DLAND;Bundesländer;12;Brandenburg;;;;;82491;Anzahl;ERWP06;Arbeitslose
13211;Arbeitsmarktstatistik der Bundesagentur für Arbeit;JAHR;Jahr;2020;DLAND;Bundesländer;12;Brandenburg;;;;;6,8;Prozent;ERWP09;Arbeitslosenquote bez. abh. zivile Erwerbspers.
13211;Arbeitsmarktstatistik der Bundesagentur für Arbeit;JAHR;Jahr;2020;DLAND;Bundesländer;12;Brandenburg;;;;;6,2;Prozent;ERWP10;Arbeitslosenquote bez. auf alle zivile Erwerbsp.
13211;Arbeitsmarktstatistik der Bundesagentur für Arbeit;JAHR;Jahr;2022;DLAND;Bundesländer;06;Hessen;;;;;164492;Anzahl;ERWP06;Arbeitslose
13211;Arbeitsmarktstatistik der Bundesagentur für Arbeit;JAHR;Jahr;2022;DLAND;Bundesländer;06;Hessen;;;;;5,2;Prozent;ERWP09;Arbeitslosenquote bez. abh. zivile Erwerbspers.
13211;Arbeitsmarktstatistik der Bundesagentur für Arbeit;JAHR;Jahr;2022;DLAND;Bundesländer;06;Hessen;;;;;4,8;Prozent;ERWP10;Arbeitslosenquote bez. auf alle zivile Erwerbsp.
13211;Arbeitsmarktstatistik der Bundesagentur für Arbeit;JAHR;Jahr;2018;DLAND;Bundesländer;15;Sachsen-Anhalt;;;;;88106;Anzahl;ERWP06;Arbeitslose
13211;Arbeitsmarktstatistik der Bundesagentur für Arbeit;JAHR;Jahr;2018;DLAND;Bundesländer;15;Sachsen-Anhalt;;;;;8,4;Prozent;ERWP09;Arbeitslosenquote bez. abh. zivile Erwerbspers.
13211;Arbeitsmarktstatistik der Bundesagentur für Arbeit;JAHR;Jahr;2018;DLAND;Bundesländer;15;Sachsen-Anhalt;;;;;7,7;Prozent;ERWP10;Arbeitslosenquote bez. auf alle zivile Erwerbsp.
13211;Arbeitsmarktstatistik der Bundesagentur für Arbeit;JAHR;Jahr;2024;DLAND;Bundesländer;01;Schleswig-Holstein;;;;;92493;Anzahl;ERWP06;Arbeitslose
13211;Arbeitsmarktstatistik der Bundesagentur für Arbeit;JAHR;Jahr;2024;DLAND;Bundesländer;01;Schleswig-Holstein;;;;;6,3;Prozent;ERWP09;Arbeitslosenquote bez. abh. zivile Erwerbspers.
13211;Arbeitsmarktstatistik der Bundesagentur für Arbeit;JAHR;Jahr;2024;DLAND;Bundesländer;01;Schleswig-Holstein;;;;;5,7;Prozent;ERWP10;Arbeitslosenquote bez. auf alle zivile Erwerbsp.
13211;Arbeitsmarktstatistik der Bundesagentur für Arbeit;JAHR;Jahr;2020;DLAND;Bundesländer;16;Thüringen;;;;;66678;Anzahl;ERWP06;Arbeitslose
13211;Arbeitsmarktstatistik der Bundesagentur für Arbeit;JAHR;Jahr;2020;DLAND;Bundesländer;16;Thüringen;;;;;6,5;Prozent;ERWP09;Arbeitslosenquote bez. abh. zivile Erwerbspers.
13211;Arbeitsmarktstatistik der Bundesagentur für Arbeit;JAHR;Jahr;2020;DLAND;Bundesländer;16;Thüringen;;;;;6,0;Prozent;ERWP10;Arbeitslosenquote bez. auf alle zivile Erwerbsp.
13211;Arbeitsmarktstatistik der Bundesagentur für Arbeit;JAHR;Jahr;2022;DLAND;Bundesländer;02;Hamburg;;;;;73800;Anzahl;ERWP06;Arbeitslose
13211;Arbeitsmarktstatistik der Bundesagentur für Arbeit;JAHR;Jahr;2022;DLAND;Bundesländer;02;Hamburg;;;;;7,6;Prozent;ERWP09;Arbeitslosenquote bez. abh. zivile Erwerbspers.
13211;Arbeitsmarktstatistik der Bundesagentur für Arbeit;JAHR;Jahr;2022;DLAND;Bundesländer;02;Hamburg;;;;;6,8;Prozent;ERWP10;Arbeitslosenquote bez. auf alle zivile Erwerbsp.
13211;Arbeitsmarktstatistik der Bundesagentur für Arbeit;JAHR;Jahr;2018;DLAND;Bundesländer;08;Baden-Württemberg;;;;;195128;Anzahl;ERWP06;Arbeitslose
13211;Arbeitsmarktstatistik der Bundesagentur für Arbeit;JAHR;Jahr;2018;DLAND;Bundesländer;08;Baden-Württemberg;;;;;3,5;Prozent;ERWP09;Arbeitslosenquote bez. abh. zivile Erwerbspers.
13211;Arbeitsmarktstatistik der Bundesagentur für Arbeit;JAHR;Jahr;2018;DLAND;Bundesländer;08;Baden-Württemberg;;;;;3,2;Prozent;ERWP10;Arbeitslosenquote bez. auf alle zivile Erwerbsp.
13211;Arbeitsmarktstatistik der Bundesagentur für Arbeit;JAHR;Jahr;2025;DLAND;Bundesländer;01;Schleswig-Holstein;;;;;95886;Anzahl;ERWP06;Arbeitslose
13211;Arbeitsmarktstatistik der Bundesagentur für Arbeit;JAHR;Jahr;2025;DLAND;Bundesländer;01;Schleswig-Holstein;;;;;6,4;Prozent;ERWP09;Arbeitslosenquote bez. abh. zivile Erwerbspers.
13211;Arbeitsmarktstatistik der Bundesagentur für Arbeit;JAHR;Jahr;2025;DLAND;Bundesländer;01;Schleswig-Holstein;;;;;5,9;Prozent;ERWP10;Arbeitslosenquote bez. auf alle zivile Erwerbsp.
13211;Arbeitsmarktstatistik der Bundesagentur für Arbeit;JAHR;Jahr;2021;DLAND;Bundesländer;06;Hessen;;;;;178086;Anzahl;ERWP06;Arbeitslose
13211;Arbeitsmarktstatistik der Bundesagentur für Arbeit;JAHR;Jahr;2021;DLAND;Bundesländer;06;Hessen;;;;;5,7;Prozent;ERWP09;Arbeitslosenquote bez. abh. zivile Erwerbspers.
13211;Arbeitsmarktstatistik der Bundesagentur für Arbeit;JAHR;Jahr;2021;DLAND;Bundesländer;06;Hessen;;;;;5,2;Prozent;ERWP10;Arbeitslosenquote bez. auf alle zivile Erwerbsp.
13211;Arbeitsmarktstatistik der Bundesagentur für Arbeit;JAHR;Jahr;2019;DLAND;Bundesländer;13;Mecklenburg-Vorpommern;;;;;58485;Anzahl;ERWP06;Arbeitslose
13211;Arbeitsmarktstatistik der Bundesagentur für Arbeit;JAHR;Jahr;2019;DLAND;Bundesländer;13;Mecklenburg-Vorpommern;;;;;7,7;Prozent;ERWP09;Arbeitslosenquote bez. abh. zivile Erwerbspers.
13211;Arbeitsmarktstatistik der Bundesagentur für Arbeit;JAHR;Jahr;2019;DLAND;Bundesländer;13;Mecklenburg-Vorpommern;;;;;7,1;Prozent;ERWP10;Arbeitslosenquote bez. auf alle zivile Erwerbsp.
13211;Arbeitsmarktstatistik der Bundesagentur für Arbeit;JAHR;Jahr;2021;DLAND;Bundesländer;02;Hamburg;;;;;80395;Anzahl;ERWP06;Arbeitslose
13211;Arbeitsmarktstatistik der Bundesagentur für Arbeit;JAHR;Jahr;2021;DLAND;Bundesländer;02;Hamburg;;;;;8,3;Prozent;ERWP09;Arbeitslosenquote bez. abh. zivile Erwerbspers.
13211;Arbeitsmarktstatistik der Bundesagentur für Arbeit;JAHR;Jahr;2021;DLAND;Bundesländer;02;Hamburg;;;;;7,5;Prozent;ERWP10;Arbeitslosenquote bez. auf alle zivile Erwerbsp.
13211;Arbeitsmarktstatistik der Bundesagentur für Arbeit;JAHR;Jahr;2023;DLAND;Bundesländer;11;Berlin;;;;;187930;Anzahl;ERWP06;Arbeitslose
13211;Arbeitsmarktstatistik der Bundesagentur für Arbeit;JAHR;Jahr;2023;DLAND;Bundesländer;11;Berlin;;;;;10,4;Prozent;ERWP09;Arbeitslosenquote bez. abh. zivile Erwerbspers.
13211;Arbeitsmarktstatistik der Bundesagentur für Arbeit;JAHR;Jahr;2023;DLAND;Bundesländer;11;Berlin;;;;;9,1;Prozent;ERWP10;Arbeitslosenquote bez. auf alle zivile Erwerbsp.
13211;Arbeitsmarktstatistik der Bundesagentur für Arbeit;JAHR;Jahr;2017;DLAND;Bundesländer;08;Baden-Württemberg;;;;;212837;Anzahl;ERWP06;Arbeitslose
13211;Arbeitsmarktstatistik der Bundesagentur für Arbeit;JAHR;Jahr;2017;DLAND;Bundesländer;08;Baden-Württemberg;;;;;3,9;Prozent;ERWP09;Arbeitslosenquote bez. abh. zivile Erwerbspers.
13211;Arbeitsmarktstatistik der Bundesagentur für Arbeit;JAHR;Jahr;2017;DLAND;Bundesländer;08;Baden-Württemberg;;;;;3,5;Prozent;ERWP10;Arbeitslosenquote bez. auf alle zivile Erwerbsp.
13211;Arbeitsmarktstatistik der Bundesagentur für Arbeit;JAHR;Jahr;2025;DLAND;Bundesländer;09;Bayern;;;;;315289;Anzahl;ERWP06;Arbeitslose
13211;Arbeitsmarktstatistik der Bundesagentur für Arbeit;JAHR;Jahr;2025;DLAND;Bundesländer;09;Bayern;;;;;4,4;Prozent;ERWP09;Arbeitslosenquote bez. abh. zivile Erwerbspers.
13211;Arbeitsmarktstatistik der Bundesagentur für Arbeit;JAHR;Jahr;2025;DLAND;Bundesländer;09;Bayern;;;;;4,0;Prozent;ERWP10;Arbeitslosenquote bez. auf alle zivile Erwerbsp.
13211;Arbeitsmarktstatistik der Bundesagentur für Arbeit;JAHR;Jahr;2023;DLAND;Bundesländer;16;Thüringen;;;;;64978;Anzahl;ERWP06;Arbeitslose
13211;Arbeitsmarktstatistik der Bundesagentur für Arbeit;JAHR;Jahr;2023;DLAND;Bundesländer;16;Thüringen;;;;;6,4;Prozent;ERWP09;Arbeitslosenquote bez. abh. zivile Erwerbspers.
13211;Arbeitsmarktstatistik der Bundesagentur für Arbeit;JAHR;Jahr;2023;DLAND;Bundesländer;16;Thüringen;;;;;5,9;Prozent;ERWP10;Arbeitslosenquote bez. auf alle zivile Erwerbsp.
13211;Arbeitsmarktstatistik der Bundesagentur für Arbeit;JAHR;Jahr;2020;DLAND;Bundesländer;07;Rheinland-Pfalz;;;;;117912;Anzahl;ERWP06;Arbeitslose
13211;Arbeitsmarktstatistik der Bundesagentur für Arbeit;JAHR;Jahr;2020;DLAND;Bundesländer;07;Rheinland-Pfalz;;;;;5,7;Prozent;ERWP09;Arbeitslosenquote bez. abh. zivile Erwerbspers.
13211;Arbeitsmarktstatistik der Bundesagentur für Arbeit;JAHR;Jahr;2020;DLAND;Bundesländer;07;Rheinland-Pfalz;;;;;5,2;Prozent;ERWP10;Arbeitslosenquote bez. auf alle zivile Erwerbsp.
13211;Arbeitsmarktstatistik der Bundesagentur für Arbeit;JAHR;Jahr;2017;DLAND;Bundesländer;04;Bremen;;;;;35687;Anzahl;ERWP06;Arbeitslose
13211;Arbeitsmarktstatistik der Bundesagentur für Arbeit;JAHR;Jahr;2017;DLAND;Bundesländer;04;Bremen;;;;;11,2;Prozent;ERWP09;Arbeitslosenquote bez. abh. zivile Erwerbspers.
13211;Arbeitsmarktstatistik der Bundesagentur für Arbeit;JAHR;Jahr;2017;DLAND;Bundesländer;04;Bremen;;;;;10,2;Prozent;ERWP10;Arbeitslosenquote bez. auf alle zivile Erwerbsp.
13211;Arbeitsmarktstatistik der Bundesagentur für Arbeit;JAHR;Jahr;2025;DLAND;Bundesländer;05;Nordrhein-Westfalen;;;;;783416;Anzahl;ERWP06;Arbeitslose
13211;Arbeitsmarktstatistik der Bundesagentur für Arbeit;JAHR;Jahr;2025;DLAND;Bundesländer;05;Nordrhein-Westfalen;;;;;8,4;Prozent;ERWP09;Arbeitslosenquote bez. abh. zivile Erwerbspers.
13211;Arbeitsmarktstatistik der Bundesagentur für Arbeit;JAHR;Jahr;2025;DLAND;Bundesländer;05;Nordrhein-Westfalen;;;;;7,8;Prozent;ERWP10;Arbeitslosenquote bez. auf alle zivile Erwerbsp.
13211;Arbeitsmarktstatistik der Bundesagentur für Arbeit;JAHR;Jahr;2018;DLAND;Bundesländer;03;Niedersachsen;;;;;227834;Anzahl;ERWP06;Arbeitslose
13211;Arbeitsmarktstatistik der Bundesagentur für Arbeit;JAHR;Jahr;2018;DLAND;Bundesländer;03;Niedersachsen;;;;;5,8;Prozent;ERWP09;Arbeitslosenquote bez. abh. zivile Erwerbspers.
13211;Arbeitsmarktstatistik der Bundesagentur für Arbeit;JAHR;Jahr;2018;DLAND;Bundesländer;03;Niedersachsen;;;;;5,3;Prozent;ERWP10;Arbeitslosenquote bez. auf alle zivile Erwerbsp.
13211;Arbeitsmarktstatistik der Bundesagentur für Arbeit;JAHR;Jahr;2022;DLAND;Bundesländer;15;Sachsen-Anhalt;;;;;77978;Anzahl;ERWP06;Arbeitslose
13211;Arbeitsmarktstatistik der Bundesagentur für Arbeit;JAHR;Jahr;2022;DLAND;Bundesländer;15;Sachsen-Anhalt;;;;;7,6;Prozent;ERWP09;Arbeitslosenquote bez. abh. zivile Erwerbspers.
13211;Arbeitsmarktstatistik der Bundesagentur für Arbeit;JAHR;Jahr;2022;DLAND;Bundesländer;15;Sachsen-Anhalt;;;;;7,1;Prozent;ERWP10;Arbeitslosenquote bez. auf alle zivile Erwerbsp.
13211;Arbeitsmarktstatistik der Bundesagentur für Arbeit;JAHR;Jahr;2024;DLAND;Bundesländer;13;Mecklenburg-Vorpommern;;;;;64944;Anzahl;ERWP06;Arbeitslose
13211;Arbeitsmarktstatistik der Bundesagentur für Arbeit;JAHR;Jahr;2024;DLAND;Bundesländer;13;Mecklenburg-Vorpommern;;;;;8,6;Prozent;ERWP09;Arbeitslosenquote bez. abh. zivile Erwerbspers.
13211;Arbeitsmarktstatistik der Bundesagentur für Arbeit;JAHR;Jahr;2024;DLAND;Bundesländer;13;Mecklenburg-Vorpommern;;;;;7,9;Prozent;ERWP10;Arbeitslosenquote bez. auf alle zivile Erwerbsp.
13211;Arbeitsmarktstatistik der Bundesagentur für Arbeit;JAHR;Jahr;2020;DLAND;Bundesländer;03;Niedersachsen;;;;;251377;Anzahl;ERWP06;Arbeitslose
13211;Arbeitsmarktstatistik der Bundesagentur für Arbeit;JAHR;Jahr;2020;DLAND;Bundesländer;03;Niedersachsen;;;;;6,3;Prozent;ERWP09;Arbeitslosenquote bez. abh. zivile Erwerbspers.
13211;Arbeitsmarktstatistik der Bundesagentur für Arbeit;JAHR;Jahr;2020;DLAND;Bundesländer;03;Niedersachsen;;;;;5,8;Prozent;ERWP10;Arbeitslosenquote bez. auf alle zivile Erwerbsp.
13211;Arbeitsmarktstatistik der Bundesagentur für Arbeit;JAHR;Jahr;2018;DLAND;Bundesländer;07;Rheinland-Pfalz;;;;;98764;Anzahl;ERWP06;Arbeitslose
13211;Arbeitsmarktstatistik der Bundesagentur für Arbeit;JAHR;Jahr;2018;DLAND;Bundesländer;07;Rheinland-Pfalz;;;;;4,9;Prozent;ERWP09;Arbeitslosenquote bez. abh. zivile Erwerbspers.
13211;Arbeitsmarktstatistik der Bundesagentur für Arbeit;JAHR;Jahr;2018;DLAND;Bundesländer;07;Rheinland-Pfalz;;;;;4,4;Prozent;ERWP10;Arbeitslosenquote bez. auf alle zivile Erwerbsp.
13211;Arbeitsmarktstatistik der Bundesagentur für Arbeit;JAHR;Jahr;2024;DLAND;Bundesländer;06;Hessen;;;;;194912;Anzahl;ERWP06;Arbeitslose
13211;Arbeitsmarktstatistik der Bundesagentur für Arbeit;JAHR;Jahr;2024;DLAND;Bundesländer;06;Hessen;;;;;6,1;Prozent;ERWP09;Arbeitslosenquote bez. abh. zivile Erwerbspers.
13211;Arbeitsmarktstatistik der Bundesagentur für Arbeit;JAHR;Jahr;2024;DLAND;Bundesländer;06;Hessen;;;;;5,5;Prozent;ERWP10;Arbeitslosenquote bez. auf alle zivile Erwerbsp.
13211;Arbeitsmarktstatistik der Bundesagentur für Arbeit;JAHR;Jahr;2021;DLAND;Bundesländer;16;Thüringen;;;;;62249;Anzahl;ERWP06;Arbeitslose
13211;Arbeitsmarktstatistik der Bundesagentur für Arbeit;JAHR;Jahr;2021;DLAND;Bundesländer;16;Thüringen;;;;;6,1;Prozent;ERWP09;Arbeitslosenquote bez. abh. zivile Erwerbspers.
13211;Arbeitsmarktstatistik der Bundesagentur für Arbeit;JAHR;Jahr;2021;DLAND;Bundesländer;16;Thüringen;;;;;5,6;Prozent;ERWP10;Arbeitslosenquote bez. auf alle zivile Erwerbsp.
13211;Arbeitsmarktstatistik der Bundesagentur für Arbeit;JAHR;Jahr;2025;DLAND;Bundesländer;12;Brandenburg;;;;;86413;Anzahl;ERWP06;Arbeitslose
13211;Arbeitsmarktstatistik der Bundesagentur für Arbeit;JAHR;Jahr;2025;DLAND;Bundesländer;12;Brandenburg;;;;;6,9;Prozent;ERWP09;Arbeitslosenquote bez. abh. zivile Erwerbspers.
13211;Arbeitsmarktstatistik der Bundesagentur für Arbeit;JAHR;Jahr;2025;DLAND;Bundesländer;12;Brandenburg;;;;;6,4;Prozent;ERWP10;Arbeitslosenquote bez. auf alle zivile Erwerbsp.
13211;Arbeitsmarktstatistik der Bundesagentur für Arbeit;JAHR;Jahr;2019;DLAND;Bundesländer;04;Bremen;;;;;35702;Anzahl;ERWP06;Arbeitslose
13211;Arbeitsmarktstatistik der Bundesagentur für Arbeit;JAHR;Jahr;2019;DLAND;Bundesländer;04;Bremen;;;;;10,9;Prozent;ERWP09;Arbeitslosenquote bez. abh. zivile Erwerbspers.
13211;Arbeitsmarktstatistik der Bundesagentur für Arbeit;JAHR;Jahr;2019;DLAND;Bundesländer;04;Bremen;;;;;9,9;Prozent;ERWP10;Arbeitslosenquote bez. auf alle zivile Erwerbsp.
13211;Arbeitsmarktstatistik der Bundesagentur für Arbeit;JAHR;Jahr;2021;DLAND;Bundesländer;12;Brandenburg;;;;;78463;Anzahl;ERWP06;Arbeitslose
13211;Arbeitsmarktstatistik der Bundesagentur für Arbeit;JAHR;Jahr;2021;DLAND;Bundesländer;12;Brandenburg;;;;;6,5;Prozent;ERWP09;Arbeitslosenquote bez. abh. zivile Erwerbspers.
13211;Arbeitsmarktstatistik der Bundesagentur für Arbeit;JAHR;Jahr;2021;DLAND;Bundesländer;12;Brandenburg;;;;;5,9;Prozent;ERWP10;Arbeitslosenquote bez. auf alle zivile Erwerbsp.
13211;Arbeitsmarktstatistik der Bundesagentur für Arbeit;JAHR;Jahr;2019;DLAND;Bundesländer;08;Baden-Württemberg;;;;;196950;Anzahl;ERWP06;Arbeitslose
13211;Arbeitsmarktstatistik der Bundesagentur für Arbeit;JAHR;Jahr;2019;DLAND;Bundesländer;08;Baden-Württemberg;;;;;3,5;Prozent;ERWP09;Arbeitslosenquote bez. abh. zivile Erwerbspers.
13211;Arbeitsmarktstatistik der Bundesagentur für Arbeit;JAHR;Jahr;2019;DLAND;Bundesländer;08;Baden-Württemberg;;;;;3,2;Prozent;ERWP10;Arbeitslosenquote bez. auf alle zivile Erwerbsp.
13211;Arbeitsmarktstatistik der Bundesagentur für Arbeit;JAHR;Jahr;2017;DLAND;Bundesländer;16;Thüringen;;;;;68614;Anzahl;ERWP06;Arbeitslose
13211;Arbeitsmarktstatistik der Bundesagentur für Arbeit;JAHR;Jahr;2017;DLAND;Bundesländer;16;Thüringen;;;;;6,6;Prozent;ERWP09;Arbeitslosenquote bez. abh. zivile Erwerbspers.
13211;Arbeitsmarktstatistik der Bundesagentur für Arbeit;JAHR;Jahr;2017;DLAND;Bundesländer;16;Thüringen;;;;;6,1;Prozent;ERWP10;Arbeitslosenquote bez. auf alle zivile Erwerbsp.
13211;Arbeitsmarktstatistik der Bundesagentur für Arbeit;JAHR;Jahr;2019;DLAND;Bundesländer;09;Bayern;;;;;211965;Anzahl;ERWP06;Arbeitslose
13211;Arbeitsmarktstatistik der Bundesagentur für Arbeit;JAHR;Jahr;2019;DLAND;Bundesländer;09;Bayern;;;;;3,2;Prozent;ERWP09;Arbeitslosenquote bez. abh. zivile Erwerbspers.
13211;Arbeitsmarktstatistik der Bundesagentur für Arbeit;JAHR;Jahr;2019;DLAND;Bundesländer;09;Bayern;;;;;2,8;Prozent;ERWP10;Arbeitslosenquote bez. auf alle zivile Erwerbsp.
13211;Arbeitsmarktstatistik der Bundesagentur für Arbeit;JAHR;Jahr;2023;DLAND;Bundesländer;05;Nordrhein-Westfalen;;;;;710175;Anzahl;ERWP06;Arbeitslose
13211;Arbeitsmarktstatistik der Bundesagentur für Arbeit;JAHR;Jahr;2023;DLAND;Bundesländer;05;Nordrhein-Westfalen;;;;;7,8;Prozent;ERWP09;Arbeitslosenquote bez. abh. zivile Erwerbspers.
13211;Arbeitsmarktstatistik der Bundesagentur für Arbeit;JAHR;Jahr;2023;DLAND;Bundesländer;05;Nordrhein-Westfalen;;;;;7,2;Prozent;ERWP10;Arbeitslosenquote bez. auf alle zivile Erwerbsp.
13211;Arbeitsmarktstatistik der Bundesagentur für Arbeit;JAHR;Jahr;2017;DLAND;Bundesländer;12;Brandenburg;;;;;92648;Anzahl;ERWP06;Arbeitslose
13211;Arbeitsmarktstatistik der Bundesagentur für Arbeit;JAHR;Jahr;2017;DLAND;Bundesländer;12;Brandenburg;;;;;7,8;Prozent;ERWP09;Arbeitslosenquote bez. abh. zivile Erwerbspers.
13211;Arbeitsmarktstatistik der Bundesagentur für Arbeit;JAHR;Jahr;2017;DLAND;Bundesländer;12;Brandenburg;;;;;7,0;Prozent;ERWP10;Arbeitslosenquote bez. auf alle zivile Erwerbsp.
13211;Arbeitsmarktstatistik der Bundesagentur für Arbeit;JAHR;Jahr;2025;DLAND;Bundesländer;16;Thüringen;;;;;70417;Anzahl;ERWP06;Arbeitslose
13211;Arbeitsmarktstatistik der Bundesagentur für Arbeit;JAHR;Jahr;2025;DLAND;Bundesländer;16;Thüringen;;;;;6,9;Prozent;ERWP09;Arbeitslosenquote bez. abh. zivile Erwerbspers.
13211;Arbeitsmarktstatistik der Bundesagentur für Arbeit;JAHR;Jahr;2025;DLAND;Bundesländer;16;Thüringen;;;;;6,4;Prozent;ERWP10;Arbeitslosenquote bez. auf alle zivile Erwerbsp.
13211;Arbeitsmarktstatistik der Bundesagentur für Arbeit;JAHR;Jahr;2018;DLAND;Bundesländer;10;Saarland;;;;;32233;Anzahl;ERWP06;Arbeitslose
13211;Arbeitsmarktstatistik der Bundesagentur für Arbeit;JAHR;Jahr;2018;DLAND;Bundesländer;10;Saarland;;;;;6,6;Prozent;ERWP09;Arbeitslosenquote bez. abh. zivile Erwerbspers.
13211;Arbeitsmarktstatistik der Bundesagentur für Arbeit;JAHR;Jahr;2018;DLAND;Bundesländer;10;Saarland;;;;;6,1;Prozent;ERWP10;Arbeitslosenquote bez. auf alle zivile Erwerbsp.
13211;Arbeitsmarktstatistik der Bundesagentur für Arbeit;JAHR;Jahr;2023;DLAND;Bundesländer;09;Bayern;;;;;257096;Anzahl;ERWP06;Arbeitslose
13211;Arbeitsmarktstatistik der Bundesagentur für Arbeit;JAHR;Jahr;2023;DLAND;Bundesländer;09;Bayern;;;;;3,7;Prozent;ERWP09;Arbeitslosenquote bez. abh. zivile Erwerbspers.
13211;Arbeitsmarktstatistik der Bundesagentur für Arbeit;JAHR;Jahr;2023;DLAND;Bundesländer;09;Bayern;;;;;3,4;Prozent;ERWP10;Arbeitslosenquote bez. auf alle zivile Erwerbsp.
13211;Arbeitsmarktstatistik der Bundesagentur für Arbeit;JAHR;Jahr;2022;DLAND;Bundesländer;07;Rheinland-Pfalz;;;;;102515;Anzahl;ERWP06;Arbeitslose
13211;Arbeitsmarktstatistik der Bundesagentur für Arbeit;JAHR;Jahr;2022;DLAND;Bundesländer;07;Rheinland-Pfalz;;;;;5,0;Prozent;ERWP09;Arbeitslosenquote bez. abh. zivile Erwerbspers.
13211;Arbeitsmarktstatistik der Bundesagentur für Arbeit;JAHR;Jahr;2022;DLAND;Bundesländer;07;Rheinland-Pfalz;;;;;4,6;Prozent;ERWP10;Arbeitslosenquote bez. auf alle zivile Erwerbsp.
13211;Arbeitsmarktstatistik der Bundesagentur für Arbeit;JAHR;Jahr;2020;DLAND;Bundesländer;11;Berlin;;;;;192644;Anzahl;ERWP06;Arbeitslose
13211;Arbeitsmarktstatistik der Bundesagentur für Arbeit;JAHR;Jahr;2020;DLAND;Bundesländer;11;Berlin;;;;;11,2;Prozent;ERWP09;Arbeitslosenquote bez. abh. zivile Erwerbspers.
13211;Arbeitsmarktstatistik der Bundesagentur für Arbeit;JAHR;Jahr;2020;DLAND;Bundesländer;11;Berlin;;;;;9,7;Prozent;ERWP10;Arbeitslosenquote bez. auf alle zivile Erwerbsp.
13211;Arbeitsmarktstatistik der Bundesagentur für Arbeit;JAHR;Jahr;2018;DLAND;Bundesländer;14;Sachsen;;;;;126310;Anzahl;ERWP06;Arbeitslose
13211;Arbeitsmarktstatistik der Bundesagentur für Arbeit;JAHR;Jahr;2018;DLAND;Bundesländer;14;Sachsen;;;;;6,6;Prozent;ERWP09;Arbeitslosenquote bez. abh. zivile Erwerbspers.
13211;Arbeitsmarktstatistik der Bundesagentur für Arbeit;JAHR;Jahr;2018;DLAND;Bundesländer;14;Sachsen;;;;;6,0;Prozent;ERWP10;Arbeitslosenquote bez. auf alle zivile Erwerbsp.
13211;Arbeitsmarktstatistik der Bundesagentur für Arbeit;JAHR;Jahr;2022;DLAND;Bundesländer;03;Niedersachsen;;;;;230553;Anzahl;ERWP06;Arbeitslose
13211;Arbeitsmarktstatistik der Bundesagentur für Arbeit;JAHR;Jahr;2022;DLAND;Bundesländer;03;Niedersachsen;;;;;5,7;Prozent;ERWP09;Arbeitslosenquote bez. abh. zivile Erwerbspers.
13211;Arbeitsmarktstatistik der Bundesagentur für Arbeit;JAHR;Jahr;2022;DLAND;Bundesländer;03;Niedersachsen;;;;;5,3;Prozent;ERWP10;Arbeitslosenquote bez. auf alle zivile Erwerbsp.
13211;Arbeitsmarktstatistik der Bundesagentur für Arbeit;JAHR;Jahr;2024;DLAND;Bundesländer;02;Hamburg;;;;;88471;Anzahl;ERWP06;Arbeitslose
13211;Arbeitsmarktstatistik der Bundesagentur für Arbeit;JAHR;Jahr;2024;DLAND;Bundesländer;02;Hamburg;;;;;8,8;Prozent;ERWP09;Arbeitslosenquote bez. abh. zivile Erwerbspers.
13211;Arbeitsmarktstatistik der Bundesagentur für Arbeit;JAHR;Jahr;2024;DLAND;Bundesländer;02;Hamburg;;;;;8,0;Prozent;ERWP10;Arbeitslosenquote bez. auf alle zivile Erwerbsp.
13211;Arbeitsmarktstatistik der Bundesagentur für Arbeit;JAHR;Jahr;2020;DLAND;Bundesländer;15;Sachsen-Anhalt;;;;;86110;Anzahl;ERWP06;Arbeitslose
13211;Arbeitsmarktstatistik der Bundesagentur für Arbeit;JAHR;Jahr;2020;DLAND;Bundesländer;15;Sachsen-Anhalt;;;;;8,2;Prozent;ERWP09;Arbeitslosenquote bez. abh. zivile Erwerbspers.
13211;Arbeitsmarktstatistik der Bundesagentur für Arbeit;JAHR;Jahr;2020;DLAND;Bundesländer;15;Sachsen-Anhalt;;;;;7,7;Prozent;ERWP10;Arbeitslosenquote bez. auf alle zivile Erwerbsp.
13211;Arbeitsmarktstatistik der Bundesagentur für Arbeit;JAHR;Jahr;2022;DLAND;Bundesländer;10;Saarland;;;;;33017;Anzahl;ERWP06;Arbeitslose
13211;Arbeitsmarktstatistik der Bundesagentur für Arbeit;JAHR;Jahr;2022;DLAND;Bundesländer;10;Saarland;;;;;6,8;Prozent;ERWP09;Arbeitslosenquote bez. abh. zivile Erwerbspers.
13211;Arbeitsmarktstatistik der Bundesagentur für Arbeit;JAHR;Jahr;2022;DLAND;Bundesländer;10;Saarland;;;;;6,3;Prozent;ERWP10;Arbeitslosenquote bez. auf alle zivile Erwerbsp.
13211;Arbeitsmarktstatistik der Bundesagentur für Arbeit;JAHR;Jahr;2024;DLAND;Bundesländer;14;Sachsen;;;;;139751;Anzahl;ERWP06;Arbeitslose
13211;Arbeitsmarktstatistik der Bundesagentur für Arbeit;JAHR;Jahr;2024;DLAND;Bundesländer;14;Sachsen;;;;;7,1;Prozent;ERWP09;Arbeitslosenquote bez. abh. zivile Erwerbspers.
13211;Arbeitsmarktstatistik der Bundesagentur für Arbeit;JAHR;Jahr;2024;DLAND;Bundesländer;14;Sachsen;;;;;6,5;Prozent;ERWP10;Arbeitslosenquote bez. auf alle zivile Erwerbsp.
13211;Arbeitsmarktstatistik der Bundesagentur für Arbeit;JAHR;Jahr;2021;DLAND;Bundesländer;09;Bayern;;;;;262186;Anzahl;ERWP06;Arbeitslose
13211;Arbeitsmarktstatistik der Bundesagentur für Arbeit;JAHR;Jahr;2021;DLAND;Bundesländer;09;Bayern;;;;;3,8;Prozent;ERWP09;Arbeitslosenquote bez. abh. zivile Erwerbspers.
13211;Arbeitsmarktstatistik der Bundesagentur für Arbeit;JAHR;Jahr;2021;DLAND;Bundesländer;09;Bayern;;;;;3,5;Prozent;ERWP10;Arbeitslosenquote bez. auf alle zivile Erwerbsp.
13211;Arbeitsmarktstatistik der Bundesagentur für Arbeit;JAHR;Jahr;2021;DLAND;Bundesländer;05;Nordrhein-Westfalen;;;;;718220;Anzahl;ERWP06;Arbeitslose
13211;Arbeitsmarktstatistik der Bundesagentur für Arbeit;JAHR;Jahr;2021;DLAND;Bundesländer;05;Nordrhein-Westfalen;;;;;8,0;Prozent;ERWP09;Arbeitslosenquote bez. abh. zivile Erwerbspers.
13211;Arbeitsmarktstatistik der Bundesagentur für Arbeit;JAHR;Jahr;2021;DLAND;Bundesländer;05;Nordrhein-Westfalen;;;;;7,3;Prozent;ERWP10;Arbeitslosenquote bez. auf alle zivile Erwerbsp.
13211;Arbeitsmarktstatistik der Bundesagentur für Arbeit;JAHR;Jahr;2019;DLAND;Bundesländer;12;Brandenburg;;;;;76888;Anzahl;ERWP06;Arbeitslose
13211;Arbeitsmarktstatistik der Bundesagentur für Arbeit;JAHR;Jahr;2019;DLAND;Bundesländer;12;Brandenburg;;;;;6,4;Prozent;ERWP09;Arbeitslosenquote bez. abh. zivile Erwerbspers.
13211;Arbeitsmarktstatistik der Bundesagentur für Arbeit;JAHR;Jahr;2019;DLAND;Bundesländer;12;Brandenburg;;;;;5,8;Prozent;ERWP10;Arbeitslosenquote bez. auf alle zivile Erwerbsp.
13211;Arbeitsmarktstatistik der Bundesagentur für Arbeit;JAHR;Jahr;2017;DLAND;Bundesländer;09;Bayern;;;;;231353;Anzahl;ERWP06;Arbeitslose
13211;Arbeitsmarktstatistik der Bundesagentur für Arbeit;JAHR;Jahr;2017;DLAND;Bundesländer;09;Bayern;;;;;3,6;Prozent;ERWP09;Arbeitslosenquote bez. abh. zivile Erwerbspers.
13211;Arbeitsmarktstatistik der Bundesagentur für Arbeit;JAHR;Jahr;2017;DLAND;Bundesländer;09;Bayern;;;;;3,2;Prozent;ERWP10;Arbeitslosenquote bez. auf alle zivile Erwerbsp.
13211;Arbeitsmarktstatistik der Bundesagentur für Arbeit;JAHR;Jahr;2021;DLAND;Bundesländer;01;Schleswig-Holstein;;;;;88865;Anzahl;ERWP06;Arbeitslose
13211;Arbeitsmarktstatistik der Bundesagentur für Arbeit;JAHR;Jahr;2021;DLAND;Bundesländer;01;Schleswig-Holstein;;;;;6,2;Prozent;ERWP09;Arbeitslosenquote bez. abh. zivile Erwerbspers.
13211;Arbeitsmarktstatistik der Bundesagentur für Arbeit;JAHR;Jahr;2021;DLAND;Bundesländer;01;Schleswig-Holstein;;;;;5,6;Prozent;ERWP10;Arbeitslosenquote bez. auf alle zivile Erwerbsp.
13211;Arbeitsmarktstatistik der Bundesagentur für Arbeit;JAHR;Jahr;2019;DLAND;Bundesländer;16;Thüringen;;;;;59065;Anzahl;ERWP06;Arbeitslose
13211;Arbeitsmarktstatistik der Bundesagentur für Arbeit;JAHR;Jahr;2019;DLAND;Bundesländer;16;Thüringen;;;;;5,7;Prozent;ERWP09;Arbeitslosenquote bez. abh. zivile Erwerbspers.
13211;Arbeitsmarktstatistik der Bundesagentur für Arbeit;JAHR;Jahr;2019;DLAND;Bundesländer;16;Thüringen;;;;;5,3;Prozent;ERWP10;Arbeitslosenquote bez. auf alle zivile Erwerbsp.
13211;Arbeitsmarktstatistik der Bundesagentur für Arbeit;JAHR;Jahr;2023;DLAND;Bundesländer;12;Brandenburg;;;;;78996;Anzahl;ERWP06;Arbeitslose
13211;Arbeitsmarktstatistik der Bundesagentur für Arbeit;JAHR;Jahr;2023;DLAND;Bundesländer;12;Brandenburg;;;;;6,5;Prozent;ERWP09;Arbeitslosenquote bez. abh. zivile Erwerbspers.
13211;Arbeitsmarktstatistik der Bundesagentur für Arbeit;JAHR;Jahr;2023;DLAND;Bundesländer;12;Brandenburg;;;;;5,9;Prozent;ERWP10;Arbeitslosenquote bez. auf alle zivile Erwerbsp.
13211;Arbeitsmarktstatistik der Bundesagentur für Arbeit;JAHR;Jahr;2025;DLAND;Bundesländer;08;Baden-Württemberg;;;;;293713;Anzahl;ERWP06;Arbeitslose
13211;Arbeitsmarktstatistik der Bundesagentur für Arbeit;JAHR;Jahr;2025;DLAND;Bundesländer;08;Baden-Württemberg;;;;;4,9;Prozent;ERWP09;Arbeitslosenquote bez. abh. zivile Erwerbspers.
13211;Arbeitsmarktstatistik der Bundesagentur für Arbeit;JAHR;Jahr;2025;DLAND;Bundesländer;08;Baden-Württemberg;;;;;4,6;Prozent;ERWP10;Arbeitslosenquote bez. auf alle zivile Erwerbsp.
13211;Arbeitsmarktstatistik der Bundesagentur für Arbeit;JAHR;Jahr;2017;DLAND;Bundesländer;05;Nordrhein-Westfalen;;;;;701219;Anzahl;ERWP06;Arbeitslose
13211;Arbeitsmarktstatistik der Bundesagentur für Arbeit;JAHR;Jahr;2017;DLAND;Bundesländer;05;Nordrhein-Westfalen;;;;;8,1;Prozent;ERWP09;Arbeitslosenquote bez. abh. zivile Erwerbspers.
13211;Arbeitsmarktstatistik der Bundesagentur für Arbeit;JAHR;Jahr;2017;DLAND;Bundesländer;05;Nordrhein-Westfalen;;;;;7,4;Prozent;ERWP10;Arbeitslosenquote bez. auf alle zivile Erwerbsp.
13211;Arbeitsmarktstatistik der Bundesagentur für Arbeit;JAHR;Jahr;2023;DLAND;Bundesländer;13;Mecklenburg-Vorpommern;;;;;63191;Anzahl;ERWP06;Arbeitslose
13211;Arbeitsmarktstatistik der Bundesagentur für Arbeit;JAHR;Jahr;2023;DLAND;Bundesländer;13;Mecklenburg-Vorpommern;;;;;8,4;Prozent;ERWP09;Arbeitslosenquote bez. abh. zivile Erwerbspers.
13211;Arbeitsmarktstatistik der Bundesagentur für Arbeit;JAHR;Jahr;2023;DLAND;Bundesländer;13;Mecklenburg-Vorpommern;;;;;7,7;Prozent;ERWP10;Arbeitslosenquote bez. auf alle zivile Erwerbsp.
13211;Arbeitsmarktstatistik der Bundesagentur für Arbeit;JAHR;Jahr;2025;DLAND;Bundesländer;04;Bremen;;;;;43293;Anzahl;ERWP06;Arbeitslose
13211;Arbeitsmarktstatistik der Bundesagentur für Arbeit;JAHR;Jahr;2025;DLAND;Bundesländer;04;Bremen;;;;;12,4;Prozent;ERWP09;Arbeitslosenquote bez. abh. zivile Erwerbspers.
13211;Arbeitsmarktstatistik der Bundesagentur für Arbeit;JAHR;Jahr;2025;DLAND;Bundesländer;04;Bremen;;;;;11,5;Prozent;ERWP10;Arbeitslosenquote bez. auf alle zivile Erwerbsp.
13211;Arbeitsmarktstatistik der Bundesagentur für Arbeit;JAHR;Jahr;2017;DLAND;Bundesländer;01;Schleswig-Holstein;;;;;92434;Anzahl;ERWP06;Arbeitslose
13211;Arbeitsmarktstatistik der Bundesagentur für Arbeit;JAHR;Jahr;2017;DLAND;Bundesländer;01;Schleswig-Holstein;;;;;6,7;Prozent;ERWP09;Arbeitslosenquote bez. abh. zivile Erwerbspers.
13211;Arbeitsmarktstatistik der Bundesagentur für Arbeit;JAHR;Jahr;2017;DLAND;Bundesländer;01;Schleswig-Holstein;;;;;6,0;Prozent;ERWP10;Arbeitslosenquote bez. auf alle zivile Erwerbsp.
13211;Arbeitsmarktstatistik der Bundesagentur für Arbeit;JAHR;Jahr;2020;DLAND;Bundesländer;02;Hamburg;;;;;80677;Anzahl;ERWP06;Arbeitslose
13211;Arbeitsmarktstatistik der Bundesagentur für Arbeit;JAHR;Jahr;2020;DLAND;Bundesländer;02;Hamburg;;;;;8,5;Prozent;ERWP09;Arbeitslosenquote bez. abh. zivile Erwerbspers.
13211;Arbeitsmarktstatistik der Bundesagentur für Arbeit;JAHR;Jahr;2020;DLAND;Bundesländer;02;Hamburg;;;;;7,6;Prozent;ERWP10;Arbeitslosenquote bez. auf alle zivile Erwerbsp.
13211;Arbeitsmarktstatistik der Bundesagentur für Arbeit;JAHR;Jahr;2018;DLAND;Bundesländer;02;Hamburg;;;;;65589;Anzahl;ERWP06;Arbeitslose
13211;Arbeitsmarktstatistik der Bundesagentur für Arbeit;JAHR;Jahr;2018;DLAND;Bundesländer;02;Hamburg;;;;;7,2;Prozent;ERWP09;Arbeitslosenquote bez. abh. zivile Erwerbspers.
13211;Arbeitsmarktstatistik der Bundesagentur für Arbeit;JAHR;Jahr;2018;DLAND;Bundesländer;02;Hamburg;;;;;6,3;Prozent;ERWP10;Arbeitslosenquote bez. auf alle zivile Erwerbsp.
13211;Arbeitsmarktstatistik der Bundesagentur für Arbeit;JAHR;Jahr;2022;DLAND;Bundesländer;16;Thüringen;;;;;58172;Anzahl;ERWP06;Arbeitslose
13211;Arbeitsmarktstatistik der Bundesagentur für Arbeit;JAHR;Jahr;2022;DLAND;Bundesländer;16;Thüringen;;;;;5,8;Prozent;ERWP09;Arbeitslosenquote bez. abh. zivile Erwerbspers.
13211;Arbeitsmarktstatistik der Bundesagentur für Arbeit;JAHR;Jahr;2022;DLAND;Bundesländer;16;Thüringen;;;;;5,3;Prozent;ERWP10;Arbeitslosenquote bez. auf alle zivile Erwerbsp.
13211;Arbeitsmarktstatistik der Bundesagentur für Arbeit;JAHR;Jahr;2020;DLAND;Bundesländer;06;Hessen;;;;;184955;Anzahl;ERWP06;Arbeitslose
13211;Arbeitsmarktstatistik der Bundesagentur für Arbeit;JAHR;Jahr;2020;DLAND;Bundesländer;06;Hessen;;;;;5,9;Prozent;ERWP09;Arbeitslosenquote bez. abh. zivile Erwerbspers.
13211;Arbeitsmarktstatistik der Bundesagentur für Arbeit;JAHR;Jahr;2020;DLAND;Bundesländer;06;Hessen;;;;;5,4;Prozent;ERWP10;Arbeitslosenquote bez. auf alle zivile Erwerbsp.
13211;Arbeitsmarktstatistik der Bundesagentur für Arbeit;JAHR;Jahr;2024;DLAND;Bundesländer;10;Saarland;;;;;37241;Anzahl;ERWP06;Arbeitslose
13211;Arbeitsmarktstatistik der Bundesagentur für Arbeit;JAHR;Jahr;2024;DLAND;Bundesländer;10;Saarland;;;;;7,6;Prozent;ERWP09;Arbeitslosenquote bez. abh. zivile Erwerbspers.
13211;Arbeitsmarktstatistik der Bundesagentur für Arbeit;JAHR;Jahr;2024;DLAND;Bundesländer;10;Saarland;;;;;7,0;Prozent;ERWP10;Arbeitslosenquote bez. auf alle zivile Erwerbsp.
13211;Arbeitsmarktstatistik der Bundesagentur für Arbeit;JAHR;Jahr;2018;DLAND;Bundesländer;06;Hessen;;;;;154337;Anzahl;ERWP06;Arbeitslose
13211;Arbeitsmarktstatistik der Bundesagentur für Arbeit;JAHR;Jahr;2018;DLAND;Bundesländer;06;Hessen;;;;;5,1;Prozent;ERWP09;Arbeitslosenquote bez. abh. zivile Erwerbspers.
13211;Arbeitsmarktstatistik der Bundesagentur für Arbeit;JAHR;Jahr;2018;DLAND;Bundesländer;06;Hessen;;;;;4,6;Prozent;ERWP10;Arbeitslosenquote bez. auf alle zivile Erwerbsp.
13211;Arbeitsmarktstatistik der Bundesagentur für Arbeit;JAHR;Jahr;2022;DLAND;Bundesländer;12;Brandenburg;;;;;74242;Anzahl;ERWP06;Arbeitslose
13211;Arbeitsmarktstatistik der Bundesagentur für Arbeit;JAHR;Jahr;2022;DLAND;Bundesländer;12;Brandenburg;;;;;6,1;Prozent;ERWP09;Arbeitslosenquote bez. abh. zivile Erwerbspers.
13211;Arbeitsmarktstatistik der Bundesagentur für Arbeit;JAHR;Jahr;2022;DLAND;Bundesländer;12;Brandenburg;;;;;5,6;Prozent;ERWP10;Arbeitslosenquote bez. auf alle zivile Erwerbsp.
13211;Arbeitsmarktstatistik der Bundesagentur für Arbeit;JAHR;Jahr;2024;DLAND;Bundesländer;03;Niedersachsen;;;;;263090;Anzahl;ERWP06;Arbeitslose
13211;Arbeitsmarktstatistik der Bundesagentur für Arbeit;JAHR;Jahr;2024;DLAND;Bundesländer;03;Niedersachsen;;;;;6,4;Prozent;ERWP09;Arbeitslosenquote bez. abh. zivile Erwerbspers.
13211;Arbeitsmarktstatistik der Bundesagentur für Arbeit;JAHR;Jahr;2024;DLAND;Bundesländer;03;Niedersachsen;;;;;5,9;Prozent;ERWP10;Arbeitslosenquote bez. auf alle zivile Erwerbsp.
13211;Arbeitsmarktstatistik der Bundesagentur für Arbeit;JAHR;Jahr;2024;DLAND;Bundesländer;07;Rheinland-Pfalz;;;;;120552;Anzahl;ERWP06;Arbeitslose
13211;Arbeitsmarktstatistik der Bundesagentur für Arbeit;JAHR;Jahr;2024;DLAND;Bundesländer;07;Rheinland-Pfalz;;;;;5,7;Prozent;ERWP09;Arbeitslosenquote bez. abh. zivile Erwerbspers.
13211;Arbeitsmarktstatistik der Bundesagentur für Arbeit;JAHR;Jahr;2024;DLAND;Bundesländer;07;Rheinland-Pfalz;;;;;5,3;Prozent;ERWP10;Arbeitslosenquote bez. auf alle zivile Erwerbsp.
13211;Arbeitsmarktstatistik der Bundesagentur für Arbeit;JAHR;Jahr;2025;DLAND;Bundesländer;11;Berlin;;;;;218315;Anzahl;ERWP06;Arbeitslose
13211;Arbeitsmarktstatistik der Bundesagentur für Arbeit;JAHR;Jahr;2025;DLAND;Bundesländer;11;Berlin;;;;;11,6;Prozent;ERWP09;Arbeitslosenquote bez. abh. zivile Erwerbspers.
13211;Arbeitsmarktstatistik der Bundesagentur für Arbeit;JAHR;Jahr;2025;DLAND;Bundesländer;11;Berlin;;;;;10,3;Prozent;ERWP10;Arbeitslosenquote bez. auf alle zivile Erwerbsp.
13211;Arbeitsmarktstatistik der Bundesagentur für Arbeit;JAHR;Jahr;2021;DLAND;Bundesländer;15;Sachsen-Anhalt;;;;;81093;Anzahl;ERWP06;Arbeitslose
13211;Arbeitsmarktstatistik der Bundesagentur für Arbeit;JAHR;Jahr;2021;DLAND;Bundesländer;15;Sachsen-Anhalt;;;;;7,8;Prozent;ERWP09;Arbeitslosenquote bez. abh. zivile Erwerbspers.
13211;Arbeitsmarktstatistik der Bundesagentur für Arbeit;JAHR;Jahr;2021;DLAND;Bundesländer;15;Sachsen-Anhalt;;;;;7,3;Prozent;ERWP10;Arbeitslosenquote bez. auf alle zivile Erwerbsp.
13211;Arbeitsmarktstatistik der Bundesagentur für Arbeit;JAHR;Jahr;2019;DLAND;Bundesländer;03;Niedersachsen;;;;;218123;Anzahl;ERWP06;Arbeitslose
13211;Arbeitsmarktstatistik der Bundesagentur für Arbeit;JAHR;Jahr;2019;DLAND;Bundesländer;03;Niedersachsen;;;;;5,5;Prozent;ERWP09;Arbeitslosenquote bez. abh. zivile Erwerbspers.
13211;Arbeitsmarktstatistik der Bundesagentur für Arbeit;JAHR;Jahr;2019;DLAND;Bundesländer;03;Niedersachsen;;;;;5,0;Prozent;ERWP10;Arbeitslosenquote bez. auf alle zivile Erwerbsp.
13211;Arbeitsmarktstatistik der Bundesagentur für Arbeit;JAHR;Jahr;2021;DLAND;Bundesländer;11;Berlin;;;;;198401;Anzahl;ERWP06;Arbeitslose
13211;Arbeitsmarktstatistik der Bundesagentur für Arbeit;JAHR;Jahr;2021;DLAND;Bundesländer;11;Berlin;;;;;11,3;Prozent;ERWP09;Arbeitslosenquote bez. abh. zivile Erwerbspers.
13211;Arbeitsmarktstatistik der Bundesagentur für Arbeit;JAHR;Jahr;2021;DLAND;Bundesländer;11;Berlin;;;;;9,8;Prozent;ERWP10;Arbeitslosenquote bez. auf alle zivile Erwerbsp.
13211;Arbeitsmarktstatistik der Bundesagentur für Arbeit;JAHR;Jahr;2023;DLAND;Bundesländer;01;Schleswig-Holstein;;;;;87757;Anzahl;ERWP06;Arbeitslose
13211;Arbeitsmarktstatistik der Bundesagentur für Arbeit;JAHR;Jahr;2023;DLAND;Bundesländer;01;Schleswig-Holstein;;;;;6,0;Prozent;ERWP09;Arbeitslosenquote bez. abh. zivile Erwerbspers.
13211;Arbeitsmarktstatistik der Bundesagentur für Arbeit;JAHR;Jahr;2023;DLAND;Bundesländer;01;Schleswig-Holstein;;;;;5,5;Prozent;ERWP10;Arbeitslosenquote bez. auf alle zivile Erwerbsp.
13211;Arbeitsmarktstatistik der Bundesagentur für Arbeit;JAHR;Jahr;2019;DLAND;Bundesländer;07;Rheinland-Pfalz;;;;;97717;Anzahl;ERWP06;Arbeitslose
13211;Arbeitsmarktstatistik der Bundesagentur für Arbeit;JAHR;Jahr;2019;DLAND;Bundesländer;07;Rheinland-Pfalz;;;;;4,8;Prozent;ERWP09;Arbeitslosenquote bez. abh. zivile Erwerbspers.
13211;Arbeitsmarktstatistik der Bundesagentur für Arbeit;JAHR;Jahr;2019;DLAND;Bundesländer;07;Rheinland-Pfalz;;;;;4,3;Prozent;ERWP10;Arbeitslosenquote bez. auf alle zivile Erwerbsp.
13211;Arbeitsmarktstatistik der Bundesagentur für Arbeit;JAHR;Jahr;2023;DLAND;Bundesländer;02;Hamburg;;;;;80806;Anzahl;ERWP06;Arbeitslose
13211;Arbeitsmarktstatistik der Bundesagentur für Arbeit;JAHR;Jahr;2023;DLAND;Bundesländer;02;Hamburg;;;;;8,2;Prozent;ERWP09;Arbeitslosenquote bez. abh. zivile Erwerbspers.
13211;Arbeitsmarktstatistik der Bundesagentur für Arbeit;JAHR;Jahr;2023;DLAND;Bundesländer;02;Hamburg;;;;;7,4;Prozent;ERWP10;Arbeitslosenquote bez. auf alle zivile Erwerbsp.
13211;Arbeitsmarktstatistik der Bundesagentur für Arbeit;JAHR;Jahr;2023;DLAND;Bundesländer;06;Hessen;;;;;181344;Anzahl;ERWP06;Arbeitslose
13211;Arbeitsmarktstatistik der Bundesagentur für Arbeit;JAHR;Jahr;2023;DLAND;Bundesländer;06;Hessen;;;;;5,7;Prozent;ERWP09;Arbeitslosenquote bez. abh. zivile Erwerbspers.
13211;Arbeitsmarktstatistik der Bundesagentur für Arbeit;JAHR;Jahr;2023;DLAND;Bundesländer;06;Hessen;;;;;5,2;Prozent;ERWP10;Arbeitslosenquote bez. auf alle zivile Erwerbsp.
13211;Arbeitsmarktstatistik der Bundesagentur für Arbeit;JAHR;Jahr;2025;DLAND;Bundesländer;15;Sachsen-Anhalt;;;;;88574;Anzahl;ERWP06;Arbeitslose
13211;Arbeitsmarktstatistik der Bundesagentur für Arbeit;JAHR;Jahr;2025;DLAND;Bundesländer;15;Sachsen-Anhalt;;;;;8,5;Prozent;ERWP09;Arbeitslosenquote bez. abh. zivile Erwerbspers.
13211;Arbeitsmarktstatistik der Bundesagentur für Arbeit;JAHR;Jahr;2025;DLAND;Bundesländer;15;Sachsen-Anhalt;;;;;8,0;Prozent;ERWP10;Arbeitslosenquote bez. auf alle zivile Erwerbsp.
13211;Arbeitsmarktstatistik der Bundesagentur für Arbeit;JAHR;Jahr;2017;DLAND;Bundesländer;13;Mecklenburg-Vorpommern;;;;;70982;Anzahl;ERWP06;Arbeitslose
13211;Arbeitsmarktstatistik der Bundesagentur für Arbeit;JAHR;Jahr;2017;DLAND;Bundesländer;13;Mecklenburg-Vorpommern;;;;;9,4;Prozent;ERWP09;Arbeitslosenquote bez. abh. zivile Erwerbspers.
13211;Arbeitsmarktstatistik der Bundesagentur für Arbeit;JAHR;Jahr;2017;DLAND;Bundesländer;13;Mecklenburg-Vorpommern;;;;;8,6;Prozent;ERWP10;Arbeitslosenquote bez. auf alle zivile Erwerbsp.
13211;Arbeitsmarktstatistik der Bundesagentur für Arbeit;JAHR;Jahr;2022;DLAND;Bundesländer;08;Baden-Württemberg;;;;;223119;Anzahl;ERWP06;Arbeitslose
13211;Arbeitsmarktstatistik der Bundesagentur für Arbeit;JAHR;Jahr;2022;DLAND;Bundesländer;08;Baden-Württemberg;;;;;3,9;Prozent;ERWP09;Arbeitslosenquote bez. abh. zivile Erwerbspers.
13211;Arbeitsmarktstatistik der Bundesagentur für Arbeit;JAHR;Jahr;2022;DLAND;Bundesländer;08;Baden-Württemberg;;;;;3,5;Prozent;ERWP10;Arbeitslosenquote bez. auf alle zivile Erwerbsp.
13211;Arbeitsmarktstatistik der Bundesagentur für Arbeit;JAHR;Jahr;2018;DLAND;Bundesländer;13;Mecklenburg-Vorpommern;;;;;64993;Anzahl;ERWP06;Arbeitslose
13211;Arbeitsmarktstatistik der Bundesagentur für Arbeit;JAHR;Jahr;2018;DLAND;Bundesländer;13;Mecklenburg-Vorpommern;;;;;8,6;Prozent;ERWP09;Arbeitslosenquote bez. abh. zivile Erwerbspers.
13211;Arbeitsmarktstatistik der Bundesagentur für Arbeit;JAHR;Jahr;2018;DLAND;Bundesländer;13;Mecklenburg-Vorpommern;;;;;7,9;Prozent;ERWP10;Arbeitslosenquote bez. auf alle zivile Erwerbsp.
13211;Arbeitsmarktstatistik der Bundesagentur für Arbeit;JAHR;Jahr;2020;DLAND;Bundesländer;10;Saarland;;;;;38364;Anzahl;ERWP06;Arbeitslose
13211;Arbeitsmarktstatistik der Bundesagentur für Arbeit;JAHR;Jahr;2020;DLAND;Bundesländer;10;Saarland;;;;;7,8;Prozent;ERWP09;Arbeitslosenquote bez. abh. zivile Erwerbspers.
13211;Arbeitsmarktstatistik der Bundesagentur für Arbeit;JAHR;Jahr;2020;DLAND;Bundesländer;10;Saarland;;;;;7,2;Prozent;ERWP10;Arbeitslosenquote bez. auf alle zivile Erwerbsp.
13211;Arbeitsmarktstatistik der Bundesagentur für Arbeit;JAHR;Jahr;2022;DLAND;Bundesländer;04;Bremen;;;;;37214;Anzahl;ERWP06;Arbeitslose
13211;Arbeitsmarktstatistik der Bundesagentur für Arbeit;JAHR;Jahr;2022;DLAND;Bundesländer;04;Bremen;;;;;11,0;Prozent;ERWP09;Arbeitslosenquote bez. abh. zivile Erwerbspers.
13211;Arbeitsmarktstatistik der Bundesagentur für Arbeit;JAHR;Jahr;2022;DLAND;Bundesländer;04;Bremen;;;;;10,2;Prozent;ERWP10;Arbeitslosenquote bez. auf alle zivile Erwerbsp.
13211;Arbeitsmarktstatistik der Bundesagentur für Arbeit;JAHR;Jahr;2020;DLAND;Bundesländer;14;Sachsen;;;;;128669;Anzahl;ERWP06;Arbeitslose
13211;Arbeitsmarktstatistik der Bundesagentur für Arbeit;JAHR;Jahr;2020;DLAND;Bundesländer;14;Sachsen;;;;;6,7;Prozent;ERWP09;Arbeitslosenquote bez. abh. zivile Erwerbspers.
13211;Arbeitsmarktstatistik der Bundesagentur für Arbeit;JAHR;Jahr;2020;DLAND;Bundesländer;14;Sachsen;;;;;6,1;Prozent;ERWP10;Arbeitslosenquote bez. auf alle zivile Erwerbsp.
13211;Arbeitsmarktstatistik der Bundesagentur für Arbeit;JAHR;Jahr;2022;DLAND;Bundesländer;11;Berlin;;;;;179327;Anzahl;ERWP06;Arbeitslose
13211;Arbeitsmarktstatistik der Bundesagentur für Arbeit;JAHR;Jahr;2022;DLAND;Bundesländer;11;Berlin;;;;;10,1;Prozent;ERWP09;Arbeitslosenquote bez. abh. zivile Erwerbspers.
13211;Arbeitsmarktstatistik der Bundesagentur für Arbeit;JAHR;Jahr;2022;DLAND;Bundesländer;11;Berlin;;;;;8,8;Prozent;ERWP10;Arbeitslosenquote bez. auf alle zivile Erwerbsp.
13211;Arbeitsmarktstatistik der Bundesagentur für Arbeit;JAHR;Jahr;2024;DLAND;Bundesländer;15;Sachsen-Anhalt;;;;;84801;Anzahl;ERWP06;Arbeitslose
13211;Arbeitsmarktstatistik der Bundesagentur für Arbeit;JAHR;Jahr;2024;DLAND;Bundesländer;15;Sachsen-Anhalt;;;;;8,2;Prozent;ERWP09;Arbeitslosenquote bez. abh. zivile Erwerbspers.
13211;Arbeitsmarktstatistik der Bundesagentur für Arbeit;JAHR;Jahr;2024;DLAND;Bundesländer;15;Sachsen-Anhalt;;;;;7,7;Prozent;ERWP10;Arbeitslosenquote bez. auf alle zivile Erwerbsp.
13211;Arbeitsmarktstatistik der Bundesagentur für Arbeit;JAHR;Jahr;2021;DLAND;Bundesländer;08;Baden-Württemberg;;;;;247774;Anzahl;ERWP06;Arbeitslose
13211;Arbeitsmarktstatistik der Bundesagentur für Arbeit;JAHR;Jahr;2021;DLAND;Bundesländer;08;Baden-Württemberg;;;;;4,3;Prozent;ERWP09;Arbeitslosenquote bez. abh. zivile Erwerbspers.
13211;Arbeitsmarktstatistik der Bundesagentur für Arbeit;JAHR;Jahr;2021;DLAND;Bundesländer;08;Baden-Württemberg;;;;;3,9;Prozent;ERWP10;Arbeitslosenquote bez. auf alle zivile Erwerbsp.
13211;Arbeitsmarktstatistik der Bundesagentur für Arbeit;JAHR;Jahr;2019;DLAND;Bundesländer;11;Berlin;;;;;152565;Anzahl;ERWP06;Arbeitslose
13211;Arbeitsmarktstatistik der Bundesagentur für Arbeit;JAHR;Jahr;2019;DLAND;Bundesländer;11;Berlin;;;;;9,1;Prozent;ERWP09;Arbeitslosenquote bez. abh. zivile Erwerbspers.
13211;Arbeitsmarktstatistik der Bundesagentur für Arbeit;JAHR;Jahr;2019;DLAND;Bundesländer;11;Berlin;;;;;7,8;Prozent;ERWP10;Arbeitslosenquote bez. auf alle zivile Erwerbsp.
13211;Arbeitsmarktstatistik der Bundesagentur für Arbeit;JAHR;Jahr;2021;DLAND;Bundesländer;04;Bremen;;;;;39292;Anzahl;ERWP06;Arbeitslose
13211;Arbeitsmarktstatistik der Bundesagentur für Arbeit;JAHR;Jahr;2021;DLAND;Bundesländer;04;Bremen;;;;;11,7;Prozent;ERWP09;Arbeitslosenquote bez. abh. zivile Erwerbspers.
13211;Arbeitsmarktstatistik der Bundesagentur für Arbeit;JAHR;Jahr;2021;DLAND;Bundesländer;04;Bremen;;;;;10,7;Prozent;ERWP10;Arbeitslosenquote bez. auf alle zivile Erwerbsp.
13211;Arbeitsmarktstatistik der Bundesagentur für Arbeit;JAHR;Jahr;2019;DLAND;Bundesländer;15;Sachsen-Anhalt;;;;;80608;Anzahl;ERWP06;Arbeitslose
13211;Arbeitsmarktstatistik der Bundesagentur für Arbeit;JAHR;Jahr;2019;DLAND;Bundesländer;15;Sachsen-Anhalt;;;;;7,7;Prozent;ERWP09;Arbeitslosenquote bez. abh. zivile Erwerbspers.
13211;Arbeitsmarktstatistik der Bundesagentur für Arbeit;JAHR;Jahr;2019;DLAND;Bundesländer;15;Sachsen-Anhalt;;;;;7,1;Prozent;ERWP10;Arbeitslosenquote bez. auf alle zivile Erwerbsp.
13211;Arbeitsmarktstatistik der Bundesagentur für Arbeit;JAHR;Jahr;2025;DLAND;Bundesländer;03;Niedersachsen;;;;;273342;Anzahl;ERWP06;Arbeitslose
13211;Arbeitsmarktstatistik der Bundesagentur für Arbeit;JAHR;Jahr;2025;DLAND;Bundesländer;03;Niedersachsen;;;;;6,6;Prozent;ERWP09;Arbeitslosenquote bez. abh. zivile Erwerbspers.
13211;Arbeitsmarktstatistik der Bundesagentur für Arbeit;JAHR;Jahr;2025;DLAND;Bundesländer;03;Niedersachsen;;;;;6,1;Prozent;ERWP10;Arbeitslosenquote bez. auf alle zivile Erwerbsp.
13211;Arbeitsmarktstatistik der Bundesagentur für Arbeit;JAHR;Jahr;2023;DLAND;Bundesländer;14;Sachsen;;;;;131069;Anzahl;ERWP06;Arbeitslose
13211;Arbeitsmarktstatistik der Bundesagentur für Arbeit;JAHR;Jahr;2023;DLAND;Bundesländer;14;Sachsen;;;;;6,8;Prozent;ERWP09;Arbeitslosenquote bez. abh. zivile Erwerbspers.
13211;Arbeitsmarktstatistik der Bundesagentur für Arbeit;JAHR;Jahr;2023;DLAND;Bundesländer;14;Sachsen;;;;;6,2;Prozent;ERWP10;Arbeitslosenquote bez. auf alle zivile Erwerbsp.
13211;Arbeitsmarktstatistik der Bundesagentur für Arbeit;JAHR;Jahr;2020;DLAND;Bundesländer;09;Bayern;;;;;275075;Anzahl;ERWP06;Arbeitslose
13211;Arbeitsmarktstatistik der Bundesagentur für Arbeit;JAHR;Jahr;2020;DLAND;Bundesländer;09;Bayern;;;;;4,0;Prozent;ERWP09;Arbeitslosenquote bez. abh. zivile Erwerbspers.
13211;Arbeitsmarktstatistik der Bundesagentur für Arbeit;JAHR;Jahr;2020;DLAND;Bundesländer;09;Bayern;;;;;3,6;Prozent;ERWP10;Arbeitslosenquote bez. auf alle zivile Erwerbsp.
13211;Arbeitsmarktstatistik der Bundesagentur für Arbeit;JAHR;Jahr;2017;DLAND;Bundesländer;06;Hessen;;;;;166286;Anzahl;ERWP06;Arbeitslose
13211;Arbeitsmarktstatistik der Bundesagentur für Arbeit;JAHR;Jahr;2017;DLAND;Bundesländer;06;Hessen;;;;;5,6;Prozent;ERWP09;Arbeitslosenquote bez. abh. zivile Erwerbspers.
13211;Arbeitsmarktstatistik der Bundesagentur für Arbeit;JAHR;Jahr;2017;DLAND;Bundesländer;06;Hessen;;;;;5,0;Prozent;ERWP10;Arbeitslosenquote bez. auf alle zivile Erwerbsp.
13211;Arbeitsmarktstatistik der Bundesagentur für Arbeit;JAHR;Jahr;2017;DLAND;Bundesländer;02;Hamburg;;;;;69248;Anzahl;ERWP06;Arbeitslose
13211;Arbeitsmarktstatistik der Bundesagentur für Arbeit;JAHR;Jahr;2017;DLAND;Bundesländer;02;Hamburg;;;;;7,7;Prozent;ERWP09;Arbeitslosenquote bez. abh. zivile Erwerbspers.
13211;Arbeitsmarktstatistik der Bundesagentur für Arbeit;JAHR;Jahr;2017;DLAND;Bundesländer;02;Hamburg;;;;;6,8;Prozent;ERWP10;Arbeitslosenquote bez. auf alle zivile Erwerbsp.
13211;Arbeitsmarktstatistik der Bundesagentur für Arbeit;JAHR;Jahr;2025;DLAND;Bundesländer;07;Rheinland-Pfalz;;;;;126067;Anzahl;ERWP06;Arbeitslose
13211;Arbeitsmarktstatistik der Bundesagentur für Arbeit;JAHR;Jahr;2025;DLAND;Bundesländer;07;Rheinland-Pfalz;;;;;6,0;Prozent;ERWP09;Arbeitslosenquote bez. abh. zivile Erwerbspers.
13211;Arbeitsmarktstatistik der Bundesagentur für Arbeit;JAHR;Jahr;2025;DLAND;Bundesländer;07;Rheinland-Pfalz;;;;;5,5;Prozent;ERWP10;Arbeitslosenquote bez. auf alle zivile Erwerbsp.
13211;Arbeitsmarktstatistik der Bundesagentur für Arbeit;JAHR;Jahr;2020;DLAND;Bundesländer;01;Schleswig-Holstein;;;;;92140;Anzahl;ERWP06;Arbeitslose
13211;Arbeitsmarktstatistik der Bundesagentur für Arbeit;JAHR;Jahr;2020;DLAND;Bundesländer;01;Schleswig-Holstein;;;;;6,5;Prozent;ERWP09;Arbeitslosenquote bez. abh. zivile Erwerbspers.
13211;Arbeitsmarktstatistik der Bundesagentur für Arbeit;JAHR;Jahr;2020;DLAND;Bundesländer;01;Schleswig-Holstein;;;;;5,8;Prozent;ERWP10;Arbeitslosenquote bez. auf alle zivile Erwerbsp.
13211;Arbeitsmarktstatistik der Bundesagentur für Arbeit;JAHR;Jahr;2020;DLAND;Bundesländer;05;Nordrhein-Westfalen;;;;;733740;Anzahl;ERWP06;Arbeitslose
13211;Arbeitsmarktstatistik der Bundesagentur für Arbeit;JAHR;Jahr;2020;DLAND;Bundesländer;05;Nordrhein-Westfalen;;;;;8,2;Prozent;ERWP09;Arbeitslosenquote bez. abh. zivile Erwerbspers.
13211;Arbeitsmarktstatistik der Bundesagentur für Arbeit;JAHR;Jahr;2020;DLAND;Bundesländer;05;Nordrhein-Westfalen;;;;;7,5;Prozent;ERWP10;Arbeitslosenquote bez. auf alle zivile Erwerbsp.
13211;Arbeitsmarktstatistik der Bundesagentur für Arbeit;JAHR;Jahr;2018;DLAND;Bundesländer;05;Nordrhein-Westfalen;;;;;650768;Anzahl;ERWP06;Arbeitslose
13211;Arbeitsmarktstatistik der Bundesagentur für Arbeit;JAHR;Jahr;2018;DLAND;Bundesländer;05;Nordrhein-Westfalen;;;;;7,4;Prozent;ERWP09;Arbeitslosenquote bez. abh. zivile Erwerbspers.
13211;Arbeitsmarktstatistik der Bundesagentur für Arbeit;JAHR;Jahr;2018;DLAND;Bundesländer;05;Nordrhein-Westfalen;;;;;6,8;Prozent;ERWP10;Arbeitslosenquote bez. auf alle zivile Erwerbsp.
13211;Arbeitsmarktstatistik der Bundesagentur für Arbeit;JAHR;Jahr;2022;DLAND;Bundesländer;13;Mecklenburg-Vorpommern;;;;;59571;Anzahl;ERWP06;Arbeitslose
13211;Arbeitsmarktstatistik der Bundesagentur für Arbeit;JAHR;Jahr;2022;DLAND;Bundesländer;13;Mecklenburg-Vorpommern;;;;;7,9;Prozent;ERWP09;Arbeitslosenquote bez. abh. zivile Erwerbspers.
13211;Arbeitsmarktstatistik der Bundesagentur für Arbeit;JAHR;Jahr;2022;DLAND;Bundesländer;13;Mecklenburg-Vorpommern;;;;;7,3;Prozent;ERWP10;Arbeitslosenquote bez. auf alle zivile Erwerbsp.
13211;Arbeitsmarktstatistik der Bundesagentur für Arbeit;JAHR;Jahr;2024;DLAND;Bundesländer;11;Berlin;;;;;203242;Anzahl;ERWP06;Arbeitslose
13211;Arbeitsmarktstatistik der Bundesagentur für Arbeit;JAHR;Jahr;2024;DLAND;Bundesländer;11;Berlin;;;;;11,0;Prozent;ERWP09;Arbeitslosenquote bez. abh. zivile Erwerbspers.
13211;Arbeitsmarktstatistik der Bundesagentur für Arbeit;JAHR;Jahr;2024;DLAND;Bundesländer;11;Berlin;;;;;9,7;Prozent;ERWP10;Arbeitslosenquote bez. auf alle zivile Erwerbsp.
13211;Arbeitsmarktstatistik der Bundesagentur für Arbeit;JAHR;Jahr;2024;DLAND;Bundesländer;04;Bremen;;;;;41116;Anzahl;ERWP06;Arbeitslose
13211;Arbeitsmarktstatistik der Bundesagentur für Arbeit;JAHR;Jahr;2024;DLAND;Bundesländer;04;Bremen;;;;;11,9;Prozent;ERWP09;Arbeitslosenquote bez. abh. zivile Erwerbspers.
13211;Arbeitsmarktstatistik der Bundesagentur für Arbeit;JAHR;Jahr;2024;DLAND;Bundesländer;04;Bremen;;;;;11,1;Prozent;ERWP10;Arbeitslosenquote bez. auf alle zivile Erwerbsp.
13211;Arbeitsmarktstatistik der Bundesagentur für Arbeit;JAHR;Jahr;2018;DLAND;Bundesländer;01;Schleswig-Holstein;;;;;85053;Anzahl;ERWP06;Arbeitslose
13211;Arbeitsmarktstatistik der Bundesagentur für Arbeit;JAHR;Jahr;2018;DLAND;Bundesländer;01;Schleswig-Holstein;;;;;6,1;Prozent;ERWP09;Arbeitslosenquote bez. abh. zivile Erwerbspers.
13211;Arbeitsmarktstatistik der Bundesagentur für Arbeit;JAHR;Jahr;2018;DLAND;Bundesländer;01;Schleswig-Holstein;;;;;5,5;Prozent;ERWP10;Arbeitslosenquote bez. auf alle zivile Erwerbsp.
13211;Arbeitsmarktstatistik der Bundesagentur für Arbeit;JAHR;Jahr;2024;DLAND;Bundesländer;08;Baden-Württemberg;;;;;269990;Anzahl;ERWP06;Arbeitslose
13211;Arbeitsmarktstatistik der Bundesagentur für Arbeit;JAHR;Jahr;2024;DLAND;Bundesländer;08;Baden-Württemberg;;;;;4,6;Prozent;ERWP09;Arbeitslosenquote bez. abh. zivile Erwerbspers.
13211;Arbeitsmarktstatistik der Bundesagentur für Arbeit;JAHR;Jahr;2024;DLAND;Bundesländer;08;Baden-Württemberg;;;;;4,2;Prozent;ERWP10;Arbeitslosenquote bez. auf alle zivile Erwerbsp.
13211;Arbeitsmarktstatistik der Bundesagentur für Arbeit;JAHR;Jahr;2019;DLAND;Bundesländer;02;Hamburg;;;;;64774;Anzahl;ERWP06;Arbeitslose
13211;Arbeitsmarktstatistik der Bundesagentur für Arbeit;JAHR;Jahr;2019;DLAND;Bundesländer;02;Hamburg;;;;;7,0;Prozent;ERWP09;Arbeitslosenquote bez. abh. zivile Erwerbspers.
13211;Arbeitsmarktstatistik der Bundesagentur für Arbeit;JAHR;Jahr;2019;DLAND;Bundesländer;02;Hamburg;;;;;6,1;Prozent;ERWP10;Arbeitslosenquote bez. auf alle zivile Erwerbsp.
13211;Arbeitsmarktstatistik der Bundesagentur für Arbeit;JAHR;Jahr;2025;DLAND;Bundesländer;14;Sachsen;;;;;148747;Anzahl;ERWP06;Arbeitslose
13211;Arbeitsmarktstatistik der Bundesagentur für Arbeit;JAHR;Jahr;2025;DLAND;Bundesländer;14;Sachsen;;;;;7,5;Prozent;ERWP09;Arbeitslosenquote bez. abh. zivile Erwerbspers.
13211;Arbeitsmarktstatistik der Bundesagentur für Arbeit;JAHR;Jahr;2025;DLAND;Bundesländer;14;Sachsen;;;;;6,9;Prozent;ERWP10;Arbeitslosenquote bez. auf alle zivile Erwerbsp.
13211;Arbeitsmarktstatistik der Bundesagentur für Arbeit;JAHR;Jahr;2019;DLAND;Bundesländer;06;Hessen;;;;;149812;Anzahl;ERWP06;Arbeitslose
13211;Arbeitsmarktstatistik der Bundesagentur für Arbeit;JAHR;Jahr;2019;DLAND;Bundesländer;06;Hessen;;;;;4,9;Prozent;ERWP09;Arbeitslosenquote bez. abh. zivile Erwerbspers.
13211;Arbeitsmarktstatistik der Bundesagentur für Arbeit;JAHR;Jahr;2019;DLAND;Bundesländer;06;Hessen;;;;;4,4;Prozent;ERWP10;Arbeitslosenquote bez. auf alle zivile Erwerbsp.
13211;Arbeitsmarktstatistik der Bundesagentur für Arbeit;JAHR;Jahr;2021;DLAND;Bundesländer;14;Sachsen;;;;;124743;Anzahl;ERWP06;Arbeitslose
13211;Arbeitsmarktstatistik der Bundesagentur für Arbeit;JAHR;Jahr;2021;DLAND;Bundesländer;14;Sachsen;;;;;6,5;Prozent;ERWP09;Arbeitslosenquote bez. abh. zivile Erwerbspers.
13211;Arbeitsmarktstatistik der Bundesagentur für Arbeit;JAHR;Jahr;2021;DLAND;Bundesländer;14;Sachsen;;;;;5,9;Prozent;ERWP10;Arbeitslosenquote bez. auf alle zivile Erwerbsp.
13211;Arbeitsmarktstatistik der Bundesagentur für Arbeit;JAHR;Jahr;2025;DLAND;Bundesländer;10;Saarland;;;;;39289;Anzahl;ERWP06;Arbeitslose
13211;Arbeitsmarktstatistik der Bundesagentur für Arbeit;JAHR;Jahr;2025;DLAND;Bundesländer;10;Saarland;;;;;8,0;Prozent;ERWP09;Arbeitslosenquote bez. abh. zivile Erwerbspers.
13211;Arbeitsmarktstatistik der Bundesagentur für Arbeit;JAHR;Jahr;2025;DLAND;Bundesländer;10;Saarland;;;;;7,4;Prozent;ERWP10;Arbeitslosenquote bez. auf alle zivile Erwerbsp.
13211;Arbeitsmarktstatistik der Bundesagentur für Arbeit;JAHR;Jahr;2023;DLAND;Bundesländer;03;Niedersachsen;;;;;251873;Anzahl;ERWP06;Arbeitslose
13211;Arbeitsmarktstatistik der Bundesagentur für Arbeit;JAHR;Jahr;2023;DLAND;Bundesländer;03;Niedersachsen;;;;;6,2;Prozent;ERWP09;Arbeitslosenquote bez. abh. zivile Erwerbspers.
13211;Arbeitsmarktstatistik der Bundesagentur für Arbeit;JAHR;Jahr;2023;DLAND;Bundesländer;03;Niedersachsen;;;;;5,7;Prozent;ERWP10;Arbeitslosenquote bez. auf alle zivile Erwerbsp.
13211;Arbeitsmarktstatistik der Bundesagentur für Arbeit;JAHR;Jahr;2021;DLAND;Bundesländer;10;Saarland;;;;;36156;Anzahl;ERWP06;Arbeitslose
13211;Arbeitsmarktstatistik der Bundesagentur für Arbeit;JAHR;Jahr;2021;DLAND;Bundesländer;10;Saarland;;;;;7,4;Prozent;ERWP09;Arbeitslosenquote bez. abh. zivile Erwerbspers.
13211;Arbeitsmarktstatistik der Bundesagentur für Arbeit;JAHR;Jahr;2021;DLAND;Bundesländer;10;Saarland;;;;;6,8;Prozent;ERWP10;Arbeitslosenquote bez. auf alle zivile Erwerbsp.
13211;Arbeitsmarktstatistik der Bundesagentur für Arbeit;JAHR;Jahr;2017;DLAND;Bundesländer;14;Sachsen;;;;;140348;Anzahl;ERWP06;Arbeitslose
13211;Arbeitsmarktstatistik der Bundesagentur für Arbeit;JAHR;Jahr;2017;DLAND;Bundesländer;14;Sachsen;;;;;7,4;Prozent;ERWP09;Arbeitslosenquote bez. abh. zivile Erwerbspers.
13211;Arbeitsmarktstatistik der Bundesagentur für Arbeit;JAHR;Jahr;2017;DLAND;Bundesländer;14;Sachsen;;;;;6,7;Prozent;ERWP10;Arbeitslosenquote bez. auf alle zivile Erwerbsp.
13211;Arbeitsmarktstatistik der Bundesagentur für Arbeit;JAHR;Jahr;2023;DLAND;Bundesländer;07;Rheinland-Pfalz;;;;;110716;Anzahl;ERWP06;Arbeitslose
13211;Arbeitsmarktstatistik der Bundesagentur für Arbeit;JAHR;Jahr;2023;DLAND;Bundesländer;07;Rheinland-Pfalz;;;;;5,3;Prozent;ERWP09;Arbeitslosenquote bez. abh. zivile Erwerbspers.
13211;Arbeitsmarktstatistik der Bundesagentur für Arbeit;JAHR;Jahr;2023;DLAND;Bundesländer;07;Rheinland-Pfalz;;;;;4,9;Prozent;ERWP10;Arbeitslosenquote bez. auf alle zivile Erwerbsp.
13211;Arbeitsmarktstatistik der Bundesagentur für Arbeit;JAHR;Jahr;2017;DLAND;Bundesländer;10;Saarland;;;;;34672;Anzahl;ERWP06;Arbeitslose
13211;Arbeitsmarktstatistik der Bundesagentur für Arbeit;JAHR;Jahr;2017;DLAND;Bundesländer;10;Saarland;;;;;7,2;Prozent;ERWP09;Arbeitslosenquote bez. abh. zivile Erwerbspers.
13211;Arbeitsmarktstatistik der Bundesagentur für Arbeit;JAHR;Jahr;2017;DLAND;Bundesländer;10;Saarland;;;;;6,7;Prozent;ERWP10;Arbeitslosenquote bez. auf alle zivile Erwerbsp.
13211;Arbeitsmarktstatistik der Bundesagentur für Arbeit;JAHR;Jahr;2022;DLAND;Bundesländer;09;Bayern;;;;;235851;Anzahl;ERWP06;Arbeitslose
13211;Arbeitsmarktstatistik der Bundesagentur für Arbeit;JAHR;Jahr;2022;DLAND;Bundesländer;09;Bayern;;;;;3,4;Prozent;ERWP09;Arbeitslosenquote bez. abh. zivile Erwerbspers.
13211;Arbeitsmarktstatistik der Bundesagentur für Arbeit;JAHR;Jahr;2022;DLAND;Bundesländer;09;Bayern;;;;;3,1;Prozent;ERWP10;Arbeitslosenquote bez. auf alle zivile Erwerbsp.
13211;Arbeitsmarktstatistik der Bundesagentur für Arbeit;JAHR;Jahr;2020;DLAND;Bundesländer;13;Mecklenburg-Vorpommern;;;;;63850;Anzahl;ERWP06;Arbeitslose
13211;Arbeitsmarktstatistik der Bundesagentur für Arbeit;JAHR;Jahr;2020;DLAND;Bundesländer;13;Mecklenburg-Vorpommern;;;;;8,4;Prozent;ERWP09;Arbeitslosenquote bez. abh. zivile Erwerbspers.
13211;Arbeitsmarktstatistik der Bundesagentur für Arbeit;JAHR;Jahr;2020;DLAND;Bundesländer;13;Mecklenburg-Vorpommern;;;;;7,8;Prozent;ERWP10;Arbeitslosenquote bez. auf alle zivile Erwerbsp.
13211;Arbeitsmarktstatistik der Bundesagentur für Arbeit;JAHR;Jahr;2018;DLAND;Bundesländer;12;Brandenburg;;;;;83669;Anzahl;ERWP06;Arbeitslose
13211;Arbeitsmarktstatistik der Bundesagentur für Arbeit;JAHR;Jahr;2018;DLAND;Bundesländer;12;Brandenburg;;;;;7,0;Prozent;ERWP09;Arbeitslosenquote bez. abh. zivile Erwerbspers.
13211;Arbeitsmarktstatistik der Bundesagentur für Arbeit;JAHR;Jahr;2018;DLAND;Bundesländer;12;Brandenburg;;;;;6,3;Prozent;ERWP10;Arbeitslosenquote bez. auf alle zivile Erwerbsp.
13211;Arbeitsmarktstatistik der Bundesagentur für Arbeit;JAHR;Jahr;2022;DLAND;Bundesländer;05;Nordrhein-Westfalen;;;;;668502;Anzahl;ERWP06;Arbeitslose
13211;Arbeitsmarktstatistik der Bundesagentur für Arbeit;JAHR;Jahr;2022;DLAND;Bundesländer;05;Nordrhein-Westfalen;;;;;7,4;Prozent;ERWP09;Arbeitslosenquote bez. abh. zivile Erwerbspers.
13211;Arbeitsmarktstatistik der Bundesagentur für Arbeit;JAHR;Jahr;2022;DLAND;Bundesländer;05;Nordrhein-Westfalen;;;;;6,8;Prozent;ERWP10;Arbeitslosenquote bez. auf alle zivile Erwerbsp.
13211;Arbeitsmarktstatistik der Bundesagentur für Arbeit;JAHR;Jahr;2018;DLAND;Bundesländer;16;Thüringen;;;;;62145;Anzahl;ERWP06;Arbeitslose
13211;Arbeitsmarktstatistik der Bundesagentur für Arbeit;JAHR;Jahr;2018;DLAND;Bundesländer;16;Thüringen;;;;;6,0;Prozent;ERWP09;Arbeitslosenquote bez. abh. zivile Erwerbspers.
13211;Arbeitsmarktstatistik der Bundesagentur für Arbeit;JAHR;Jahr;2018;DLAND;Bundesländer;16;Thüringen;;;;;5,5;Prozent;ERWP10;Arbeitslosenquote bez. auf alle zivile Erwerbsp.
13211;Arbeitsmarktstatistik der Bundesagentur für Arbeit;JAHR;Jahr;2022;DLAND;Bundesländer;01;Schleswig-Holstein;;;;;81564;Anzahl;ERWP06;Arbeitslose
13211;Arbeitsmarktstatistik der Bundesagentur für Arbeit;JAHR;Jahr;2022;DLAND;Bundesländer;01;Schleswig-Holstein;;;;;5,7;Prozent;ERWP09;Arbeitslosenquote bez. abh. zivile Erwerbspers.
13211;Arbeitsmarktstatistik der Bundesagentur für Arbeit;JAHR;Jahr;2022;DLAND;Bundesländer;01;Schleswig-Holstein;;;;;5,2;Prozent;ERWP10;Arbeitslosenquote bez. auf alle zivile Erwerbsp.
13211;Arbeitsmarktstatistik der Bundesagentur für Arbeit;JAHR;Jahr;2024;DLAND;Bundesländer;16;Thüringen;;;;;68768;Anzahl;ERWP06;Arbeitslose
13211;Arbeitsmarktstatistik der Bundesagentur für Arbeit;JAHR;Jahr;2024;DLAND;Bundesländer;16;Thüringen;;;;;6,8;Prozent;ERWP09;Arbeitslosenquote bez. abh. zivile Erwerbspers.
13211;Arbeitsmarktstatistik der Bundesagentur für Arbeit;JAHR;Jahr;2024;DLAND;Bundesländer;16;Thüringen;;;;;6,2;Prozent;ERWP10;Arbeitslosenquote bez. auf alle zivile Erwerbsp.
13211;Arbeitsmarktstatistik der Bundesagentur für Arbeit;JAHR;Jahr;2018;DLAND;Bundesländer;09;Bayern;;;;;214017;Anzahl;ERWP06;Arbeitslose
13211;Arbeitsmarktstatistik der Bundesagentur für Arbeit;JAHR;Jahr;2018;DLAND;Bundesländer;09;Bayern;;;;;3,2;Prozent;ERWP09;Arbeitslosenquote bez. abh. zivile Erwerbspers.
13211;Arbeitsmarktstatistik der Bundesagentur für Arbeit;JAHR;Jahr;2018;DLAND;Bundesländer;09;Bayern;;;;;2,9;Prozent;ERWP10;Arbeitslosenquote bez. auf alle zivile Erwerbsp.
13211;Arbeitsmarktstatistik der Bundesagentur für Arbeit;JAHR;Jahr;2019;DLAND;Bundesländer;10;Saarland;;;;;32854;Anzahl;ERWP06;Arbeitslose
13211;Arbeitsmarktstatistik der Bundesagentur für Arbeit;JAHR;Jahr;2019;DLAND;Bundesländer;10;Saarland;;;;;6,7;Prozent;ERWP09;Arbeitslosenquote bez. abh. zivile Erwerbspers.
13211;Arbeitsmarktstatistik der Bundesagentur für Arbeit;JAHR;Jahr;2019;DLAND;Bundesländer;10;Saarland;;;;;6,2;Prozent;ERWP10;Arbeitslosenquote bez. auf alle zivile Erwerbsp.
13211;Arbeitsmarktstatistik der Bundesagentur für Arbeit;JAHR;Jahr;2019;DLAND;Bundesländer;14;Sachsen;;;;;116051;Anzahl;ERWP06;Arbeitslose
13211;Arbeitsmarktstatistik der Bundesagentur für Arbeit;JAHR;Jahr;2019;DLAND;Bundesländer;14;Sachsen;;;;;6,0;Prozent;ERWP09;Arbeitslosenquote bez. abh. zivile Erwerbspers.
13211;Arbeitsmarktstatistik der Bundesagentur für Arbeit;JAHR;Jahr;2019;DLAND;Bundesländer;14;Sachsen;;;;;5,5;Prozent;ERWP10;Arbeitslosenquote bez. auf alle zivile Erwerbsp.
13211;Arbeitsmarktstatistik der Bundesagentur für Arbeit;JAHR;Jahr;2025;DLAND;Bundesländer;02;Hamburg;;;;;93783;Anzahl;ERWP06;Arbeitslose
13211;Arbeitsmarktstatistik der Bundesagentur für Arbeit;JAHR;Jahr;2025;DLAND;Bundesländer;02;Hamburg;;;;;9,2;Prozent;ERWP09;Arbeitslosenquote bez. abh. zivile Erwerbspers.
13211;Arbeitsmarktstatistik der Bundesagentur für Arbeit;JAHR;Jahr;2025;DLAND;Bundesländer;02;Hamburg;;;;;8,3;Prozent;ERWP10;Arbeitslosenquote bez. auf alle zivile Erwerbsp.
13211;Arbeitsmarktstatistik der Bundesagentur für Arbeit;JAHR;Jahr;2021;DLAND;Bundesländer;07;Rheinland-Pfalz;;;;;112137;Anzahl;ERWP06;Arbeitslose
13211;Arbeitsmarktstatistik der Bundesagentur für Arbeit;JAHR;Jahr;2021;DLAND;Bundesländer;07;Rheinland-Pfalz;;;;;5,4;Prozent;ERWP09;Arbeitslosenquote bez. abh. zivile Erwerbspers.
13211;Arbeitsmarktstatistik der Bundesagentur für Arbeit;JAHR;Jahr;2021;DLAND;Bundesländer;07;Rheinland-Pfalz;;;;;5,0;Prozent;ERWP10;Arbeitslosenquote bez. auf alle zivile Erwerbsp.
13211;Arbeitsmarktstatistik der Bundesagentur für Arbeit;JAHR;Jahr;2023;DLAND;Bundesländer;10;Saarland;;;;;35598;Anzahl;ERWP06;Arbeitslose
13211;Arbeitsmarktstatistik der Bundesagentur für Arbeit;JAHR;Jahr;2023;DLAND;Bundesländer;10;Saarland;;;;;7,3;Prozent;ERWP09;Arbeitslosenquote bez. abh. zivile Erwerbspers.
13211;Arbeitsmarktstatistik der Bundesagentur für Arbeit;JAHR;Jahr;2023;DLAND;Bundesländer;10;Saarland;;;;;6,8;Prozent;ERWP10;Arbeitslosenquote bez. auf alle zivile Erwerbsp.
13211;Arbeitsmarktstatistik der Bundesagentur für Arbeit;JAHR;Jahr;2017;DLAND;Bundesländer;07;Rheinland-Pfalz;;;;;106299;Anzahl;ERWP06;Arbeitslose
13211;Arbeitsmarktstatistik der Bundesagentur für Arbeit;JAHR;Jahr;2017;DLAND;Bundesländer;07;Rheinland-Pfalz;;;;;5,3;Prozent;ERWP09;Arbeitslosenquote bez. abh. zivile Erwerbspers.
13211;Arbeitsmarktstatistik der Bundesagentur für Arbeit;JAHR;Jahr;2017;DLAND;Bundesländer;07;Rheinland-Pfalz;;;;;4,8;Prozent;ERWP10;Arbeitslosenquote bez. auf alle zivile Erwerbsp.
13211;Arbeitsmarktstatistik der Bundesagentur für Arbeit;JAHR;Jahr;2021;DLAND;Bundesländer;03;Niedersachsen;;;;;243021;Anzahl;ERWP06;Arbeitslose
13211;Arbeitsmarktstatistik der Bundesagentur für Arbeit;JAHR;Jahr;2021;DLAND;Bundesländer;03;Niedersachsen;;;;;6,0;Prozent;ERWP09;Arbeitslosenquote bez. abh. zivile Erwerbspers.
13211;Arbeitsmarktstatistik der Bundesagentur für Arbeit;JAHR;Jahr;2021;DLAND;Bundesländer;03;Niedersachsen;;;;;5,5;Prozent;ERWP10;Arbeitslosenquote bez. auf alle zivile Erwerbsp.
